{"type":"FeatureCollection","metadata":{"generated":"2026-07-24T20:07:39Z","total_cameras":229308,"sources":["caltrans","drivebc","iowa_dot","nyc_dot","nzta","opencctv_adelaide","opencctv_aeropuerto-caracas","opencctv_africam","opencctv_airlive","opencctv_airportwebcams","opencctv_airservices","opencctv_alberta","opencctv_alertcalifornia","opencctv_algotraffic","opencctv_amsbih","opencctv_andorra","opencctv_ansan","opencctv_antarctic","opencctv_aopa-nz","opencctv_arcgis_cams","opencctv_arlingtonva","opencctv_arso-si","opencctv_asahan","opencctv_asfinag","opencctv_aspects-holidays","opencctv_astrakhan","opencctv_atv","opencctv_autostrade","opencctv_avamet","opencctv_avistabaleares","opencctv_awi","opencctv_balikesir","opencctv_balticlivecam","opencctv_bandung-pelindung","opencctv_bantul","opencctv_bayerninfo","opencctv_beachcam-il","opencctv_belarus-customs","opencctv_bihamk","opencctv_binhdinh","opencctv_biodic","opencctv_bird-cams","opencctv_birds-il","opencctv_bizkaimove","opencctv_bkom-brno","opencctv_boating-vic","opencctv_bondowoso","opencctv_bpjt","opencctv_busan","opencctv_cairngorm","opencctv_calgary","opencctv_caltrans","opencctv_cam-aero","opencctv_camscape-curated","opencctv_camsecure","opencctv_camstreamer","opencctv_caribbean-ipcamlive","opencctv_castlerock","opencctv_catalonia","opencctv_cayman-port","opencctv_cbr-mlit","opencctv_cbs58","opencctv_cbsdenver","opencctv_ccg-cameras","opencctv_cetsp","opencctv_changwon","opencctv_chile-dgac","opencctv_chinapeak","opencctv_chmi-webcams","opencctv_chungju","opencctv_cic-tenerife","opencctv_cipolletti","opencctv_city-webcams","opencctv_climaaovivo","opencctv_cotrip","opencctv_cumbernauld-airport","opencctv_czech-highways","opencctv_czech-highways-ext","opencctv_daegu","opencctv_daer-rs","opencctv_dars","opencctv_dersp","opencctv_dgt","opencctv_digitraffic","opencctv_dir-est","opencctv_dirce","opencctv_dolnimorava","opencctv_dsat","opencctv_durham","opencctv_dwd-webcams","opencctv_dwr-nakhonsri","opencctv_eaglecrest","opencctv_earthcam","opencctv_ecan","opencctv_ecrmm-udep","opencctv_eismoinfo","opencctv_emsd-kamchatka","opencctv_epic-ski","opencctv_eso-observatories","opencctv_euskadi","opencctv_explore-org","opencctv_faa-weathercams","opencctv_falklands","opencctv_feratel","opencctv_fintraffic","opencctv_florida-beach-cams","opencctv_forecastweather","opencctv_fotowebcam","opencctv_fox13tampa","opencctv_frankfurt-mainziel","opencctv_freecam-ro","opencctv_fws-wildlife","opencctv_geilo-cams","opencctv_geoje","opencctv_geonet","opencctv_gimpo","opencctv_goes-satellite","opencctv_govje","opencctv_goyang","opencctv_grandlyon","opencctv_gray-tv","opencctv_gwangju","opencctv_hak","opencctv_hakai","opencctv_hanshin-expressway","opencctv_hatyai-climate","opencctv_hdontap","opencctv_hdontap-wildlife","opencctv_hillhead","opencctv_himawari","opencctv_hispacams","opencctv_hivis","opencctv_hko-webcams","opencctv_home-solutions-bg","opencctv_hongkong","opencctv_houstontranstar","opencctv_hvo","opencctv_ibb-istanbul","opencctv_ibericam","opencctv_iceland","opencctv_idokep","opencctv_iframe-extract","opencctv_incheon","opencctv_ineter","opencctv_infoclimat","opencctv_informo-madrid","opencctv_inforoute-alsace","opencctv_inforoute05","opencctv_inforoutes06","opencctv_intersaar-saarland","opencctv_iowa-mesonet","opencctv_ipcamlive","opencctv_ipcamlive-global","opencctv_ipgp","opencctv_isle-of-man","opencctv_istanbul-ibb","opencctv_istanbul-ibb-traffic","opencctv_itic","opencctv_itraffic","opencctv_itrafik-jb","opencctv_jakarta","opencctv_jma-volcam","opencctv_jogjakarta","opencctv_jogjaprov","opencctv_jp-airports","opencctv_kahramanmaras","opencctv_kaiho","opencctv_kcscout","opencctv_kenyaaeroclub","opencctv_kg-camera","opencctv_kielcanal","opencctv_kimt","opencctv_king5","opencctv_kingcounty","opencctv_kkr","opencctv_koeln","opencctv_konya","opencctv_kukaj-sk","opencctv_livebeaches-yt","opencctv_livecameras-gr","opencctv_livecameras-ru","opencctv_livespotting","opencctv_luxembourg","opencctv_mackinac","opencctv_maineturnpike","opencctv_manitoba","opencctv_maunakea-observatories","opencctv_mauritius-traffic","opencctv_mazury24","opencctv_mdchart","opencctv_meteogalicia","opencctv_meteoswiss","opencctv_meter-ac","opencctv_middle-east-yt","opencctv_midot","opencctv_mlit-kanto","opencctv_mlit-yamagata","opencctv_moldova-roads","opencctv_moscow","opencctv_msdot","opencctv_mudik","opencctv_myairportcams","opencctv_nadmorski24","opencctv_namibia-webcams","opencctv_naodos-gr","opencctv_nasa-epic","opencctv_nasa-worldview","opencctv_navcanada","opencctv_nbc-montana","opencctv_ndbc-buoycam","opencctv_netherlands-rws","opencctv_netravel","opencctv_newbrunswick","opencctv_newengland","opencctv_newfoundland","opencctv_nexco-japan","opencctv_niigata","opencctv_njta","opencctv_nl-port-webcams","opencctv_nmroads","opencctv_noaa-esrl","opencctv_noirlab","opencctv_northyorks","opencctv_norwaylive","opencctv_novascotia","opencctv_novosibirsk","opencctv_nps","opencctv_nsw","opencctv_nsw-coastal","opencctv_numazu-snow","opencctv_nwt","opencctv_ny511","opencctv_nycdot","opencctv_nysmesonet","opencctv_nzta","opencctv_oceancity","opencctv_oceancity-com","opencctv_ohgo","opencctv_oktraffic","opencctv_ontario","opencctv_opendatahub","opencctv_opensnow","opencctv_opentopia","opencctv_opentrafficcam","opencctv_openwebcamdb","opencctv_opgc","opencctv_oresundsbron","opencctv_osm-webcams","opencctv_ottawa","opencctv_ovsicori","opencctv_pacific-ipcamlive","opencctv_paesaggidigitali","opencctv_panama-canal","opencctv_panocloud-ski","opencctv_panomax","opencctv_pei","opencctv_perisher","opencctv_pgctrip","opencctv_phenocam","opencctv_pictimo","opencctv_pocono-cams","opencctv_pohang","opencctv_portguide","opencctv_portland-or","opencctv_portofla","opencctv_prague-tsk","opencctv_qldtraffic","opencctv_quebec","opencctv_railstream","opencctv_railwebcams","opencctv_recife-cttu","opencctv_resortcams","opencctv_ridot","opencctv_rivergojp","opencctv_road-info-prvs","opencctv_rta-telecom","opencctv_sakura-live-cams","opencctv_saoras","opencctv_sarao","opencctv_saskatchewan","opencctv_satap-sitaf","opencctv_savannah-cams","opencctv_sba-bg","opencctv_scdot","opencctv_sddot","opencctv_sdot","opencctv_seejh","opencctv_sejong","opencctv_selangor-flood","opencctv_siata","opencctv_singapore","opencctv_singapore-weather","opencctv_skaping","opencctv_ski-brownrice","opencctv_skylinewebcams","opencctv_small-cams","opencctv_small-cams-2","opencctv_smithsonian-zoo","opencctv_sochi-camera","opencctv_socrata","opencctv_starvisor","opencctv_state511","opencctv_stringmeteo","opencctv_stv","opencctv_surf-cams","opencctv_surfchex","opencctv_sweden-ski","opencctv_swellmagnet","opencctv_swiss-autobahn","opencctv_swisswebcams","opencctv_tabi-cam","opencctv_taiwan-freeway","opencctv_tallinn","opencctv_tangerang","opencctv_tasikmalaya","opencctv_task-gdansk","opencctv_telpin-argentina","opencctv_terrahd","opencctv_tfl","opencctv_thai-drr","opencctv_tii-ireland","opencctv_tik-estonia","opencctv_tik-latvia","opencctv_tik-lithuania","opencctv_tirol","opencctv_topis-seoul","opencctv_toronto","opencctv_trafficengland","opencctv_traffictt","opencctv_trafficwales","opencctv_trafficwatch-ni","opencctv_trafikverket","opencctv_trafiroutes","opencctv_travelmidwest","opencctv_trinidad-traffic","opencctv_tripcheck","opencctv_tv-singles","opencctv_twipcam","opencctv_txdot","opencctv_uab-bg","opencctv_ukraine-webcams","opencctv_ulsan","opencctv_uludaginfo","opencctv_usace-waterways","opencctv_usap","opencctv_usgs-ashcam","opencctv_vancouver","opencctv_varitech-patagonia","opencctv_vedetta","opencctv_vedrid","opencctv_vegvesen","opencctv_verkeerscentrum","opencctv_vietnam-traffic","opencctv_viewsurf","opencctv_villa-gesell","opencctv_virginia","opencctv_vitoria-gasteiz","opencctv_vvo-dresden","opencctv_wa-coastcams","opencctv_wastateparks","opencctv_weatherbug","opencctv_weatherstem","opencctv_webcam-autoroute","opencctv_webcamera-pl","opencctv_webcamsdemexico","opencctv_webcamtaxi","opencctv_webcoos","opencctv_wetmet","opencctv_wfie","opencctv_whsv","opencctv_windy","opencctv_windy-providers","opencctv_wlbt","opencctv_wolfnet","opencctv_wonju","opencctv_worldcam","opencctv_wowza-streamlock","opencctv_wreg","opencctv_wsdot","opencctv_wsv-waterway","opencctv_wv511","opencctv_xcom-aktau","opencctv_yarnet","opencctv_yorkmaps","opencctv_yukon","opencctv_zdw-krakow","opencctv_zurich-airport","singapore","tfl_london","windy"],"per_source_counts":{"opencctv_airportwebcams":1131,"opencctv_africam":43,"opencctv_airlive":25,"opencctv_surf-cams":14,"opencctv_adelaide":2,"opencctv_aeropuerto-caracas":4,"opencctv_airservices":144,"opencctv_alberta":447,"opencctv_alertcalifornia":1245,"opencctv_algotraffic":678,"opencctv_amsbih":34,"opencctv_andorra":72,"opencctv_ansan":89,"opencctv_ski-brownrice":13,"opencctv_sweden-ski":17,"opencctv_antarctic":4,"opencctv_aopa-nz":68,"opencctv_arcgis_cams":7668,"opencctv_arlingtonva":260,"opencctv_arso-si":59,"opencctv_asahan":10,"opencctv_asfinag":1072,"opencctv_aspects-holidays":1,"opencctv_astrakhan":45,"opencctv_atv":3,"opencctv_autostrade":934,"opencctv_avamet":320,"opencctv_avistabaleares":39,"opencctv_awi":1,"opencctv_balikesir":26,"opencctv_balticlivecam":25,"opencctv_bandung-pelindung":25,"opencctv_bantul":39,"opencctv_bayerninfo":838,"opencctv_belarus-customs":14,"opencctv_bihamk":15,"opencctv_binhdinh":63,"opencctv_beachcam-il":9,"opencctv_biodic":40,"opencctv_bizkaimove":58,"opencctv_bkom-brno":9,"opencctv_boating-vic":102,"opencctv_birds-il":3,"opencctv_bondowoso":18,"opencctv_bpjt":11,"opencctv_busan":333,"opencctv_cairngorm":9,"opencctv_calgary":205,"opencctv_caltrans":248,"opencctv_cam-aero":88,"opencctv_camscape-curated":45,"opencctv_camsecure":231,"opencctv_camstreamer":1784,"opencctv_caribbean-ipcamlive":4,"opencctv_catalonia":130,"opencctv_climaaovivo":155,"opencctv_cayman-port":9,"opencctv_cbr-mlit":11,"opencctv_cbs58":6,"opencctv_cbsdenver":12,"opencctv_ccg-cameras":43,"opencctv_cetsp":10,"opencctv_changwon":138,"opencctv_chile-dgac":98,"opencctv_chinapeak":5,"opencctv_chmi-webcams":81,"opencctv_chungju":55,"opencctv_cic-tenerife":96,"opencctv_cipolletti":7,"opencctv_luxembourg":94,"opencctv_city-webcams":30,"opencctv_cotrip":834,"opencctv_tii-ireland":234,"opencctv_castlerock":4798,"opencctv_cumbernauld-airport":12,"opencctv_czech-highways":48,"opencctv_czech-highways-ext":21,"opencctv_daegu":170,"opencctv_daer-rs":18,"opencctv_dars":600,"opencctv_dersp":20,"opencctv_dgt":1772,"opencctv_digitraffic":554,"opencctv_dir-est":34,"opencctv_dirce":32,"opencctv_dolnimorava":4,"opencctv_dsat":111,"opencctv_dwd-webcams":8,"opencctv_dwr-nakhonsri":14,"opencctv_eaglecrest":5,"opencctv_earthcam":249,"opencctv_durham":29,"opencctv_eismoinfo":313,"opencctv_ecan":4,"opencctv_ecrmm-udep":1,"opencctv_emsd-kamchatka":25,"opencctv_nasa-epic":2,"opencctv_epic-ski":66,"opencctv_eso-observatories":10,"opencctv_euskadi":120,"opencctv_explore-org":149,"opencctv_faa-weathercams":3269,"opencctv_falklands":2,"opencctv_feratel":856,"opencctv_fintraffic":22,"opencctv_florida-beach-cams":25,"opencctv_forecastweather":174,"opencctv_fotowebcam":314,"opencctv_fox13tampa":10,"opencctv_frankfurt-mainziel":24,"opencctv_freecam-ro":34,"opencctv_fws-wildlife":2,"opencctv_geilo-cams":8,"opencctv_geoje":50,"opencctv_geonet":11,"opencctv_gimpo":63,"opencctv_goes-satellite":16,"opencctv_govje":10,"opencctv_goyang":169,"opencctv_grandlyon":14,"opencctv_gray-tv":22,"opencctv_gwangju":123,"opencctv_hak":64,"opencctv_hakai":13,"opencctv_hanshin-expressway":17,"opencctv_hatyai-climate":1,"opencctv_hdontap":82,"opencctv_hdontap-wildlife":45,"opencctv_hillhead":3,"opencctv_himawari":7,"opencctv_hispacams":50,"opencctv_hivis":857,"opencctv_hko-webcams":34,"opencctv_home-solutions-bg":4,"opencctv_hongkong":987,"opencctv_houstontranstar":1142,"opencctv_hvo":16,"opencctv_ibb-istanbul":374,"opencctv_ibericam":12,"opencctv_iceland":178,"opencctv_idokep":1,"opencctv_iframe-extract":245,"opencctv_incheon":224,"opencctv_ineter":14,"opencctv_infoclimat":201,"opencctv_informo-madrid":352,"opencctv_inforoute-alsace":12,"opencctv_inforoute05":41,"opencctv_inforoutes06":97,"opencctv_intersaar-saarland":13,"opencctv_iowa-mesonet":6,"opencctv_ipcamlive":115,"opencctv_ipcamlive-global":333,"opencctv_ipgp":9,"opencctv_isle-of-man":15,"opencctv_istanbul-ibb":9,"opencctv_istanbul-ibb-traffic":1,"opencctv_itic":155,"opencctv_itraffic":569,"opencctv_itrafik-jb":22,"opencctv_jakarta":571,"opencctv_jma-volcam":90,"opencctv_jogjakarta":127,"opencctv_jogjaprov":543,"opencctv_jp-airports":2,"opencctv_kahramanmaras":21,"opencctv_kaiho":72,"opencctv_kcscout":181,"opencctv_kenyaaeroclub":109,"opencctv_kg-camera":19,"opencctv_kielcanal":2,"opencctv_kimt":5,"opencctv_king5":4,"opencctv_kingcounty":53,"opencctv_kkr":318,"opencctv_koeln":24,"opencctv_konya":40,"opencctv_kukaj-sk":60,"opencctv_livebeaches-yt":10,"opencctv_livecameras-gr":38,"opencctv_livecameras-ru":7,"opencctv_livespotting":94,"opencctv_mackinac":5,"opencctv_mauritius-traffic":38,"opencctv_mazury24":51,"opencctv_maineturnpike":22,"opencctv_maunakea-observatories":15,"opencctv_manitoba":40,"opencctv_mdchart":541,"opencctv_middle-east-yt":6,"opencctv_meteogalicia":31,"opencctv_meteoswiss":35,"opencctv_meter-ac":47,"opencctv_midot":636,"opencctv_mlit-kanto":68,"opencctv_mlit-yamagata":17,"opencctv_moldova-roads":13,"opencctv_moscow":2,"opencctv_msdot":111,"opencctv_mudik":136,"opencctv_myairportcams":514,"opencctv_nadmorski24":65,"opencctv_namibia-webcams":12,"opencctv_naodos-gr":6,"opencctv_navcanada":671,"opencctv_newbrunswick":57,"opencctv_nbc-montana":1,"opencctv_ndbc-buoycam":83,"opencctv_newengland":350,"opencctv_netherlands-rws":25,"opencctv_netravel":363,"opencctv_nexco-japan":131,"opencctv_niigata":175,"opencctv_njta":136,"opencctv_newfoundland":47,"opencctv_nl-port-webcams":9,"opencctv_nmroads":178,"opencctv_northyorks":24,"opencctv_norwaylive":8,"opencctv_novosibirsk":9,"opencctv_nps":20,"opencctv_novascotia":53,"opencctv_small-cams-2":87,"opencctv_noaa-esrl":7,"opencctv_noirlab":4,"opencctv_nsw":194,"opencctv_nsw-coastal":24,"opencctv_numazu-snow":15,"opencctv_nwt":3,"opencctv_ny511":1833,"opencctv_nycdot":80,"opencctv_nysmesonet":162,"opencctv_nzta":259,"opencctv_oceancity":43,"opencctv_oceancity-com":16,"opencctv_ohgo":119,"opencctv_oktraffic":31,"opencctv_ontario":898,"opencctv_opendatahub":1026,"opencctv_opensnow":1251,"opencctv_opentopia":635,"opencctv_openwebcamdb":894,"opencctv_opgc":2,"opencctv_oresundsbron":2,"opencctv_osm-webcams":2197,"opencctv_opentrafficcam":2684,"opencctv_ottawa":296,"opencctv_ovsicori":6,"opencctv_pacific-ipcamlive":2,"opencctv_paesaggidigitali":13,"opencctv_panama-canal":5,"opencctv_panocloud-ski":24,"opencctv_panomax":601,"opencctv_pei":7,"opencctv_perisher":12,"opencctv_pgctrip":45,"opencctv_phenocam":891,"opencctv_pictimo":13,"opencctv_bird-cams":10,"opencctv_pocono-cams":46,"opencctv_pohang":144,"opencctv_portguide":10,"opencctv_portland-or":347,"opencctv_portofla":1,"opencctv_prague-tsk":60,"opencctv_qldtraffic":261,"opencctv_quebec":2,"opencctv_railstream":13,"opencctv_railwebcams":1,"opencctv_recife-cttu":22,"opencctv_resortcams":64,"opencctv_ridot":138,"opencctv_rivergojp":10628,"opencctv_road-info-prvs":1320,"opencctv_rta-telecom":50,"opencctv_state511":26194,"opencctv_sakura-live-cams":92,"opencctv_saoras":4,"opencctv_sarao":4,"opencctv_satap-sitaf":23,"opencctv_savannah-cams":39,"opencctv_sba-bg":1,"opencctv_scdot":743,"opencctv_sddot":134,"opencctv_sdot":337,"opencctv_seejh":24,"opencctv_sejong":45,"opencctv_selangor-flood":37,"opencctv_singapore-weather":1,"opencctv_siata":190,"opencctv_singapore":90,"opencctv_saskatchewan":53,"opencctv_skaping":800,"opencctv_skylinewebcams":61,"opencctv_smithsonian-zoo":6,"opencctv_sochi-camera":201,"opencctv_swellmagnet":2,"opencctv_small-cams":27,"opencctv_socrata":475,"opencctv_starvisor":8,"opencctv_stringmeteo":26,"opencctv_stv":20,"opencctv_surfchex":44,"opencctv_swiss-autobahn":60,"opencctv_swisswebcams":2985,"opencctv_tabi-cam":24,"opencctv_taiwan-freeway":127,"opencctv_tallinn":6,"opencctv_tangerang":29,"opencctv_tasikmalaya":20,"opencctv_task-gdansk":6,"opencctv_telpin-argentina":7,"opencctv_terrahd":152,"opencctv_tfl":882,"opencctv_thai-drr":49,"opencctv_tik-estonia":134,"opencctv_tik-lithuania":58,"opencctv_tik-latvia":31,"opencctv_tirol":204,"opencctv_travelmidwest":412,"opencctv_topis-seoul":500,"opencctv_toronto":318,"opencctv_trafficengland":2307,"opencctv_traffictt":13,"opencctv_trafficwales":213,"opencctv_trafficwatch-ni":31,"opencctv_trafikverket":1489,"opencctv_trafiroutes":187,"opencctv_trinidad-traffic":9,"opencctv_tripcheck":640,"opencctv_tv-singles":95,"opencctv_twipcam":6013,"opencctv_txdot":3792,"opencctv_uab-bg":9,"opencctv_ukraine-webcams":5,"opencctv_ulsan":232,"opencctv_uludaginfo":7,"opencctv_usace-waterways":3,"opencctv_usap":4,"opencctv_usgs-ashcam":234,"opencctv_virginia":1469,"opencctv_vancouver":124,"opencctv_varitech-patagonia":12,"opencctv_vedetta":153,"opencctv_vedrid":8,"opencctv_vegvesen":710,"opencctv_vietnam-traffic":734,"opencctv_viewsurf":308,"opencctv_villa-gesell":5,"opencctv_vitoria-gasteiz":1,"opencctv_verkeerscentrum":67,"opencctv_vvo-dresden":12,"opencctv_wa-coastcams":5,"opencctv_wastateparks":4,"opencctv_weatherbug":587,"opencctv_weatherstem":828,"opencctv_webcam-autoroute":87,"opencctv_webcamera-pl":460,"opencctv_webcamsdemexico":21,"opencctv_webcamtaxi":13,"opencctv_webcoos":49,"opencctv_wetmet":125,"opencctv_wfie":6,"opencctv_whsv":3,"opencctv_windy":11925,"opencctv_windy-providers":4246,"opencctv_wlbt":4,"opencctv_wolfnet":24,"opencctv_wonju":97,"opencctv_worldcam":7,"opencctv_nasa-worldview":8,"opencctv_wowza-streamlock":34,"opencctv_wreg":2,"opencctv_wsdot":33,"opencctv_wsv-waterway":11,"opencctv_wv511":42,"opencctv_xcom-aktau":17,"opencctv_yarnet":278,"opencctv_yorkmaps":386,"opencctv_yukon":16,"opencctv_zdw-krakow":94,"opencctv_zurich-airport":6,"windy":72019,"caltrans":3304,"nyc_dot":968,"drivebc":1048,"singapore":8,"tfl_london":779,"nzta":249,"iowa_dot":846}},"features":[{"type":"Feature","geometry":{"type":"Point","coordinates":[-106.61,35.04]},"properties":{"id":"opencctv_airportwebcams_airportwebcams-albuquerque-international-airport-1","name":"Albuquerque International Airport (ABQ) (#1)","type":"airport","city":"","country":"US","feedUrl":"https://www.weather.gov/images/abq/webcam/extne_000.jpg","playerUrl":"","streamUrl":"","feedType":"image","source":"opencctv_airportwebcams","directEligible":true,"updateRate":60000}},{"type":"Feature","geometry":{"type":"Point","coordinates":[12.31,44.32]},"properties":{"id":"opencctv_airportwebcams_airportwebcams-ali-di-classe-airfield-1","name":"Ali di Classe Airfield (#1)","type":"airport","city":"","country":"IT","feedUrl":"https://www.alidiclasse.info/public/cam-testata33.jpg?refresh=true","playerUrl":"","streamUrl":"","feedType":"image","source":"opencctv_airportwebcams","directEligible":true,"updateRate":60000}},{"type":"Feature","geometry":{"type":"Point","coordinates":[12.31,44.32]},"properties":{"id":"opencctv_airportwebcams_airportwebcams-ali-di-classe-airfield-2","name":"Ali di Classe Airfield (#2)","type":"airport","city":"","country":"IT","feedUrl":"https://www.alidiclasse.info/public/cam-parcheggio.jpg?refresh=true","playerUrl":"","streamUrl":"","feedType":"image","source":"opencctv_airportwebcams","directEligible":true,"updateRate":60000}},{"type":"Feature","geometry":{"type":"Point","coordinates":[12.31,44.32]},"properties":{"id":"opencctv_airportwebcams_airportwebcams-ali-di-classe-airfield-3","name":"Ali di Classe Airfield (#3)","type":"airport","city":"","country":"IT","feedUrl":"https://www.alidiclasse.info/","playerUrl":"","streamUrl":"","feedType":"iframe","source":"opencctv_airportwebcams","directEligible":false,"updateRate":30000}},{"type":"Feature","geometry":{"type":"Point","coordinates":[133.9,-23.81]},"properties":{"id":"opencctv_airportwebcams_airportwebcams-alice-springs-airport-1","name":"Alice Springs Airport (#1)","type":"airport","city":"","country":"AU","feedUrl":"https://www.alice.skycam.net.au/","playerUrl":"","streamUrl":"","feedType":"iframe","source":"opencctv_airportwebcams","directEligible":false,"updateRate":30000}},{"type":"Feature","geometry":{"type":"Point","coordinates":[-152.62,66.55]},"properties":{"id":"opencctv_airportwebcams_airportwebcams-allakaket-airport-1","name":"Allakaket Airport","type":"airport","city":"","country":"US","feedUrl":"https://weathercams.faa.gov/map/-155.24302,65.85935,-150.01628,66.8301/cameraSite/228/summary","playerUrl":"","streamUrl":"","feedType":"iframe","source":"opencctv_airportwebcams","directEligible":false,"updateRate":30000}},{"type":"Feature","geometry":{"type":"Point","coordinates":[23.37,69.98]},"properties":{"id":"opencctv_airportwebcams_airportwebcams-alta-airport-1","name":"Alta Airport","type":"airport","city":"","country":"NO","feedUrl":"https://portalta.kystnor.no/","playerUrl":"","streamUrl":"","feedType":"iframe","source":"opencctv_airportwebcams","directEligible":false,"updateRate":30000}},{"type":"Feature","geometry":{"type":"Point","coordinates":[12.58,42.57]},"properties":{"id":"opencctv_airportwebcams_airportwebcams-alvaro-leonardi-airport-1","name":"Alvaro Leonardi Airport","type":"airport","city":"","country":"IT","feedUrl":"https://www.climavia.city/CLIMAVIA_AvioTerni/snap.php","playerUrl":"","streamUrl":"","feedType":"iframe","source":"opencctv_airportwebcams","directEligible":false,"updateRate":30000}},{"type":"Feature","geometry":{"type":"Point","coordinates":[129.71,28.43]},"properties":{"id":"opencctv_airportwebcams_airportwebcams-amami-airport-1","name":"Amami Airport (#1)","type":"airport","city":"","country":"JP","feedUrl":"https://www.mbc.co.jp/web-cam/img/cam1-amk.jpg","playerUrl":"","streamUrl":"","feedType":"image","source":"opencctv_airportwebcams","directEligible":true,"updateRate":60000}},{"type":"Feature","geometry":{"type":"Point","coordinates":[-151.74,68.13]},"properties":{"id":"opencctv_airportwebcams_airportwebcams-anaktuvuk-pass-airport-1","name":"Anaktuvuk Pass Airport","type":"airport","city":"","country":"US","feedUrl":"https://weathercams.faa.gov/map/-154.3683,67.483,-149.09486,68.39077/cameraSite/14/summary","playerUrl":"","streamUrl":"","feedType":"iframe","source":"opencctv_airportwebcams","directEligible":false,"updateRate":30000}},{"type":"Feature","geometry":{"type":"Point","coordinates":[-1.18,47.41]},"properties":{"id":"opencctv_airportwebcams_airportwebcams-ancenis-airport-1","name":"Ancenis Airport","type":"airport","city":"","country":"FR","feedUrl":"https://aeroclub-ancenis.fr/webcam/snap/","playerUrl":"","streamUrl":"","feedType":"iframe","source":"opencctv_airportwebcams","directEligible":false,"updateRate":30000}},{"type":"Feature","geometry":{"type":"Point","coordinates":[-134.57,57.5]},"properties":{"id":"opencctv_airportwebcams_airportwebcams-angoon-seaplane-base-1","name":"Angoon Seaplane Base","type":"airport","city":"","country":"US","feedUrl":"https://weathercams.faa.gov/map/-137.18261,56.63715,-131.95587,57.94455/cameraSite/251/summary","playerUrl":"","streamUrl":"","feedType":"iframe","source":"opencctv_airportwebcams","directEligible":false,"updateRate":30000}},{"type":"Feature","geometry":{"type":"Point","coordinates":[8.53,50.29]},"properties":{"id":"opencctv_airportwebcams_airportwebcams-anspach-airfield-1","name":"Anspach Airfield","type":"airport","city":"","country":"DE","feedUrl":"https://webcam.lsc-badhomburg.de/all_cams.php","playerUrl":"","streamUrl":"","feedType":"iframe","source":"opencctv_airportwebcams","directEligible":false,"updateRate":30000}},{"type":"Feature","geometry":{"type":"Point","coordinates":[-160.19,62.65]},"properties":{"id":"opencctv_airportwebcams_airportwebcams-anvik-airport-1","name":"Anvik Airport","type":"airport","city":"","country":"US","feedUrl":"https://weathercams.faa.gov/map/-162.79728,61.87751,-157.57054,62.99703/cameraSite/212/summary","playerUrl":"","streamUrl":"","feedType":"iframe","source":"opencctv_airportwebcams","directEligible":false,"updateRate":30000}},{"type":"Feature","geometry":{"type":"Point","coordinates":[140.69,40.73]},"properties":{"id":"opencctv_airportwebcams_airportwebcams-aomori-airport-2","name":"Aomori Airport (#2)","type":"airport","city":"","country":"JP","feedUrl":"https://www.rab.co.jp/w_camera/cam02.jpg","playerUrl":"","streamUrl":"","feedType":"image","source":"opencctv_airportwebcams","directEligible":true,"updateRate":60000}},{"type":"Feature","geometry":{"type":"Point","coordinates":[-85.03,29.73]},"properties":{"id":"opencctv_airportwebcams_airportwebcams-apalachicola-regional-airport-1","name":"Apalachicola Regional Airport (AAF) (#1)","type":"airport","city":"","country":"US","feedUrl":"https://livestream.weatherstem.com/ad2ae271d36ffbe318a5863ee3ec8db2.mjpg?token=5100be11052cdb16190636889147b7e0","playerUrl":"","streamUrl":"","feedType":"mjpeg","source":"opencctv_airportwebcams","directEligible":false,"updateRate":30000}},{"type":"Feature","geometry":{"type":"Point","coordinates":[-85.03,29.73]},"properties":{"id":"opencctv_airportwebcams_airportwebcams-apalachicola-regional-airport-2","name":"Apalachicola Regional Airport (AAF) (#2)","type":"airport","city":"","country":"US","feedUrl":"https://franklin.weatherstem.com/skycamera/franklin/fswnfranklineoc/fswnfranklineocwsw/snapshot.jpg","playerUrl":"","streamUrl":"","feedType":"image","source":"opencctv_airportwebcams","directEligible":true,"updateRate":60000}},{"type":"Feature","geometry":{"type":"Point","coordinates":[143.66,-38.77]},"properties":{"id":"opencctv_airportwebcams_airportwebcams-apollo-bay-airport-2","name":"Apollo Bay Airport (#2)","type":"airport","city":"","country":"AU","feedUrl":"https://auswebcams.com/YAPO/","playerUrl":"","streamUrl":"","feedType":"iframe","source":"opencctv_airportwebcams","directEligible":false,"updateRate":30000}},{"type":"Feature","geometry":{"type":"Point","coordinates":[11.03,45.17]},"properties":{"id":"opencctv_airportwebcams_airportwebcams-aquile-randagie-airfield-1","name":"Aquile Randagie Airfield (#1)","type":"airport","city":"","country":"IT","feedUrl":"https://admin.meteobridge.com/cam/3202b754b8c060e29509c274cab905f7/camplus.jpg","playerUrl":"","streamUrl":"","feedType":"image","source":"opencctv_airportwebcams","directEligible":true,"updateRate":60000}},{"type":"Feature","geometry":{"type":"Point","coordinates":[11.03,45.17]},"properties":{"id":"opencctv_airportwebcams_airportwebcams-aquile-randagie-airfield-2","name":"Aquile Randagie Airfield (#2)","type":"airport","city":"","country":"IT","feedUrl":"https://www.aquilerandagie.com/webcam.html?_ga=2.11307197.844153077.1646146748-1555082530.1646146748","playerUrl":"","streamUrl":"","feedType":"iframe","source":"opencctv_airportwebcams","directEligible":false,"updateRate":30000}},{"type":"Feature","geometry":{"type":"Point","coordinates":[-1.11,44.6]},"properties":{"id":"opencctv_airportwebcams_airportwebcams-arcachon-la-teste-de-buch-airport-1","name":"Arcachon La Teste De Buch Airport (#1)","type":"airport","city":"","country":"FR","feedUrl":"https://www.pba.asso.fr/le-club/webcam-du-club","playerUrl":"","streamUrl":"","feedType":"iframe","source":"opencctv_airportwebcams","directEligible":false,"updateRate":30000}},{"type":"Feature","geometry":{"type":"Point","coordinates":[-1.11,44.6]},"properties":{"id":"opencctv_airportwebcams_airportwebcams-arcachon-la-teste-de-buch-airport-2","name":"Arcachon La Teste De Buch Airport (#2)","type":"airport","city":"","country":"FR","feedUrl":"https://www.acba-fr.com/sitev3/image/camera/tour.jpg","playerUrl":"","streamUrl":"","feedType":"image","source":"opencctv_airportwebcams","directEligible":true,"updateRate":60000}},{"type":"Feature","geometry":{"type":"Point","coordinates":[-1.11,44.6]},"properties":{"id":"opencctv_airportwebcams_airportwebcams-arcachon-la-teste-de-buch-airport-3","name":"Arcachon La Teste De Buch Airport (#3)","type":"airport","city":"","country":"FR","feedUrl":"https://www.acba-fr.com/sitev3/image/camera/parking.jpg","playerUrl":"","streamUrl":"","feedType":"image","source":"opencctv_airportwebcams","directEligible":true,"updateRate":60000}},{"type":"Feature","geometry":{"type":"Point","coordinates":[-145.58,68.11]},"properties":{"id":"opencctv_airportwebcams_airportwebcams-arctic-village-airport-1","name":"Arctic Village Airport","type":"airport","city":"","country":"US","feedUrl":"https://weathercams.faa.gov/map/-148.20272,67.459,-142.92928,68.3687/cameraSite/268/summary","playerUrl":"","streamUrl":"","feedType":"iframe","source":"opencctv_airportwebcams","directEligible":false,"updateRate":30000}},{"type":"Feature","geometry":{"type":"Point","coordinates":[8.71,58.52]},"properties":{"id":"opencctv_airportwebcams_airportwebcams-arendal-gullknapp-airport-1","name":"Arendal Gullknapp Airport (#1)","type":"airport","city":"","country":"NO","feedUrl":"https://kamera.gullknapp.no/axis/2/kamera2.jpg?d=1518","playerUrl":"","streamUrl":"","feedType":"image","source":"opencctv_airportwebcams","directEligible":true,"updateRate":60000}},{"type":"Feature","geometry":{"type":"Point","coordinates":[8.71,58.52]},"properties":{"id":"opencctv_airportwebcams_airportwebcams-arendal-gullknapp-airport-2","name":"Arendal Gullknapp Airport (#2)","type":"airport","city":"","country":"NO","feedUrl":"https://kamera.gullknapp.no/axis/1/kamera1.jpg?d=1518","playerUrl":"","streamUrl":"","feedType":"image","source":"opencctv_airportwebcams","directEligible":true,"updateRate":60000}},{"type":"Feature","geometry":{"type":"Point","coordinates":[9.01,56.01]},"properties":{"id":"opencctv_airportwebcams_airportwebcams-arnborg-airfield-1","name":"Arnborg Airfield (#1)","type":"airport","city":"","country":"DK","feedUrl":"https://rtsp.me/embed/4SEFEEBA/","playerUrl":"","streamUrl":"","feedType":"iframe","source":"opencctv_airportwebcams","directEligible":false,"updateRate":30000}},{"type":"Feature","geometry":{"type":"Point","coordinates":[12.64,59.67]},"properties":{"id":"opencctv_airportwebcams_airportwebcams-arvika-airport-1","name":"Arvika Airport","type":"airport","city":"","country":"SE","feedUrl":"https://eskv.vercel.app/webcam","playerUrl":"","streamUrl":"","feedType":"iframe","source":"opencctv_airportwebcams","directEligible":false,"updateRate":30000}},{"type":"Feature","geometry":{"type":"Point","coordinates":[9.06,49.94]},"properties":{"id":"opencctv_airportwebcams_airportwebcams-aschaffenburg-airfield-1","name":"Aschaffenburg Airfield (#1)","type":"airport","city":"","country":"DE","feedUrl":"https://www.fscaschaffenburg.de/webcam/Flugplatz-PC12.jpg","playerUrl":"","streamUrl":"","feedType":"image","source":"opencctv_airportwebcams","directEligible":true,"updateRate":60000}},{"type":"Feature","geometry":{"type":"Point","coordinates":[9.06,49.94]},"properties":{"id":"opencctv_airportwebcams_airportwebcams-aschaffenburg-airfield-2","name":"Aschaffenburg Airfield (#2)","type":"airport","city":"","country":"DE","feedUrl":"https://www.ul-flug.de/webcam_large.jpg","playerUrl":"","streamUrl":"","feedType":"image","source":"opencctv_airportwebcams","directEligible":true,"updateRate":60000}},{"type":"Feature","geometry":{"type":"Point","coordinates":[9.06,49.94]},"properties":{"id":"opencctv_airportwebcams_airportwebcams-aschaffenburg-airfield-3","name":"Aschaffenburg Airfield (#3)","type":"airport","city":"","country":"DE","feedUrl":"https://www.fscaschaffenburg.de/webcam/Flugplatz.jpg","playerUrl":"","streamUrl":"","feedType":"image","source":"opencctv_airportwebcams","directEligible":true,"updateRate":60000}},{"type":"Feature","geometry":{"type":"Point","coordinates":[9.06,49.94]},"properties":{"id":"opencctv_airportwebcams_airportwebcams-aschaffenburg-airfield-4","name":"Aschaffenburg Airfield (#4)","type":"airport","city":"","country":"DE","feedUrl":"https://fscaschaffenburg.de/webcam-2/","playerUrl":"","streamUrl":"","feedType":"iframe","source":"opencctv_airportwebcams","directEligible":false,"updateRate":30000}},{"type":"Feature","geometry":{"type":"Point","coordinates":[-99.35,46.02]},"properties":{"id":"opencctv_airportwebcams_airportwebcams-ashley-municipal-airport-1","name":"Ashley Municipal Airport (ASY)","type":"airport","city":"","country":"US","feedUrl":"https://weathercams.faa.gov/map/-99.357765,45.82751,9/cameraSite/723/summary","playerUrl":"","streamUrl":"","feedType":"iframe","source":"opencctv_airportwebcams","directEligible":false,"updateRate":30000}},{"type":"Feature","geometry":{"type":"Point","coordinates":[-106.87,39.22]},"properties":{"id":"opencctv_airportwebcams_airportwebcams-aspen-pitkin-airport-1","name":"Aspen Pitkin Airport (ASE) (#1)","type":"airport","city":"","country":"US","feedUrl":"https://aspen.roundshot.com/power-of-four/","playerUrl":"","streamUrl":"","feedType":"iframe","source":"opencctv_airportwebcams","directEligible":false,"updateRate":30000}},{"type":"Feature","geometry":{"type":"Point","coordinates":[-106.87,39.22]},"properties":{"id":"opencctv_airportwebcams_airportwebcams-aspen-pitkin-airport-2","name":"Aspen Pitkin Airport (ASE) (#2)","type":"airport","city":"","country":"US","feedUrl":"https://weathercams.faa.gov/map/-109.48349,38.07529,-104.25675,39.95518/cameraSite/542/summary","playerUrl":"","streamUrl":"","feedType":"iframe","source":"opencctv_airportwebcams","directEligible":false,"updateRate":30000}},{"type":"Feature","geometry":{"type":"Point","coordinates":[-157.44,70.47]},"properties":{"id":"opencctv_airportwebcams_airportwebcams-atqasuk-airport-1","name":"Atqasuk Airport","type":"airport","city":"","country":"US","feedUrl":"https://weathercams.faa.gov/map/-160.04387,69.85731,-154.81713,70.67424/cameraSite/58/summary","playerUrl":"","streamUrl":"","feedType":"iframe","source":"opencctv_airportwebcams","directEligible":false,"updateRate":30000}},{"type":"Feature","geometry":{"type":"Point","coordinates":[4.37,44.54]},"properties":{"id":"opencctv_airportwebcams_airportwebcams-aubenas-southern-ardeche-airport-1","name":"Aubenas Southern Ardeche Airport (#1)","type":"airport","city":"","country":"FR","feedUrl":"https://webcams.inforoutes.fr/aerodromelanas.jpg","playerUrl":"","streamUrl":"","feedType":"image","source":"opencctv_airportwebcams","directEligible":true,"updateRate":60000}},{"type":"Feature","geometry":{"type":"Point","coordinates":[0.6,43.68]},"properties":{"id":"opencctv_airportwebcams_airportwebcams-auch-gers-airport-1","name":"Auch Gers Airport (#1)","type":"airport","city":"","country":"FR","feedUrl":"https://cam-aero.eu/raspicamaero/LFDH_CentreVelivoleAuch2/img","playerUrl":"","streamUrl":"","feedType":"iframe","source":"opencctv_airportwebcams","directEligible":false,"updateRate":30000}},{"type":"Feature","geometry":{"type":"Point","coordinates":[0.6,43.68]},"properties":{"id":"opencctv_airportwebcams_airportwebcams-auch-gers-airport-2","name":"Auch Gers Airport (#2)","type":"airport","city":"","country":"FR","feedUrl":"https://cam-aero.eu/raspicamaero/LFDH_CentreVelivoleAuch/img","playerUrl":"","streamUrl":"","feedType":"iframe","source":"opencctv_airportwebcams","directEligible":false,"updateRate":30000}},{"type":"Feature","geometry":{"type":"Point","coordinates":[10.93,48.42]},"properties":{"id":"opencctv_airportwebcams_airportwebcams-augsburg-airport-1","name":"Augsburg Airport (#1)","type":"airport","city":"","country":"DE","feedUrl":"https://avs-ev.de/assets/webcam/K07_voll.jpg","playerUrl":"","streamUrl":"","feedType":"image","source":"opencctv_airportwebcams","directEligible":true,"updateRate":60000}},{"type":"Feature","geometry":{"type":"Point","coordinates":[10.93,48.42]},"properties":{"id":"opencctv_airportwebcams_airportwebcams-augsburg-airport-2","name":"Augsburg Airport (#2)","type":"airport","city":"","country":"DE","feedUrl":"https://avs-ev.de/assets/webcam/K25_voll.jpg","playerUrl":"","streamUrl":"","feedType":"image","source":"opencctv_airportwebcams","directEligible":true,"updateRate":60000}},{"type":"Feature","geometry":{"type":"Point","coordinates":[4.26,46.97]},"properties":{"id":"opencctv_airportwebcams_airportwebcams-autun-bellevue-airport-1","name":"Autun Bellevue Airport (#1)","type":"airport","city":"","country":"FR","feedUrl":"https://cam-aero.eu/raspicamaero/LFQF_AeroclubDuMorvan/img","playerUrl":"","streamUrl":"","feedType":"iframe","source":"opencctv_airportwebcams","directEligible":false,"updateRate":30000}},{"type":"Feature","geometry":{"type":"Point","coordinates":[4.26,46.97]},"properties":{"id":"opencctv_airportwebcams_airportwebcams-autun-bellevue-airport-2","name":"Autun Bellevue Airport (#2)","type":"airport","city":"","country":"FR","feedUrl":"https://cam-aero.eu/raspicamaero/LFQF_AeroclubDuMorvan2/img","playerUrl":"","streamUrl":"","feedType":"iframe","source":"opencctv_airportwebcams","directEligible":false,"updateRate":30000}},{"type":"Feature","geometry":{"type":"Point","coordinates":[-1.41,48.66]},"properties":{"id":"opencctv_airportwebcams_airportwebcams-avranches-airfield-1","name":"Avranches Airfield","type":"airport","city":"","country":"FR","feedUrl":"https://www.aeroclub-avranches.org/webcam/index.php","playerUrl":"","streamUrl":"","feedType":"iframe","source":"opencctv_airportwebcams","directEligible":false,"updateRate":30000}},{"type":"Feature","geometry":{"type":"Point","coordinates":[21.26,53.67]},"properties":{"id":"opencctv_airportwebcams_airportwebcams-babieta-airfield-2","name":"Babieta Airfield (#2)","type":"airport","city":"","country":"PL","feedUrl":"https://aero.webcam/cam/epmg2.jpg","playerUrl":"","streamUrl":"","feedType":"image","source":"opencctv_airportwebcams","directEligible":true,"updateRate":60000}},{"type":"Feature","geometry":{"type":"Point","coordinates":[21.26,53.67]},"properties":{"id":"opencctv_airportwebcams_airportwebcams-babieta-airfield-3","name":"Babieta Airfield (#3)","type":"airport","city":"","country":"PL","feedUrl":"https://aero.webcam/cam/epmg1.jpg","playerUrl":"","streamUrl":"","feedType":"image","source":"opencctv_airportwebcams","directEligible":true,"updateRate":60000}},{"type":"Feature","geometry":{"type":"Point","coordinates":[144.43,-37.73]},"properties":{"id":"opencctv_airportwebcams_airportwebcams-bacchus-marsh-airfield-1","name":"Bacchus Marsh Airfield","type":"airport","city":"","country":"AU","feedUrl":"https://www.melbourneglidingclub.com.au/live-webcams","playerUrl":"","streamUrl":"","feedType":"iframe","source":"opencctv_airportwebcams","directEligible":false,"updateRate":30000}},{"type":"Feature","geometry":{"type":"Point","coordinates":[9.46,48.92]},"properties":{"id":"opencctv_airportwebcams_airportwebcams-backnang-heiningen-airport-1","name":"Backnang Heiningen Airport","type":"airport","city":"","country":"DE","feedUrl":"https://www.edsh.de/flugplatz/webcam.html","playerUrl":"","streamUrl":"","feedType":"iframe","source":"opencctv_airportwebcams","directEligible":false,"updateRate":30000}},{"type":"Feature","geometry":{"type":"Point","coordinates":[10.23,50.31]},"properties":{"id":"opencctv_airportwebcams_airportwebcams-bad-neustadt-airfield-1","name":"Bad Neustadt Airfield","type":"airport","city":"","country":"DE","feedUrl":"https://www.aeroclub-bad-neustadt.de/webcam-2","playerUrl":"","streamUrl":"","feedType":"iframe","source":"opencctv_airportwebcams","directEligible":false,"updateRate":30000}},{"type":"Feature","geometry":{"type":"Point","coordinates":[10.23,50.31]},"properties":{"id":"opencctv_airportwebcams_airportwebcams-bad-neustadt-airfield-2","name":"Bad Neustadt Airfield (#2)","type":"airport","city":"","country":"DE","feedUrl":"https://webcam.acnes-edfd.de/","playerUrl":"","streamUrl":"","feedType":"iframe","source":"opencctv_airportwebcams","directEligible":false,"updateRate":30000}},{"type":"Feature","geometry":{"type":"Point","coordinates":[10.62,48.02]},"properties":{"id":"opencctv_airportwebcams_airportwebcams-bad-worishofen-airport-1","name":"Bad Worishofen Airport (#1)","type":"airport","city":"","country":"DE","feedUrl":"https://flugplatz-bad-woerishofen.kassenvideo.de/webcam.jpg","playerUrl":"","streamUrl":"","feedType":"image","source":"opencctv_airportwebcams","directEligible":true,"updateRate":60000}},{"type":"Feature","geometry":{"type":"Point","coordinates":[8.19,48.79]},"properties":{"id":"opencctv_airportwebcams_airportwebcams-baden-oos-airport-1","name":"Baden Oos Airport","type":"airport","city":"","country":"DE","feedUrl":"https://aero-club.eu/public/wordpress/webcam/","playerUrl":"","streamUrl":"","feedType":"iframe","source":"opencctv_airportwebcams","directEligible":false,"updateRate":30000}},{"type":"Feature","geometry":{"type":"Point","coordinates":[-0.38,48.54]},"properties":{"id":"opencctv_airportwebcams_airportwebcams-bagnoles-de-lorne-couterne-airport-1","name":"Bagnoles (#1)","type":"airport","city":"","country":"FR","feedUrl":"https://ac-andaines.atishome.net/webcams/","playerUrl":"","streamUrl":"","feedType":"iframe","source":"opencctv_airportwebcams","directEligible":false,"updateRate":30000}},{"type":"Feature","geometry":{"type":"Point","coordinates":[-0.38,48.54]},"properties":{"id":"opencctv_airportwebcams_airportwebcams-bagnoles-de-lorne-couterne-airport-2","name":"Bagnoles (#2)","type":"airport","city":"","country":"FR","feedUrl":"https://www.aeroclubdandaines.com/","playerUrl":"","streamUrl":"","feedType":"iframe","source":"opencctv_airportwebcams","directEligible":false,"updateRate":30000}},{"type":"Feature","geometry":{"type":"Point","coordinates":[4.43,50.57]},"properties":{"id":"opencctv_airportwebcams_airportwebcams-baisy-thy-airfield-1","name":"Baisy Thy Airfield","type":"airport","city":"","country":"BE","feedUrl":"https://www.ulm.be/fr/webcam","playerUrl":"","streamUrl":"","feedType":"iframe","source":"opencctv_airportwebcams","directEligible":false,"updateRate":30000}},{"type":"Feature","geometry":{"type":"Point","coordinates":[-104.26,46.35]},"properties":{"id":"opencctv_airportwebcams_airportwebcams-baker-municipal-airport-1","name":"Baker Municipal Airport (BHK)","type":"airport","city":"","country":"US","feedUrl":"https://weathercams.faa.gov/map/-106.90732,45.31119,-101.63388,46.98548/cameraSite/821/summary","playerUrl":"","streamUrl":"","feedType":"iframe","source":"opencctv_airportwebcams","directEligible":false,"updateRate":30000}},{"type":"Feature","geometry":{"type":"Point","coordinates":[7.37,53.72]},"properties":{"id":"opencctv_airportwebcams_airportwebcams-baltrum-airport-1","name":"Baltrum Airport","type":"airport","city":"","country":"DE","feedUrl":"https://www.baltrum-flug.de/en/webcam.php","playerUrl":"","streamUrl":"","feedType":"iframe","source":"opencctv_airportwebcams","directEligible":false,"updateRate":30000}},{"type":"Feature","geometry":{"type":"Point","coordinates":[-68.83,44.81]},"properties":{"id":"opencctv_airportwebcams_airportwebcams-bangor-international-airport-1","name":"Bangor International Airport (BGR)","type":"airport","city":"","country":"US","feedUrl":"https://weathercams.faa.gov/map/-68.81423,44.593391999999994,9/cameraSite/808/summary","playerUrl":"","streamUrl":"","feedType":"iframe","source":"opencctv_airportwebcams","directEligible":false,"updateRate":30000}},{"type":"Feature","geometry":{"type":"Point","coordinates":[-98.02,46.94]},"properties":{"id":"opencctv_airportwebcams_airportwebcams-barnes-county-municipal-airport-1","name":"Barnes County Municipal Airport (BAC)","type":"airport","city":"","country":"US","feedUrl":"https://weathercams.faa.gov/map/-100.64894,45.90178,-95.3755,47.55828/cameraSite/842/summary","playerUrl":"","streamUrl":"","feedType":"iframe","source":"opencctv_airportwebcams","directEligible":false,"updateRate":30000}},{"type":"Feature","geometry":{"type":"Point","coordinates":[-156.77,71.28]},"properties":{"id":"opencctv_airportwebcams_airportwebcams-barrow-airport-1","name":"Barrow Airport","type":"airport","city":"","country":"US","feedUrl":"https://weathercams.faa.gov/map/-159.399,70.69151,-154.17226,71.47585/cameraSite/179/summary","playerUrl":"","streamUrl":"","feedType":"iframe","source":"opencctv_airportwebcams","directEligible":false,"updateRate":30000}},{"type":"Feature","geometry":{"type":"Point","coordinates":[10.01,48.75]},"properties":{"id":"opencctv_airportwebcams_airportwebcams-bartholoma-amalienhof-airport-2","name":"Bartholoma Amalienhof Airport (#2)","type":"airport","city":"","country":"DE","feedUrl":"https://www.fg-heubach.de/webcams/","playerUrl":"","streamUrl":"","feedType":"iframe","source":"opencctv_airportwebcams","directEligible":false,"updateRate":30000}},{"type":"Feature","geometry":{"type":"Point","coordinates":[149.65,-33.41]},"properties":{"id":"opencctv_airportwebcams_airportwebcams-bathurst-airport-1","name":"Bathurst Airport (#1)","type":"airport","city":"","country":"AU","feedUrl":"https://bathurst.skycam.net.au/","playerUrl":"","streamUrl":"","feedType":"iframe","source":"opencctv_airportwebcams","directEligible":false,"updateRate":30000}},{"type":"Feature","geometry":{"type":"Point","coordinates":[-70.67,44.99]},"properties":{"id":"opencctv_airportwebcams_airportwebcams-bean-municipal-airport-1","name":"Bean Municipal Airport (#1)","type":"airport","city":"","country":"US","feedUrl":"https://www.rangeleypilots.com/","playerUrl":"","streamUrl":"","feedType":"iframe","source":"opencctv_airportwebcams","directEligible":false,"updateRate":30000}},{"type":"Feature","geometry":{"type":"Point","coordinates":[-70.67,44.99]},"properties":{"id":"opencctv_airportwebcams_airportwebcams-bean-municipal-airport-2","name":"Bean Municipal Airport (#2)","type":"airport","city":"","country":"US","feedUrl":"https://weathercams.faa.gov/map/-70.66098,44.792095999999994,9/cameraSite/629/summary","playerUrl":"","streamUrl":"","feedType":"iframe","source":"opencctv_airportwebcams","directEligible":false,"updateRate":30000}},{"type":"Feature","geometry":{"type":"Point","coordinates":[4.89,47.01]},"properties":{"id":"opencctv_airportwebcams_airportwebcams-beaune-challanges-airport-1","name":"Beaune Challanges Airport","type":"airport","city":"","country":"FR","feedUrl":"https://cam-aero.eu/raspicamaero/LFGF_ULM_Beaune/img","playerUrl":"","streamUrl":"","feedType":"iframe","source":"opencctv_airportwebcams","directEligible":false,"updateRate":30000}},{"type":"Feature","geometry":{"type":"Point","coordinates":[11.48,49.02]},"properties":{"id":"opencctv_airportwebcams_airportwebcams-beilngries-airfield-1","name":"Beilngries Airfield (#1)","type":"airport","city":"","country":"DE","feedUrl":"https://www.flugplatzbeilngries.de/webcam.html","playerUrl":"","streamUrl":"","feedType":"iframe","source":"opencctv_airportwebcams","directEligible":false,"updateRate":30000}},{"type":"Feature","geometry":{"type":"Point","coordinates":[34.91,-19.8]},"properties":{"id":"opencctv_airportwebcams_airportwebcams-beira-airport-1","name":"Beira Airport (#1)","type":"airport","city":"","country":"MZ","feedUrl":"https://assets2.webcam.io/w/zO8mQM/latest.jpg?1718100776","playerUrl":"","streamUrl":"","feedType":"image","source":"opencctv_airportwebcams","directEligible":true,"updateRate":60000}},{"type":"Feature","geometry":{"type":"Point","coordinates":[23.39,42.37]},"properties":{"id":"opencctv_airportwebcams_airportwebcams-belchin-airport-1","name":"Belchin Airport","type":"airport","city":"","country":"BG","feedUrl":"https://airport-bg.com/index.php?action=cams&aport=lbbb","playerUrl":"","streamUrl":"","feedType":"iframe","source":"opencctv_airportwebcams","directEligible":false,"updateRate":30000}},{"type":"Feature","geometry":{"type":"Point","coordinates":[-69.01,44.41]},"properties":{"id":"opencctv_airportwebcams_airportwebcams-belfast-municipal-airport-1","name":"Belfast Municipal Airport (BST)","type":"airport","city":"","country":"US","feedUrl":"https://weathercams.faa.gov/map/-69.01114,44.210336,9/cameraSite/600/summary","playerUrl":"","streamUrl":"","feedType":"iframe","source":"opencctv_airportwebcams","directEligible":false,"updateRate":30000}},{"type":"Feature","geometry":{"type":"Point","coordinates":[5.69,45.69]},"properties":{"id":"opencctv_airportwebcams_airportwebcams-belley-peyrieu-airfield-2","name":"Belley Peyrieu Airfield (#2)","type":"airport","city":"","country":"FR","feedUrl":"https://cam-aero.eu/raspicamaero/LFKY_AeroClubDeBelley2/img","playerUrl":"","streamUrl":"","feedType":"iframe","source":"opencctv_airportwebcams","directEligible":false,"updateRate":30000}},{"type":"Feature","geometry":{"type":"Point","coordinates":[5.69,45.69]},"properties":{"id":"opencctv_airportwebcams_airportwebcams-belley-peyrieu-airfield-3","name":"Belley Peyrieu Airfield (#3)","type":"airport","city":"","country":"FR","feedUrl":"https://www.aeroclub-belleypeyrieu.fr/webcam","playerUrl":"","streamUrl":"","feedType":"iframe","source":"opencctv_airportwebcams","directEligible":false,"updateRate":30000}},{"type":"Feature","geometry":{"type":"Point","coordinates":[25.07,42.21]},"properties":{"id":"opencctv_airportwebcams_airportwebcams-belozem-airport-1","name":"Belozem Airport","type":"airport","city":"","country":"BG","feedUrl":"https://airport-bg.com/index.php?action=cams&aport=belozem","playerUrl":"","streamUrl":"","feedType":"iframe","source":"opencctv_airportwebcams","directEligible":false,"updateRate":30000}},{"type":"Feature","geometry":{"type":"Point","coordinates":[0.95,44.78]},"properties":{"id":"opencctv_airportwebcams_airportwebcams-belves-saint-pardoux-airport-1","name":"Belves Saint Pardoux Airport","type":"airport","city":"","country":"FR","feedUrl":"https://www.aeroclub-belves.fr/index.php?page=webcam","playerUrl":"","streamUrl":"","feedType":"iframe","source":"opencctv_airportwebcams","directEligible":false,"updateRate":30000}},{"type":"Feature","geometry":{"type":"Point","coordinates":[14.64,49.74]},"properties":{"id":"opencctv_airportwebcams_airportwebcams-benesov-airport-1","name":"Benesov Airport (#1)","type":"airport","city":"","country":"CZ","feedUrl":"https://www.bemoair.cz/webcam.html","playerUrl":"","streamUrl":"","feedType":"iframe","source":"opencctv_airportwebcams","directEligible":false,"updateRate":30000}},{"type":"Feature","geometry":{"type":"Point","coordinates":[14.64,49.74]},"properties":{"id":"opencctv_airportwebcams_airportwebcams-benesov-airport-2","name":"Benesov Airport (#2)","type":"airport","city":"","country":"CZ","feedUrl":"https://webcam.f-air.cz/","playerUrl":"","streamUrl":"","feedType":"iframe","source":"opencctv_airportwebcams","directEligible":false,"updateRate":30000}},{"type":"Feature","geometry":{"type":"Point","coordinates":[14.64,49.74]},"properties":{"id":"opencctv_airportwebcams_airportwebcams-benesov-airport-3","name":"Benesov Airport (#3)","type":"airport","city":"","country":"CZ","feedUrl":"https://prostor.zika-pradlo.cz/letiste2/snimek2.jpg","playerUrl":"","streamUrl":"","feedType":"image","source":"opencctv_airportwebcams","directEligible":true,"updateRate":60000}},{"type":"Feature","geometry":{"type":"Point","coordinates":[9.71,45.67]},"properties":{"id":"opencctv_airportwebcams_airportwebcams-bergamo-orio-al-serio-airport-1","name":"Bergamo Orio Al Serio Airport","type":"airport","city":"","country":"IT","feedUrl":"https://www.aeroclub.bg.it/public/webcam/current.jpg","playerUrl":"","streamUrl":"","feedType":"image","source":"opencctv_airportwebcams","directEligible":true,"updateRate":60000}},{"type":"Feature","geometry":{"type":"Point","coordinates":[-71.18,44.57]},"properties":{"id":"opencctv_airportwebcams_airportwebcams-berlin-regional-airport-1","name":"Berlin Regional Airport (BML)","type":"airport","city":"","country":"US","feedUrl":"https://weathercams.faa.gov/map/-71.17815,44.375848,9/cameraSite/734/summary","playerUrl":"","streamUrl":"","feedType":"iframe","source":"opencctv_airportwebcams","directEligible":false,"updateRate":30000}},{"type":"Feature","geometry":{"type":"Point","coordinates":[7.49,46.91]},"properties":{"id":"opencctv_airportwebcams_airportwebcams-bern-airport-2","name":"Bern Airport (#2)","type":"airport","city":"","country":"CH","feedUrl":"https://bernairport.roundshot.com/#/","playerUrl":"","streamUrl":"","feedType":"iframe","source":"opencctv_airportwebcams","directEligible":false,"updateRate":30000}},{"type":"Feature","geometry":{"type":"Point","coordinates":[0.57,49.1]},"properties":{"id":"opencctv_airportwebcams_airportwebcams-bernay-saint-martin-airport-1","name":"Bernay Saint Martin Airport (#1)","type":"airport","city":"","country":"FR","feedUrl":"https://cam-aero.eu/raspicamaero/LFPD_AerodromeDeBernay/img","playerUrl":"","streamUrl":"","feedType":"iframe","source":"opencctv_airportwebcams","directEligible":false,"updateRate":30000}},{"type":"Feature","geometry":{"type":"Point","coordinates":[-112.5,45.95]},"properties":{"id":"opencctv_airportwebcams_airportwebcams-bert-mooney-airport-1","name":"Bert Mooney Airport (BTM)","type":"airport","city":"","country":"US","feedUrl":"https://weathercams.faa.gov/map/-112.501945,45.753609999999995,9/cameraSite/564/summary","playerUrl":"","streamUrl":"","feedType":"iframe","source":"opencctv_airportwebcams","directEligible":false,"updateRate":30000}},{"type":"Feature","geometry":{"type":"Point","coordinates":[6.08,47.21]},"properties":{"id":"opencctv_airportwebcams_airportwebcams-besancon-la-veze-airport-1","name":"Besancon La Veze Airport","type":"airport","city":"","country":"FR","feedUrl":"https://www.domergue.fr/webcam.php","playerUrl":"","streamUrl":"","feedType":"iframe","source":"opencctv_airportwebcams","directEligible":false,"updateRate":30000}},{"type":"Feature","geometry":{"type":"Point","coordinates":[-161.84,60.78]},"properties":{"id":"opencctv_airportwebcams_airportwebcams-bethel-airport-1","name":"Bethel Airport","type":"airport","city":"","country":"US","feedUrl":"https://weathercams.faa.gov/map/-164.45827,59.97751,-159.23153,61.16624/cameraSite/48/summary","playerUrl":"","streamUrl":"","feedType":"iframe","source":"opencctv_airportwebcams","directEligible":false,"updateRate":30000}},{"type":"Feature","geometry":{"type":"Point","coordinates":[-70.81,44.42]},"properties":{"id":"opencctv_airportwebcams_airportwebcams-bethel-regional-airport-1","name":"Bethel Regional Airport","type":"airport","city":"","country":"US","feedUrl":"https://weathercams.faa.gov/map/-70.808556,44.222012,9/cameraSite/603/summary","playerUrl":"","streamUrl":"","feedType":"iframe","source":"opencctv_airportwebcams","directEligible":false,"updateRate":30000}},{"type":"Feature","geometry":{"type":"Point","coordinates":[23.17,53.1]},"properties":{"id":"opencctv_airportwebcams_airportwebcams-bialystok-krywlany-airport-1","name":"Bialystok Krywlany Airport","type":"airport","city":"","country":"PL","feedUrl":"https://aero.webcam/cam/epbk-1.jpg","playerUrl":"","streamUrl":"","feedType":"image","source":"opencctv_airportwebcams","directEligible":true,"updateRate":60000}},{"type":"Feature","geometry":{"type":"Point","coordinates":[-70.47,43.46]},"properties":{"id":"opencctv_airportwebcams_airportwebcams-biddeford-airport-1","name":"Biddeford Airport","type":"airport","city":"","country":"US","feedUrl":"https://weathercams.faa.gov/map/-70.47435,43.264236999999994,9/cameraSite/650/summary","playerUrl":"","streamUrl":"","feedType":"iframe","source":"opencctv_airportwebcams","directEligible":false,"updateRate":30000}},{"type":"Feature","geometry":{"type":"Point","coordinates":[7.29,47.09]},"properties":{"id":"opencctv_airportwebcams_airportwebcams-biel-kappelen-airfield-1","name":"Biel Kappelen Airfield","type":"airport","city":"","country":"CH","feedUrl":"https://frieden.senseweb.ch/webcams_lszp.html","playerUrl":"","streamUrl":"","feedType":"iframe","source":"opencctv_airportwebcams","directEligible":false,"updateRate":30000}},{"type":"Feature","geometry":{"type":"Point","coordinates":[-110.12,48.16]},"properties":{"id":"opencctv_airportwebcams_airportwebcams-big-sandy-airport-1","name":"Big Sandy Airport","type":"airport","city":"","country":"US","feedUrl":"https://weathercams.faa.gov/map/-112.74622,47.15068,-107.47278,48.76904/cameraSite/810/summary","playerUrl":"","streamUrl":"","feedType":"iframe","source":"opencctv_airportwebcams","directEligible":false,"updateRate":30000}},{"type":"Feature","geometry":{"type":"Point","coordinates":[-111.65,45.27]},"properties":{"id":"opencctv_airportwebcams_airportwebcams-big-sky-airport-1","name":"Big Sky Airport (EKS) (#1)","type":"airport","city":"","country":"US","feedUrl":"https://weathercams.faa.gov/map/-111.6467,45.0717,9/cameraSite/812/summary","playerUrl":"","streamUrl":"","feedType":"iframe","source":"opencctv_airportwebcams","directEligible":false,"updateRate":30000}},{"type":"Feature","geometry":{"type":"Point","coordinates":[-108.54,45.81]},"properties":{"id":"opencctv_airportwebcams_airportwebcams-billings-logan-airport-1","name":"Billings Logan Airport (BIL)","type":"airport","city":"","country":"US","feedUrl":"https://weathercams.faa.gov/map/-108.54461,45.60339,9/cameraSite/648/summary","playerUrl":"","streamUrl":"","feedType":"iframe","source":"opencctv_airportwebcams","directEligible":false,"updateRate":30000}},{"type":"Feature","geometry":{"type":"Point","coordinates":[8.72,47.8]},"properties":{"id":"opencctv_airportwebcams_airportwebcams-binningen-airport-1","name":"Binningen Airport","type":"airport","city":"","country":"DE","feedUrl":"https://www.sfg-binningen.de/webcam.html","playerUrl":"","streamUrl":"","feedType":"iframe","source":"opencctv_airportwebcams","directEligible":false,"updateRate":30000}},{"type":"Feature","geometry":{"type":"Point","coordinates":[-149.51,61.42]},"properties":{"id":"opencctv_airportwebcams_airportwebcams-birchwood-airport-1","name":"Birchwood Airport","type":"airport","city":"","country":"US","feedUrl":"https://weathercams.faa.gov/map/-152.12467,60.62813,-146.89793,61.79329/cameraSite/259/summary","playerUrl":"","streamUrl":"","feedType":"iframe","source":"opencctv_airportwebcams","directEligible":false,"updateRate":30000}},{"type":"Feature","geometry":{"type":"Point","coordinates":[8.23,47.44]},"properties":{"id":"opencctv_airportwebcams_airportwebcams-birrfield-airport-1","name":"Birrfield Airport","type":"airport","city":"","country":"CH","feedUrl":"https://birrfeld.roundshot.com/#/","playerUrl":"","streamUrl":"","feedType":"iframe","source":"opencctv_airportwebcams","directEligible":false,"updateRate":30000}},{"type":"Feature","geometry":{"type":"Point","coordinates":[1.21,47.68]},"properties":{"id":"opencctv_airportwebcams_airportwebcams-blois-le-breuil-airport-1","name":"Blois Le Breuil Airport","type":"airport","city":"","country":"FR","feedUrl":"https://www.acbv.fr/webcam.html","playerUrl":"","streamUrl":"","feedType":"iframe","source":"opencctv_airportwebcams","directEligible":false,"updateRate":30000}},{"type":"Feature","geometry":{"type":"Point","coordinates":[-76.43,41.0]},"properties":{"id":"opencctv_airportwebcams_airportwebcams-bloomsburg-airport-1","name":"Bloomsburg Airport","type":"airport","city":"","country":"US","feedUrl":"https://assets1.webcam.io/w/z5LBYP/latest.jpg","playerUrl":"","streamUrl":"","feedType":"image","source":"opencctv_airportwebcams","directEligible":true,"updateRate":60000}},{"type":"Feature","geometry":{"type":"Point","coordinates":[-49.09,-26.83]},"properties":{"id":"opencctv_airportwebcams_airportwebcams-blumenau-airport-1","name":"Blumenau Airport (#1)","type":"airport","city":"","country":"BR","feedUrl":"https://www.metarsul.com.br/image/5min/ssbl1.jpeg","playerUrl":"","streamUrl":"","feedType":"image","source":"opencctv_airportwebcams","directEligible":true,"updateRate":60000}},{"type":"Feature","geometry":{"type":"Point","coordinates":[-49.09,-26.83]},"properties":{"id":"opencctv_airportwebcams_airportwebcams-blumenau-airport-2","name":"Blumenau Airport (#2)","type":"airport","city":"","country":"BR","feedUrl":"https://www.metarsul.com.br/image/5min/ssbl2.jpeg","playerUrl":"","streamUrl":"","feedType":"image","source":"opencctv_airportwebcams","directEligible":true,"updateRate":60000}},{"type":"Feature","geometry":{"type":"Point","coordinates":[-86.52,30.78]},"properties":{"id":"opencctv_airportwebcams_airportwebcams-bob-sikes-airport-1","name":"Bob Sikes Airport (CEW)","type":"airport","city":"","country":"US","feedUrl":"https://weathercams.faa.gov/map/-89.16189,29.53003,-83.88845,31.61087/cameraSite/990/summary","playerUrl":"","streamUrl":"","feedType":"iframe","source":"opencctv_airportwebcams","directEligible":false,"updateRate":30000}},{"type":"Feature","geometry":{"type":"Point","coordinates":[-122.31,47.52]},"properties":{"id":"opencctv_airportwebcams_airportwebcams-boeing-field-airport-1","name":"Boeing Field Airport (BFI)","type":"airport","city":"","country":"US","feedUrl":"https://www.wasar.org/webcams/","playerUrl":"","streamUrl":"","feedType":"iframe","source":"opencctv_airportwebcams","directEligible":false,"updateRate":30000}},{"type":"Feature","geometry":{"type":"Point","coordinates":[24.69,43.31]},"properties":{"id":"opencctv_airportwebcams_airportwebcams-bohot-airport-1","name":"Bohot Airport","type":"airport","city":"","country":"BG","feedUrl":"https://airport-bg.com/index.php?action=cams&aport=lbbo","playerUrl":"","streamUrl":"","feedType":"iframe","source":"opencctv_airportwebcams","directEligible":false,"updateRate":30000}},{"type":"Feature","geometry":{"type":"Point","coordinates":[31.2,-24.45]},"properties":{"id":"opencctv_africam_africam-serondella","name":"Serondella","type":"nature","city":"Thornybush Game Reserve","country":"ZA","feedUrl":"https://www.youtube.com/embed/BMQifTcOgts","playerUrl":"","streamUrl":"","feedType":"iframe","source":"opencctv_africam","directEligible":true,"updateRate":30000}},{"type":"Feature","geometry":{"type":"Point","coordinates":[31.49,-24.82]},"properties":{"id":"opencctv_africam_africam-silvan-safari","name":"Silvan Safari","type":"nature","city":"Sabi Sand","country":"ZA","feedUrl":"https://www.youtube.com/embed/C9hjksOtngo","playerUrl":"","streamUrl":"","feedType":"iframe","source":"opencctv_africam","directEligible":true,"updateRate":30000}},{"type":"Feature","geometry":{"type":"Point","coordinates":[31.22,-24.26]},"properties":{"id":"opencctv_africam_africam-simbavati-waterside","name":"Simbavati Waterside","type":"nature","city":"Klaserie","country":"ZA","feedUrl":"https://www.youtube.com/embed/zh5QHh9prA0","playerUrl":"","streamUrl":"","feedType":"iframe","source":"opencctv_africam","directEligible":true,"updateRate":30000}},{"type":"Feature","geometry":{"type":"Point","coordinates":[26.28,-24.76]},"properties":{"id":"opencctv_africam_africam-tau-game-lodge","name":"Tau Game Lodge","type":"nature","city":"Madikwe","country":"ZA","feedUrl":"https://www.youtube.com/embed/8J9USywkGmw","playerUrl":"","streamUrl":"","feedType":"iframe","source":"opencctv_africam","directEligible":true,"updateRate":30000}},{"type":"Feature","geometry":{"type":"Point","coordinates":[32.42,-27.03]},"properties":{"id":"opencctv_africam_africam-tembe-elephant-park","name":"Tembe Elephant Park","type":"nature","city":"Maputaland","country":"ZA","feedUrl":"https://www.youtube.com/embed/gdrNUUf-cQw","playerUrl":"","streamUrl":"","feedType":"iframe","source":"opencctv_africam","directEligible":true,"updateRate":30000}},{"type":"Feature","geometry":{"type":"Point","coordinates":[29.4,-15.75]},"properties":{"id":"opencctv_africam_africam-tembo-plains","name":"Tembo Plains","type":"nature","city":"Sapi Private Reserve","country":"ZW","feedUrl":"https://www.youtube.com/embed/jH3e5w4BWGA","playerUrl":"","streamUrl":"","feedType":"iframe","source":"opencctv_africam","directEligible":true,"updateRate":30000}},{"type":"Feature","geometry":{"type":"Point","coordinates":[27.16,-18.87]},"properties":{"id":"opencctv_africam_africam-the-hide","name":"The Hide","type":"nature","city":"Hwange","country":"ZW","feedUrl":"https://www.youtube.com/embed/nXI-kWu6BLo","playerUrl":"","streamUrl":"","feedType":"iframe","source":"opencctv_africam","directEligible":true,"updateRate":30000}},{"type":"Feature","geometry":{"type":"Point","coordinates":[23.52,-18.53]},"properties":{"id":"opencctv_africam_africam-thebasin-selinda","name":"The Basin - Selinda Camp","type":"nature","city":"Selinda Reserve","country":"BW","feedUrl":"https://www.youtube.com/embed/vEEGzyCvL8Q","playerUrl":"","streamUrl":"","feedType":"iframe","source":"opencctv_africam","directEligible":true,"updateRate":30000}},{"type":"Feature","geometry":{"type":"Point","coordinates":[37.2606,-2.6527]},"properties":{"id":"opencctv_africam_africam-tortilis","name":"Tortilis Camp","type":"nature","city":"Amboseli","country":"KE","feedUrl":"https://www.youtube.com/embed/XyPU5-pNg5E","playerUrl":"","streamUrl":"","feedType":"iframe","source":"opencctv_africam","directEligible":true,"updateRate":30000}},{"type":"Feature","geometry":{"type":"Point","coordinates":[23.53,-18.59]},"properties":{"id":"opencctv_africam_africam-twin-pan","name":"Twin Pan - Zarafa Camp","type":"nature","city":"Selinda Reserve","country":"BW","feedUrl":"https://www.youtube.com/embed/2EZavJUNdLI","playerUrl":"","streamUrl":"","feedType":"iframe","source":"opencctv_africam","directEligible":true,"updateRate":30000}},{"type":"Feature","geometry":{"type":"Point","coordinates":[31.35,-24.8]},"properties":{"id":"opencctv_africam_africam-ulusaba","name":"Ulusaba","type":"nature","city":"Sabi Sand","country":"ZA","feedUrl":"https://www.youtube.com/embed/zqc0Z2oWmo8","playerUrl":"","streamUrl":"","feedType":"iframe","source":"opencctv_africam","directEligible":true,"updateRate":30000}},{"type":"Feature","geometry":{"type":"Point","coordinates":[25.83,-17.88]},"properties":{"id":"opencctv_africam_africam-victoria-falls-safari-lodge-1","name":"Victoria Falls Safari Lodge - Vic Falls Waterhole Live Stream","type":"nature","city":"Victoria Falls","country":"ZW","feedUrl":"https://www.youtube.com/embed/f9uqHbXChno","playerUrl":"","streamUrl":"","feedType":"iframe","source":"opencctv_africam","directEligible":true,"updateRate":30000}},{"type":"Feature","geometry":{"type":"Point","coordinates":[25.83,-17.88]},"properties":{"id":"opencctv_africam_africam-victoria-falls-safari-lodge-2","name":"Victoria Falls Safari Lodge - Vic Falls Sky Camera Live Stream","type":"nature","city":"Victoria Falls","country":"ZW","feedUrl":"https://www.youtube.com/embed/v4zcdC-fEKw","playerUrl":"","streamUrl":"","feedType":"iframe","source":"opencctv_africam","directEligible":true,"updateRate":30000}},{"type":"Feature","geometry":{"type":"Point","coordinates":[-13.6052,28.9455]},"properties":{"id":"opencctv_airlive_airlive-ace","name":"Lanzarote Airport — Airlive","type":"airport","city":"Arrecife","country":"ES","feedUrl":"https://www.youtube.com/embed/UexOv93KyIY?feature=oembed","playerUrl":"","streamUrl":"","feedType":"iframe","source":"opencctv_airlive","directEligible":true,"updateRate":30000}},{"type":"Feature","geometry":{"type":"Point","coordinates":[-13.6052,28.9455]},"properties":{"id":"opencctv_airlive_airlive-ace-cam2","name":"Lanzarote Airport Cam 2 — Airlive","type":"airport","city":"Arrecife","country":"ES","feedUrl":"https://www.youtube.com/embed/AAlo3eCPVbk?feature=oembed","playerUrl":"","streamUrl":"","feedType":"iframe","source":"opencctv_airlive","directEligible":true,"updateRate":30000}},{"type":"Feature","geometry":{"type":"Point","coordinates":[-4.4991,36.6749]},"properties":{"id":"opencctv_airlive_airlive-agp","name":"Malaga Airport — Airlive","type":"airport","city":"Malaga","country":"ES","feedUrl":"https://www.youtube.com/embed/piWvAcJ9iow?feature=oembed","playerUrl":"","streamUrl":"","feedType":"iframe","source":"opencctv_airlive","directEligible":true,"updateRate":30000}},{"type":"Feature","geometry":{"type":"Point","coordinates":[4.7683,52.3105]},"properties":{"id":"opencctv_airlive_airlive-ams-cam4","name":"Amsterdam Schiphol Airport Cam 4 — Airlive","type":"airport","city":"Amsterdam","country":"NL","feedUrl":"https://www.youtube.com/embed/live_stream?enablejsapi=1&channel=UC4chv4j-EH1EJD1Qc1a9i4Q&cc_load_policy=0&cc_lang_pref=&iv_load_policy=3&rel=0&fs=1&playsinline=0&autohide=2&theme=dark&color=white&controls=1&disablekb=0&","playerUrl":"","streamUrl":"","feedType":"iframe","source":"opencctv_airlive","directEligible":true,"updateRate":30000}},{"type":"Feature","geometry":{"type":"Point","coordinates":[4.7683,52.3105]},"properties":{"id":"opencctv_airlive_airlive-ams-cam5","name":"Amsterdam Schiphol Airport Cam 5 — Airlive","type":"airport","city":"Amsterdam","country":"NL","feedUrl":"https://www.youtube.com/embed/live_stream?enablejsapi=1&channel=UCOR-i_zb9b1_zSv015CoQcw&cc_load_policy=0&cc_lang_pref=&iv_load_policy=3&rel=0&fs=1&playsinline=0&autohide=2&theme=dark&color=white&controls=1&disablekb=0&","playerUrl":"","streamUrl":"","feedType":"iframe","source":"opencctv_airlive","directEligible":true,"updateRate":30000}},{"type":"Feature","geometry":{"type":"Point","coordinates":[-73.1533,44.472]},"properties":{"id":"opencctv_airlive_airlive-btv","name":"Burlington Airport — Airlive","type":"airport","city":"Burlington","country":"US","feedUrl":"https://www.youtube.com/embed/3NZYi-BCCDY?feature=oembed","playerUrl":"","streamUrl":"","feedType":"iframe","source":"opencctv_airlive","directEligible":true,"updateRate":30000}},{"type":"Feature","geometry":{"type":"Point","coordinates":[141.6924,42.7752]},"properties":{"id":"opencctv_airlive_airlive-cts","name":"Sapporo New Chitose Airport — Airlive","type":"airport","city":"Sapporo","country":"JP","feedUrl":"https://www.youtube.com/embed/Azbdr5jbN6o?enablejsapi=1&autoplay=0&cc_load_policy=0&cc_lang_pref=&iv_load_policy=3&loop=0&rel=0&fs=1&playsinline=0&autohide=2&theme=dark&color=white&controls=1&disablekb=0&","playerUrl":"","streamUrl":"","feedType":"iframe","source":"opencctv_airlive","directEligible":true,"updateRate":30000}},{"type":"Feature","geometry":{"type":"Point","coordinates":[-51.6781,64.1909]},"properties":{"id":"opencctv_airlive_airlive-goh","name":"Nuuk Airport — Airlive","type":"airport","city":"Nuuk","country":"GL","feedUrl":"https://www.youtube.com/embed/MApnQlsX5AQ?feature=oembed","playerUrl":"","streamUrl":"","feedType":"iframe","source":"opencctv_airlive","directEligible":true,"updateRate":30000}},{"type":"Feature","geometry":{"type":"Point","coordinates":[-51.6781,64.1909]},"properties":{"id":"opencctv_airlive_airlive-goh-cam2","name":"Nuuk Airport Cam 2 — Airlive","type":"airport","city":"Nuuk","country":"GL","feedUrl":"https://www.youtube.com/embed/IZhDwv4dz0g?feature=oembed","playerUrl":"","streamUrl":"","feedType":"iframe","source":"opencctv_airlive","directEligible":true,"updateRate":30000}},{"type":"Feature","geometry":{"type":"Point","coordinates":[-37.1236,65.5736]},"properties":{"id":"opencctv_airlive_airlive-kus","name":"Kulusuk Airport — Airlive","type":"airport","city":"Kulusuk","country":"GL","feedUrl":"https://www.youtube.com/embed/fpaqR1d_K0g?feature=oembed","playerUrl":"","streamUrl":"","feedType":"iframe","source":"opencctv_airlive","directEligible":true,"updateRate":30000}},{"type":"Feature","geometry":{"type":"Point","coordinates":[-37.1236,65.5736]},"properties":{"id":"opencctv_airlive_airlive-kus-cam2","name":"Kulusuk Airport Cam 2 — Airlive","type":"airport","city":"Kulusuk","country":"GL","feedUrl":"https://www.youtube.com/embed/zlnqZxsAXOU?feature=oembed","playerUrl":"","streamUrl":"","feedType":"iframe","source":"opencctv_airlive","directEligible":true,"updateRate":30000}},{"type":"Feature","geometry":{"type":"Point","coordinates":[-115.1537,36.084]},"properties":{"id":"opencctv_airlive_airlive-las","name":"Las Vegas Airport — Airlive","type":"airport","city":"Las Vegas","country":"US","feedUrl":"https://www.youtube.com/embed/V7_orOtu-oo?feature=oembed","playerUrl":"","streamUrl":"","feedType":"iframe","source":"opencctv_airlive","directEligible":true,"updateRate":30000}},{"type":"Feature","geometry":{"type":"Point","coordinates":[-118.4085,33.9416]},"properties":{"id":"opencctv_airlive_airlive-lax","name":"Los Angeles Airport — Airlive","type":"airport","city":"Los Angeles","country":"US","feedUrl":"https://ipcamlive.com/player/player.php?alias=5556e0f63563c&autoplay=0&mute=0","playerUrl":"","streamUrl":"","feedType":"iframe","source":"opencctv_airlive","directEligible":true,"updateRate":30000}},{"type":"Feature","geometry":{"type":"Point","coordinates":[-118.4085,33.9416]},"properties":{"id":"opencctv_airlive_airlive-lax-cam3","name":"Los Angeles Airport Cam 3 — Airlive","type":"airport","city":"Los Angeles","country":"US","feedUrl":"https://www.youtube.com/embed/t0GrpAgdBFI?feature=oembed","playerUrl":"","streamUrl":"","feedType":"iframe","source":"opencctv_airlive","directEligible":true,"updateRate":30000}},{"type":"Feature","geometry":{"type":"Point","coordinates":[-88.557,43.9844]},"properties":{"id":"opencctv_airlive_airlive-osh-cam2","name":"Oshkosh Airport Cam 2 — Airlive","type":"airport","city":"Oshkosh","country":"US","feedUrl":"https://www.youtube.com/embed/mvPnVuyXKxg?feature=oembed","playerUrl":"","streamUrl":"","feedType":"iframe","source":"opencctv_airlive","directEligible":true,"updateRate":30000}},{"type":"Feature","geometry":{"type":"Point","coordinates":[-112.0078,33.4373]},"properties":{"id":"opencctv_airlive_airlive-phx-cam2","name":"Phoenix Sky Harbor Airport Cam 2 — Airlive","type":"airport","city":"Phoenix","country":"US","feedUrl":"https://video.nest.com/embedded/live/JS4fe4vuKh?autoplay=0","playerUrl":"","streamUrl":"","feedType":"iframe","source":"opencctv_airlive","directEligible":true,"updateRate":30000}},{"type":"Feature","geometry":{"type":"Point","coordinates":[-149.6073,-17.5537]},"properties":{"id":"opencctv_airlive_airlive-ppt","name":"Tahiti Faaa Airport — Airlive","type":"airport","city":"Papeete","country":"PF","feedUrl":"https://g0.ipcamlive.com/player/player.php?alias=5a8447de32c5a","playerUrl":"","streamUrl":"","feedType":"iframe","source":"opencctv_airlive","directEligible":true,"updateRate":30000}},{"type":"Feature","geometry":{"type":"Point","coordinates":[-117.1933,32.7338]},"properties":{"id":"opencctv_airlive_airlive-san","name":"San Diego Airport — Airlive","type":"airport","city":"San Diego","country":"US","feedUrl":"https://www.youtube.com/embed/edz0ux7JClE?feature=oembed","playerUrl":"","streamUrl":"","feedType":"iframe","source":"opencctv_airlive","directEligible":true,"updateRate":30000}},{"type":"Feature","geometry":{"type":"Point","coordinates":[-62.8436,17.9044]},"properties":{"id":"opencctv_airlive_airlive-sbh","name":"Saint Barthelemy Airport — Airlive","type":"airport","city":"Gustavia","country":"BL","feedUrl":"https://www.youtube.com/embed/15pVqwQb7A0?enablejsapi=1&autoplay=0&cc_load_policy=0&cc_lang_pref=&iv_load_policy=3&loop=0&rel=0&fs=1&playsinline=0&autohide=2&theme=dark&color=white&controls=1&disablekb=0&","playerUrl":"","streamUrl":"","feedType":"iframe","source":"opencctv_airlive","directEligible":true,"updateRate":30000}},{"type":"Feature","geometry":{"type":"Point","coordinates":[-50.7116,67.0122]},"properties":{"id":"opencctv_airlive_airlive-sfj","name":"Kangerlussuaq Airport — Airlive","type":"airport","city":"Kangerlussuaq","country":"GL","feedUrl":"https://www.youtube.com/embed/jNWh7FFUFOA?feature=oembed","playerUrl":"","streamUrl":"","feedType":"iframe","source":"opencctv_airlive","directEligible":true,"updateRate":30000}},{"type":"Feature","geometry":{"type":"Point","coordinates":[-50.7116,67.0122]},"properties":{"id":"opencctv_airlive_airlive-sfj-cam2","name":"Kangerlussuaq Airport Cam 2 — Airlive","type":"airport","city":"Kangerlussuaq","country":"GL","feedUrl":"https://www.youtube.com/embed/KWJD89He7v0?feature=oembed","playerUrl":"","streamUrl":"","feedType":"iframe","source":"opencctv_airlive","directEligible":true,"updateRate":30000}},{"type":"Feature","geometry":{"type":"Point","coordinates":[-63.1089,18.041]},"properties":{"id":"opencctv_airlive_airlive-sxm","name":"St Maarten Princess Juliana Airport — Airlive","type":"airport","city":"Philipsburg","country":"SX","feedUrl":"https://www.youtube.com/embed/2IQmpCXbOmM?feature=oembed","playerUrl":"","streamUrl":"","feedType":"iframe","source":"opencctv_airlive","directEligible":true,"updateRate":30000}},{"type":"Feature","geometry":{"type":"Point","coordinates":[121.2342,25.0797]},"properties":{"id":"opencctv_airlive_airlive-tpe","name":"Taipei Taoyuan Airport — Airlive","type":"airport","city":"Taipei","country":"TW","feedUrl":"https://www.youtube.com/embed/91PfFoqvuUk?feature=oembed","playerUrl":"","streamUrl":"","feedType":"iframe","source":"opencctv_airlive","directEligible":true,"updateRate":30000}},{"type":"Feature","geometry":{"type":"Point","coordinates":[-45.426,61.1605]},"properties":{"id":"opencctv_airlive_airlive-uak","name":"Narsarsuaq Airport — Airlive","type":"airport","city":"Narsarsuaq","country":"GL","feedUrl":"https://www.youtube.com/embed/8qjUhPCFA9o?feature=oembed","playerUrl":"","streamUrl":"","feedType":"iframe","source":"opencctv_airlive","directEligible":true,"updateRate":30000}},{"type":"Feature","geometry":{"type":"Point","coordinates":[174.8053,-41.3272]},"properties":{"id":"opencctv_airlive_airlive-wlg","name":"Wellington Airport — Airlive","type":"airport","city":"Wellington","country":"NZ","feedUrl":"https://www.youtube.com/embed/v7xySvhug0Y?feature=oembed","playerUrl":"","streamUrl":"","feedType":"iframe","source":"opencctv_airlive","directEligible":true,"updateRate":30000}},{"type":"Feature","geometry":{"type":"Point","coordinates":[6.19,50.82]},"properties":{"id":"opencctv_airportwebcams_airportwebcams-aachen-merzbruck-airfield-1","name":"Aachen Merzbruck Airfield","type":"airport","city":"","country":"DE","feedUrl":"https://wetter-edka.de/","playerUrl":"","streamUrl":"","feedType":"iframe","source":"opencctv_airportwebcams","directEligible":true,"updateRate":30000}},{"type":"Feature","geometry":{"type":"Point","coordinates":[13.65,37.25]},"properties":{"id":"opencctv_airportwebcams_airportwebcams-agrigento-airport-1","name":"Agrigento Airport","type":"airport","city":"","country":"IT","feedUrl":"https://www.avioclubagrigento.it/vdt/index.php","playerUrl":"","streamUrl":"","feedType":"iframe","source":"opencctv_airportwebcams","directEligible":false,"updateRate":30000}},{"type":"Feature","geometry":{"type":"Point","coordinates":[11.14,48.47]},"properties":{"id":"opencctv_airportwebcams_airportwebcams-aichach-airfield-2","name":"Aichach Airfield (#2)","type":"airport","city":"","country":"DE","feedUrl":"https://lsvaichach.de/flugplatz/","playerUrl":"","streamUrl":"","feedType":"iframe","source":"opencctv_airportwebcams","directEligible":true,"updateRate":30000}},{"type":"Feature","geometry":{"type":"Point","coordinates":[7.95,50.6]},"properties":{"id":"opencctv_airportwebcams_airportwebcams-ailertchen-airport-1","name":"Ailertchen Airport","type":"airport","city":"","country":"DE","feedUrl":"https://www.fsv-ailertchen.de/webcam.jpg","playerUrl":"","streamUrl":"","feedType":"image","source":"opencctv_airportwebcams","directEligible":true,"updateRate":60000}},{"type":"Feature","geometry":{"type":"Point","coordinates":[-0.25,43.71]},"properties":{"id":"opencctv_airportwebcams_airportwebcams-aire-sur-ladour-airport-1","name":"Aire (#1)","type":"airport","city":"","country":"FR","feedUrl":"https://cam-aero.eu/raspicamaero/LFDA_AireSurAdour/img","playerUrl":"","streamUrl":"","feedType":"iframe","source":"opencctv_airportwebcams","directEligible":false,"updateRate":30000}},{"type":"Feature","geometry":{"type":"Point","coordinates":[-0.25,43.71]},"properties":{"id":"opencctv_airportwebcams_airportwebcams-aire-sur-ladour-airport-2","name":"Aire (#2)","type":"airport","city":"","country":"FR","feedUrl":"https://cam-aero.eu/raspicamaero/LFDA_12/img","playerUrl":"","streamUrl":"","feedType":"iframe","source":"opencctv_airportwebcams","directEligible":false,"updateRate":30000}},{"type":"Feature","geometry":{"type":"Point","coordinates":[5.37,43.5]},"properties":{"id":"opencctv_airportwebcams_airportwebcams-aix-en-provence-airport-1","name":"Aix En Provence Airport","type":"airport","city":"","country":"FR","feedUrl":"https://cam-aero.eu/raspicamaero/LFMA_AixEnProvence/img","playerUrl":"","streamUrl":"","feedType":"iframe","source":"opencctv_airportwebcams","directEligible":false,"updateRate":30000}},{"type":"Feature","geometry":{"type":"Point","coordinates":[-154.18,56.94]},"properties":{"id":"opencctv_airportwebcams_airportwebcams-akhiok-airport-1","name":"Akhiok Airport","type":"airport","city":"","country":"US","feedUrl":"https://weathercams.faa.gov/map/-156.78257,56.07618,-151.55583,57.4031/cameraSite/53/summary","playerUrl":"","streamUrl":"","feedType":"iframe","source":"opencctv_airportwebcams","directEligible":false,"updateRate":30000}},{"type":"Feature","geometry":{"type":"Point","coordinates":[140.22,39.61]},"properties":{"id":"opencctv_airportwebcams_airportwebcams-akita-airport-1","name":"Akita Airport (#1)","type":"airport","city":"","country":"JP","feedUrl":"https://www.akita-airport.com/front/livecamera","playerUrl":"","streamUrl":"","feedType":"iframe","source":"opencctv_airportwebcams","directEligible":true,"updateRate":30000}},{"type":"Feature","geometry":{"type":"Point","coordinates":[-165.6,54.14]},"properties":{"id":"opencctv_airportwebcams_airportwebcams-akutan-airport-1","name":"Akutan Airport","type":"airport","city":"","country":"US","feedUrl":"https://weathercams.faa.gov/map/-168.21853,53.22881,-162.99179,54.65294/cameraSite/234/summary","playerUrl":"","streamUrl":"","feedType":"iframe","source":"opencctv_airportwebcams","directEligible":false,"updateRate":30000}},{"type":"Feature","geometry":{"type":"Point","coordinates":[6.33,45.63]},"properties":{"id":"opencctv_airportwebcams_airportwebcams-albertville-airport-1","name":"Albertville Airport","type":"airport","city":"","country":"FR","feedUrl":"https://www.acalbertville.com/webcam/","playerUrl":"","streamUrl":"","feedType":"iframe","source":"opencctv_airportwebcams","directEligible":true,"updateRate":30000}},{"type":"Feature","geometry":{"type":"Point","coordinates":[2.11,43.91]},"properties":{"id":"opencctv_airportwebcams_airportwebcams-albi-le-sequestre-airport-1","name":"Albi Le Sequestre Airport","type":"airport","city":"","country":"FR","feedUrl":"https://cam-aero.eu/raspicamaero/LFCI_Aeroclub_Albi/img","playerUrl":"","streamUrl":"","feedType":"iframe","source":"opencctv_airportwebcams","directEligible":false,"updateRate":30000}},{"type":"Feature","geometry":{"type":"Point","coordinates":[17.29,49.67]},"properties":{"id":"opencctv_airportwebcams_airportwebcams-bohunovice-airport-1","name":"Bohunovice Airport","type":"airport","city":"","country":"CZ","feedUrl":"https://www.mamba-air.cz/kamera-pocasi","playerUrl":"","streamUrl":"","feedType":"iframe","source":"opencctv_airportwebcams","directEligible":true,"updateRate":30000}},{"type":"Feature","geometry":{"type":"Point","coordinates":[17.53,48.45]},"properties":{"id":"opencctv_airportwebcams_airportwebcams-boleraz-airport-1","name":"Boleraz Airport (#1)","type":"airport","city":"","country":"SK","feedUrl":"https://aeroklub-ba.sk/webcam/webcam_resize.jpg","playerUrl":"","streamUrl":"","feedType":"image","source":"opencctv_airportwebcams","directEligible":true,"updateRate":60000}},{"type":"Feature","geometry":{"type":"Point","coordinates":[7.16,50.77]},"properties":{"id":"opencctv_airportwebcams_airportwebcams-bonn-hangelar-airport-1","name":"Bonn Hangelar Airport (#1)","type":"airport","city":"","country":"DE","feedUrl":"http://wwwi.blatzheim.com/pic/webcam/edkb/current.jpg","playerUrl":"","streamUrl":"","feedType":"image","source":"opencctv_airportwebcams","directEligible":true,"updateRate":60000}},{"type":"Feature","geometry":{"type":"Point","coordinates":[7.16,50.77]},"properties":{"id":"opencctv_airportwebcams_airportwebcams-bonn-hangelar-airport-2","name":"Bonn Hangelar Airport (#2)","type":"airport","city":"","country":"DE","feedUrl":"http://wwwi.blatzheim.com/pic/webcam/edkb/current2.jpg","playerUrl":"","streamUrl":"","feedType":"image","source":"opencctv_airportwebcams","directEligible":true,"updateRate":60000}},{"type":"Feature","geometry":{"type":"Point","coordinates":[12.84,57.7]},"properties":{"id":"opencctv_airportwebcams_airportwebcams-boras-airport-1","name":"Boras Airport","type":"airport","city":"","country":"SE","feedUrl":"https://www.borasflygplats.se/webcam/Motorplattan.jpg","playerUrl":"","streamUrl":"","feedType":"image","source":"opencctv_airportwebcams","directEligible":true,"updateRate":60000}},{"type":"Feature","geometry":{"type":"Point","coordinates":[-0.6,44.7]},"properties":{"id":"opencctv_airportwebcams_airportwebcams-bordeaux-leognan-airport-1","name":"Bordeaux Leognan Airport (#1)","type":"airport","city":"","country":"FR","feedUrl":"https://www.cabls.fr/images/dernier.jpg","playerUrl":"","streamUrl":"","feedType":"image","source":"opencctv_airportwebcams","directEligible":true,"updateRate":60000}},{"type":"Feature","geometry":{"type":"Point","coordinates":[6.71,53.6]},"properties":{"id":"opencctv_airportwebcams_airportwebcams-borkum-airfield-1","name":"Borkum Airfield","type":"airport","city":"","country":"DE","feedUrl":"https://webcam.borkum.de/flugplatz.jpg","playerUrl":"","streamUrl":"","feedType":"image","source":"opencctv_airportwebcams","directEligible":true,"updateRate":60000}},{"type":"Feature","geometry":{"type":"Point","coordinates":[8.46,50.79]},"properties":{"id":"opencctv_airportwebcams_airportwebcams-bottenhorn-airport-1","name":"Bottenhorn Airport","type":"airport","city":"","country":"DE","feedUrl":"https://www.lsgbottenhorn.de/scripte/anzeige.php","playerUrl":"","streamUrl":"","feedType":"iframe","source":"opencctv_airportwebcams","directEligible":true,"updateRate":30000}},{"type":"Feature","geometry":{"type":"Point","coordinates":[-112.87,46.15]},"properties":{"id":"opencctv_airportwebcams_airportwebcams-bowman-field-airport-1","name":"Bowman Field Airport","type":"airport","city":"","country":"US","feedUrl":"https://weathercams.faa.gov/map/-115.50015,45.10134,-110.22671,46.7819/cameraSite/725/summary","playerUrl":"","streamUrl":"","feedType":"iframe","source":"opencctv_airportwebcams","directEligible":false,"updateRate":30000}},{"type":"Feature","geometry":{"type":"Point","coordinates":[-103.3,46.16]},"properties":{"id":"opencctv_airportwebcams_airportwebcams-bowman-regional-airport-1","name":"Bowman Regional Airport (BWW)","type":"airport","city":"","country":"US","feedUrl":"https://weathercams.faa.gov/map/-105.93191,45.11888,-100.65847,46.79892/cameraSite/837/summary","playerUrl":"","streamUrl":"","feedType":"iframe","source":"opencctv_airportwebcams","directEligible":false,"updateRate":30000}},{"type":"Feature","geometry":{"type":"Point","coordinates":[-111.16,45.78]},"properties":{"id":"opencctv_airportwebcams_airportwebcams-bozeman-yellowstone-airport-2","name":"Bozeman Yellowstone Airport (BZN) (#2)","type":"airport","city":"","country":"US","feedUrl":"https://mediaassets.kbzk.com/kbzk/BZN-Airport.jpg","playerUrl":"","streamUrl":"","feedType":"image","source":"opencctv_airportwebcams","directEligible":true,"updateRate":60000}},{"type":"Feature","geometry":{"type":"Point","coordinates":[-111.16,45.78]},"properties":{"id":"opencctv_airportwebcams_airportwebcams-bozeman-yellowstone-airport-4","name":"Bozeman Yellowstone Airport (BZN) (#4)","type":"airport","city":"","country":"US","feedUrl":"https://weathercams.faa.gov/map/-111.14463,45.579983999999996,9/cameraSite/563/summary","playerUrl":"","streamUrl":"","feedType":"iframe","source":"opencctv_airportwebcams","directEligible":false,"updateRate":30000}},{"type":"Feature","geometry":{"type":"Point","coordinates":[28.3,-26.24]},"properties":{"id":"opencctv_airportwebcams_airportwebcams-brakpan-benoni-airport-1","name":"Brakpan Benoni Airport (#1)","type":"airport","city":"","country":"ZA","feedUrl":"https://iweathar.co.za/cams/view_cam?s_id=747","playerUrl":"","streamUrl":"","feedType":"iframe","source":"opencctv_airportwebcams","directEligible":true,"updateRate":30000}},{"type":"Feature","geometry":{"type":"Point","coordinates":[-0.91,53.8]},"properties":{"id":"opencctv_airportwebcams_airportwebcams-breighton-airport-1","name":"Breighton Airport","type":"airport","city":"","country":"GB","feedUrl":"https://www.realaero.com/airfield.html","playerUrl":"","streamUrl":"","feedType":"iframe","source":"opencctv_airportwebcams","directEligible":true,"updateRate":30000}},{"type":"Feature","geometry":{"type":"Point","coordinates":[7.03,47.39]},"properties":{"id":"opencctv_airportwebcams_airportwebcams-bressaucourt-airfield-1","name":"Bressaucourt Airfield (#1)","type":"airport","city":"","country":"CH","feedUrl":"https://www.aerojura.ch/ressourcesannexes/aerojura/photos/capture/ouest.jpg","playerUrl":"","streamUrl":"","feedType":"image","source":"opencctv_airportwebcams","directEligible":true,"updateRate":60000}},{"type":"Feature","geometry":{"type":"Point","coordinates":[2.78,47.61]},"properties":{"id":"opencctv_airportwebcams_airportwebcams-briare-chatillon-airport-1","name":"Briare Chatillon Airport","type":"airport","city":"","country":"FR","feedUrl":"https://cam-aero.eu/raspicamaero/LFEI_AeroClubDuGiennois/img","playerUrl":"","streamUrl":"","feedType":"iframe","source":"opencctv_airportwebcams","directEligible":false,"updateRate":30000}},{"type":"Feature","geometry":{"type":"Point","coordinates":[147.42,-41.02]},"properties":{"id":"opencctv_airportwebcams_airportwebcams-bridport-airport-3","name":"Bridport Airport (#3)","type":"airport","city":"","country":"AU","feedUrl":"https://auswebcams.com/YBDP/","playerUrl":"","streamUrl":"","feedType":"iframe","source":"opencctv_airportwebcams","directEligible":false,"updateRate":30000}},{"type":"Feature","geometry":{"type":"Point","coordinates":[3.36,45.32]},"properties":{"id":"opencctv_airportwebcams_airportwebcams-brioude-beaumont-airport-1","name":"Brioude Beaumont Airport","type":"airport","city":"","country":"FR","feedUrl":"https://aeroclub-brioude.fr/direct-pistes/","playerUrl":"","streamUrl":"","feedType":"iframe","source":"opencctv_airportwebcams","directEligible":true,"updateRate":30000}},{"type":"Feature","geometry":{"type":"Point","coordinates":[9.94,57.25]},"properties":{"id":"opencctv_airportwebcams_airportwebcams-bronderslev-airfield-1","name":"Bronderslev Airfield","type":"airport","city":"","country":"DK","feedUrl":"https://www.nulf.dk/webcam","playerUrl":"","streamUrl":"","feedType":"iframe","source":"opencctv_airportwebcams","directEligible":true,"updateRate":30000}},{"type":"Feature","geometry":{"type":"Point","coordinates":[-124.29,42.07]},"properties":{"id":"opencctv_airportwebcams_airportwebcams-brookings-airport-1","name":"Brookings Airport (BOK) (#1)","type":"airport","city":"","country":"US","feedUrl":"https://brookingsflyingclub.org/webcam/beacon-south.jpg","playerUrl":"","streamUrl":"","feedType":"image","source":"opencctv_airportwebcams","directEligible":true,"updateRate":60000}},{"type":"Feature","geometry":{"type":"Point","coordinates":[-124.29,42.07]},"properties":{"id":"opencctv_airportwebcams_airportwebcams-brookings-airport-2","name":"Brookings Airport (BOK) (#2)","type":"airport","city":"","country":"US","feedUrl":"https://brookingsflyingclub.org/webcam/beacon-north.jpg","playerUrl":"","streamUrl":"","feedType":"image","source":"opencctv_airportwebcams","directEligible":true,"updateRate":60000}},{"type":"Feature","geometry":{"type":"Point","coordinates":[-124.29,42.07]},"properties":{"id":"opencctv_airportwebcams_airportwebcams-brookings-airport-4","name":"Brookings Airport (BOK) (#4)","type":"airport","city":"","country":"US","feedUrl":"https://weathercams.faa.gov/map/-126.52692,40.96989,-121.25348,42.76954/cameraSite/1047/summary/camera","playerUrl":"","streamUrl":"","feedType":"iframe","source":"opencctv_airportwebcams","directEligible":false,"updateRate":30000}},{"type":"Feature","geometry":{"type":"Point","coordinates":[-69.94,43.89]},"properties":{"id":"opencctv_airportwebcams_airportwebcams-brunswick-executive-airport-1","name":"Brunswick Executive Airport (BXM)","type":"airport","city":"","country":"US","feedUrl":"https://weathercams.faa.gov/map/-69.934204,43.698437999999996,9/cameraSite/601/summary","playerUrl":"","streamUrl":"","feedType":"iframe","source":"opencctv_airportwebcams","directEligible":false,"updateRate":30000}},{"type":"Feature","geometry":{"type":"Point","coordinates":[14.18,49.97]},"properties":{"id":"opencctv_airportwebcams_airportwebcams-bubovice-airfield-1","name":"Bubovice Airfield","type":"airport","city":"","country":"CZ","feedUrl":"https://lkbu.k3a.me/","playerUrl":"","streamUrl":"","feedType":"iframe","source":"opencctv_airportwebcams","directEligible":true,"updateRate":30000}},{"type":"Feature","geometry":{"type":"Point","coordinates":[6.28,50.42]},"properties":{"id":"opencctv_airportwebcams_airportwebcams-bullingen-airport-1","name":"Bullingen Airport","type":"airport","city":"","country":"BE","feedUrl":"https://www.feuervogel.be/webcam","playerUrl":"","streamUrl":"","feedType":"iframe","source":"opencctv_airportwebcams","directEligible":true,"updateRate":30000}},{"type":"Feature","geometry":{"type":"Point","coordinates":[-122.06,47.13]},"properties":{"id":"opencctv_airportwebcams_airportwebcams-burnett-landing-airport-4","name":"Burnett Landing Airport (#4)","type":"airport","city":"","country":"US","feedUrl":"https://www.burnettlanding.org/","playerUrl":"","streamUrl":"","feedType":"iframe","source":"opencctv_airportwebcams","directEligible":true,"updateRate":30000}},{"type":"Feature","geometry":{"type":"Point","coordinates":[145.73,-41.0]},"properties":{"id":"opencctv_airportwebcams_airportwebcams-burnie-airport-2","name":"Burnie Airport (#2)","type":"airport","city":"","country":"AU","feedUrl":"https://wynyardaeroclub.com.au/index.php/webcams","playerUrl":"","streamUrl":"","feedType":"iframe","source":"opencctv_airportwebcams","directEligible":true,"updateRate":30000}},{"type":"Feature","geometry":{"type":"Point","coordinates":[145.73,-41.0]},"properties":{"id":"opencctv_airportwebcams_airportwebcams-burnie-airport-3","name":"Burnie Airport (#3)","type":"airport","city":"","country":"AU","feedUrl":"https://auswebcams.com/YWYY/","playerUrl":"","streamUrl":"","feedType":"iframe","source":"opencctv_airportwebcams","directEligible":false,"updateRate":30000}},{"type":"Feature","geometry":{"type":"Point","coordinates":[8.3,47.26]},"properties":{"id":"opencctv_airportwebcams_airportwebcams-buttwil-airfield-1","name":"Buttwil Airfield (#1)","type":"airport","city":"","country":"CH","feedUrl":"https://www.flugschule-eichenberger.ch/webcam/east.jpg","playerUrl":"","streamUrl":"","feedType":"image","source":"opencctv_airportwebcams","directEligible":true,"updateRate":60000}},{"type":"Feature","geometry":{"type":"Point","coordinates":[8.3,47.26]},"properties":{"id":"opencctv_airportwebcams_airportwebcams-buttwil-airfield-2","name":"Buttwil Airfield (#2)","type":"airport","city":"","country":"CH","feedUrl":"https://flugschule-eichenberger.ch/","playerUrl":"","streamUrl":"","feedType":"iframe","source":"opencctv_airportwebcams","directEligible":true,"updateRate":30000}},{"type":"Feature","geometry":{"type":"Point","coordinates":[152.99,-27.08]},"properties":{"id":"opencctv_airportwebcams_airportwebcams-caboolture-airport-3","name":"Caboolture Airport (#3)","type":"airport","city":"","country":"AU","feedUrl":"https://auswebcams.com/YCAB/","playerUrl":"","streamUrl":"","feedType":"iframe","source":"opencctv_airportwebcams","directEligible":false,"updateRate":30000}},{"type":"Feature","geometry":{"type":"Point","coordinates":[-0.45,49.17]},"properties":{"id":"opencctv_airportwebcams_airportwebcams-caen-carpiquet-airport-1","name":"Caen Carpiquet Airport (#1)","type":"airport","city":"","country":"FR","feedUrl":"https://cam-aero.eu/raspicamaero/LFRK_LesAilesDuCalvados/img","playerUrl":"","streamUrl":"","feedType":"iframe","source":"opencctv_airportwebcams","directEligible":false,"updateRate":30000}},{"type":"Feature","geometry":{"type":"Point","coordinates":[-0.45,49.17]},"properties":{"id":"opencctv_airportwebcams_airportwebcams-caen-carpiquet-airport-2","name":"Caen Carpiquet Airport (#2)","type":"airport","city":"","country":"FR","feedUrl":"https://cam-aero.eu/raspicamaero/LFRK_ACRC/img","playerUrl":"","streamUrl":"","feedType":"iframe","source":"opencctv_airportwebcams","directEligible":false,"updateRate":30000}},{"type":"Feature","geometry":{"type":"Point","coordinates":[-116.64,43.64]},"properties":{"id":"opencctv_airportwebcams_airportwebcams-caldwell-industrial-airport-2","name":"Caldwell Industrial Airport (EUL) (#2)","type":"airport","city":"","country":"US","feedUrl":"https://www.eye-n-sky.net/webcam/Caldwell/Caldwell-East.jpg","playerUrl":"","streamUrl":"","feedType":"image","source":"opencctv_airportwebcams","directEligible":true,"updateRate":60000}},{"type":"Feature","geometry":{"type":"Point","coordinates":[153.11,-26.8]},"properties":{"id":"opencctv_airportwebcams_airportwebcams-caloundra-airport-1","name":"Caloundra Airport (#1)","type":"airport","city":"","country":"AU","feedUrl":"https://auswebcams.com/Ycdr/","playerUrl":"","streamUrl":"","feedType":"iframe","source":"opencctv_airportwebcams","directEligible":false,"updateRate":30000}},{"type":"Feature","geometry":{"type":"Point","coordinates":[-1.83,53.03]},"properties":{"id":"opencctv_airportwebcams_airportwebcams-calton-moor-airfield-1","name":"Calton Moor Airfield","type":"airport","city":"","country":"GB","feedUrl":"https://www.flyanb.co.uk/cm-webcam.html","playerUrl":"","streamUrl":"","feedType":"iframe","source":"opencctv_airportwebcams","directEligible":true,"updateRate":30000}},{"type":"Feature","geometry":{"type":"Point","coordinates":[-120.99,38.68]},"properties":{"id":"opencctv_airportwebcams_airportwebcams-cameron-park-airport-1","name":"Cameron Park Airport","type":"airport","city":"","country":"US","feedUrl":"https://weathercams.faa.gov/map/-123.62335,37.53176,-118.34991,39.42371/cameraSite/729/summary","playerUrl":"","streamUrl":"","feedType":"iframe","source":"opencctv_airportwebcams","directEligible":false,"updateRate":30000}},{"type":"Feature","geometry":{"type":"Point","coordinates":[12.81,45.61]},"properties":{"id":"opencctv_airportwebcams_airportwebcams-caorle-airfield-1","name":"Caorle Airfield","type":"airport","city":"","country":"IT","feedUrl":"https://www.clubvoloalmare.it/Webcam.html","playerUrl":"","streamUrl":"","feedType":"iframe","source":"opencctv_airportwebcams","directEligible":true,"updateRate":30000}},{"type":"Feature","geometry":{"type":"Point","coordinates":[-89.57,37.23]},"properties":{"id":"opencctv_airportwebcams_airportwebcams-cape-girardeau-regional-airport-1","name":"Cape Girardeau Regional Airport (CGI)","type":"airport","city":"","country":"US","feedUrl":"https://www.airportview.net/brief-camera.php?fiid=KCGI","playerUrl":"","streamUrl":"","feedType":"iframe","source":"opencctv_airportwebcams","directEligible":true,"updateRate":30000}},{"type":"Feature","geometry":{"type":"Point","coordinates":[-68.02,46.87]},"properties":{"id":"opencctv_airportwebcams_airportwebcams-caribou-municipal-airport-2","name":"Caribou Municipal Airport (CAR) (#2)","type":"airport","city":"","country":"US","feedUrl":"https://weathercams.faa.gov/map/-70.64941,45.8354,-65.37597,47.49392/cameraSite/602/summary","playerUrl":"","streamUrl":"","feedType":"iframe","source":"opencctv_airportwebcams","directEligible":false,"updateRate":30000}},{"type":"Feature","geometry":{"type":"Point","coordinates":[-119.73,39.19]},"properties":{"id":"opencctv_airportwebcams_airportwebcams-carson-city-airport-1","name":"Carson City Airport (CXP) (#1)","type":"airport","city":"","country":"US","feedUrl":"https://www.mountainwestaviation.com/carson-city-airport.html","playerUrl":"","streamUrl":"","feedType":"iframe","source":"opencctv_airportwebcams","directEligible":true,"updateRate":30000}},{"type":"Feature","geometry":{"type":"Point","coordinates":[-119.73,39.19]},"properties":{"id":"opencctv_airportwebcams_airportwebcams-carson-city-airport-2","name":"Carson City Airport (CXP) (#2)","type":"airport","city":"","country":"US","feedUrl":"https://weathercams.faa.gov/map/-119.72982,38.99033,9/cameraSite/834/summary","playerUrl":"","streamUrl":"","feedType":"iframe","source":"opencctv_airportwebcams","directEligible":false,"updateRate":30000}},{"type":"Feature","geometry":{"type":"Point","coordinates":[-116.01,44.49]},"properties":{"id":"opencctv_airportwebcams_airportwebcams-cascade-airport-1","name":"Cascade Airport","type":"airport","city":"","country":"US","feedUrl":"https://weathercams.faa.gov/map/-118.65223,43.42329,-113.37879,45.15327/cameraSite/937/summary","playerUrl":"","streamUrl":"","feedType":"iframe","source":"opencctv_airportwebcams","directEligible":false,"updateRate":30000}},{"type":"Feature","geometry":{"type":"Point","coordinates":[-97.21,46.85]},"properties":{"id":"opencctv_airportwebcams_airportwebcams-casselton-regional-airport-1","name":"Casselton Regional Airport","type":"airport","city":"","country":"US","feedUrl":"https://weathercams.faa.gov/map/-99.85005,45.81998,-94.57661,47.47896/cameraSite/977/summary","playerUrl":"","streamUrl":"","feedType":"iframe","source":"opencctv_airportwebcams","directEligible":false,"updateRate":30000}},{"type":"Feature","geometry":{"type":"Point","coordinates":[12.38,42.98]},"properties":{"id":"opencctv_airportwebcams_airportwebcams-castello-delle-forme-airfield-1","name":"Castello delle Forme Airfield","type":"airport","city":"","country":"IT","feedUrl":"https://wx.ininter.net/?webcam","playerUrl":"","streamUrl":"","feedType":"iframe","source":"opencctv_airportwebcams","directEligible":true,"updateRate":30000}},{"type":"Feature","geometry":{"type":"Point","coordinates":[-97.63,48.78]},"properties":{"id":"opencctv_airportwebcams_airportwebcams-cavalier-municipal-airport-1","name":"Cavalier Municipal Airport","type":"airport","city":"","country":"US","feedUrl":"https://weathercams.faa.gov/map/-100.267,47.78065,-94.99356,49.37948/cameraSite/972/summary","playerUrl":"","streamUrl":"","feedType":"iframe","source":"opencctv_airportwebcams","directEligible":false,"updateRate":30000}},{"type":"Feature","geometry":{"type":"Point","coordinates":[-116.82,48.52]},"properties":{"id":"opencctv_airportwebcams_airportwebcams-cavanaugh-bay-airport-1","name":"Cavanaugh Bay Airport (#1)","type":"airport","city":"","country":"US","feedUrl":"https://www.eye-n-sky.net/webcam/CavBay/CavBay-North.jpg","playerUrl":"","streamUrl":"","feedType":"image","source":"opencctv_airportwebcams","directEligible":true,"updateRate":60000}},{"type":"Feature","geometry":{"type":"Point","coordinates":[-116.82,48.52]},"properties":{"id":"opencctv_airportwebcams_airportwebcams-cavanaugh-bay-airport-2","name":"Cavanaugh Bay Airport (#2)","type":"airport","city":"","country":"US","feedUrl":"https://www.eye-n-sky.net/webcam/CavBay/CavBay-South.jpg","playerUrl":"","streamUrl":"","feedType":"image","source":"opencctv_airportwebcams","directEligible":true,"updateRate":60000}},{"type":"Feature","geometry":{"type":"Point","coordinates":[-51.19,-29.2]},"properties":{"id":"opencctv_airportwebcams_airportwebcams-caxias-do-sul-airport-1","name":"Caxias Do Sul Airport (#1)","type":"airport","city":"","country":"BR","feedUrl":"https://www.metarsul.com.br/image/5min/sbcx1.jpeg","playerUrl":"","streamUrl":"","feedType":"image","source":"opencctv_airportwebcams","directEligible":true,"updateRate":60000}},{"type":"Feature","geometry":{"type":"Point","coordinates":[-51.19,-29.2]},"properties":{"id":"opencctv_airportwebcams_airportwebcams-caxias-do-sul-airport-2","name":"Caxias Do Sul Airport (#2)","type":"airport","city":"","country":"BR","feedUrl":"https://www.metarsul.com.br/image/5min/sbcx2.jpeg","playerUrl":"","streamUrl":"","feedType":"image","source":"opencctv_airportwebcams","directEligible":true,"updateRate":60000}},{"type":"Feature","geometry":{"type":"Point","coordinates":[-120.73,35.18]},"properties":{"id":"opencctv_surf-cams_805webcams-avila-beach-bay-club-tennis-webcam","name":"805 Webcams Avila Beach Bay Club","type":"nature","city":"Avila Beach","country":"US","feedUrl":"https://www.805webcams.com/cameras/avilabayclub/latest.jpg","playerUrl":"","streamUrl":"","feedType":"image","source":"opencctv_surf-cams","directEligible":true,"updateRate":120}},{"type":"Feature","geometry":{"type":"Point","coordinates":[-119.9839,34.5847]},"properties":{"id":"opencctv_surf-cams_805webcams-cachuma-lake-webcam","name":"805 Webcams Cachuma Lake","type":"water","city":"Santa Barbara","country":"US","feedUrl":"https://www.805webcams.com/cameras/cachumalake/camera.jpg","playerUrl":"","streamUrl":"","feedType":"image","source":"opencctv_surf-cams","directEligible":true,"updateRate":120}},{"type":"Feature","geometry":{"type":"Point","coordinates":[-120.725,35.196]},"properties":{"id":"opencctv_surf-cams_805webcams-flying-flags-avila-beach-live-webcam","name":"805 Webcams Avila Beach Flying Flags","type":"beach","city":"Avila Beach","country":"US","feedUrl":"https://www.805webcams.com/cameras/flyingflags/camera1.jpg","playerUrl":"","streamUrl":"","feedType":"image","source":"opencctv_surf-cams","directEligible":true,"updateRate":120}},{"type":"Feature","geometry":{"type":"Point","coordinates":[-120.6224,35.1215]},"properties":{"id":"opencctv_surf-cams_805webcams-grover-beach-webcam","name":"805 Webcams Grover Beach","type":"beach","city":"Grover Beach","country":"US","feedUrl":"https://www.805webcams.com/cameras/grover/latest.jpg","playerUrl":"","streamUrl":"","feedType":"image","source":"opencctv_surf-cams","directEligible":true,"updateRate":120}},{"type":"Feature","geometry":{"type":"Point","coordinates":[-120.8817,35.7494]},"properties":{"id":"opencctv_surf-cams_805webcams-lake-nacimiento-live-oak-shores-webcam","name":"805 Webcams Lake Nacimiento Oak Shores","type":"water","city":"Bradley","country":"US","feedUrl":"https://www.805webcams.com/cameras/oakshores/camera1.jpg","playerUrl":"","streamUrl":"","feedType":"image","source":"opencctv_surf-cams","directEligible":true,"updateRate":120}},{"type":"Feature","geometry":{"type":"Point","coordinates":[-120.8622,35.7536]},"properties":{"id":"opencctv_surf-cams_805webcams-lake-nacimiento-live-webcam","name":"805 Webcams Lake Nacimiento","type":"water","city":"Bradley","country":"US","feedUrl":"https://www.805webcams.com/cameras/naci/camera1.jpg","playerUrl":"","streamUrl":"","feedType":"image","source":"opencctv_surf-cams","directEligible":true,"updateRate":120}},{"type":"Feature","geometry":{"type":"Point","coordinates":[-120.8499,35.3659]},"properties":{"id":"opencctv_surf-cams_805webcams-morro-bay-california-overlook-live-webcam","name":"805 Webcams Morro Bay Overlook","type":"beach","city":"Morro Bay","country":"US","feedUrl":"https://www.805webcams.com/cameras/morrohill/camera1.jpg","playerUrl":"","streamUrl":"","feedType":"image","source":"opencctv_surf-cams","directEligible":true,"updateRate":120}},{"type":"Feature","geometry":{"type":"Point","coordinates":[-120.691,35.6264]},"properties":{"id":"opencctv_surf-cams_805webcams-paso-robles-sports-club-tennis-webcam","name":"805 Webcams Paso Robles Tennis","type":"nature","city":"Paso Robles","country":"US","feedUrl":"https://www.805webcams.com/cameras/pasotennis/camera.jpg","playerUrl":"","streamUrl":"","feedType":"image","source":"opencctv_surf-cams","directEligible":true,"updateRate":120}},{"type":"Feature","geometry":{"type":"Point","coordinates":[-120.735,35.178]},"properties":{"id":"opencctv_surf-cams_805webcams-pge-avila-beach-california-webcam","name":"805 Webcams Avila Beach Overlook","type":"beach","city":"Avila Beach","country":"US","feedUrl":"https://www.805webcams.com/cameras/pgeavila/camera1.jpg","playerUrl":"","streamUrl":"","feedType":"image","source":"opencctv_surf-cams","directEligible":true,"updateRate":120}},{"type":"Feature","geometry":{"type":"Point","coordinates":[-120.6462,35.1428]},"properties":{"id":"opencctv_surf-cams_805webcams-pismo-beach-live-webcam-shore-cliff","name":"805 Webcams Pismo Beach Shore Cliff","type":"beach","city":"Pismo Beach","country":"US","feedUrl":"https://www.805webcams.com/cameras/shorecliffs/camera1.jpg","playerUrl":"","streamUrl":"","feedType":"image","source":"opencctv_surf-cams","directEligible":true,"updateRate":120}},{"type":"Feature","geometry":{"type":"Point","coordinates":[-120.7522,35.1692]},"properties":{"id":"opencctv_surf-cams_805webcams-port-san-luis-california-webcam","name":"805 Webcams Port San Luis","type":"beach","city":"Avila Beach","country":"US","feedUrl":"https://www.805webcams.com/cameras/portslo/camera1.jpg","playerUrl":"","streamUrl":"","feedType":"image","source":"opencctv_surf-cams","directEligible":true,"updateRate":120}},{"type":"Feature","geometry":{"type":"Point","coordinates":[-120.679,35.267]},"properties":{"id":"opencctv_surf-cams_805webcams-san-luis-obispo-country-club-golf-course","name":"805 Webcams SLO Country Club Golf Course","type":"nature","city":"San Luis Obispo","country":"US","feedUrl":"https://www.805webcams.com/cameras/slocc2/crop.jpg","playerUrl":"","streamUrl":"","feedType":"image","source":"opencctv_surf-cams","directEligible":true,"updateRate":120}},{"type":"Feature","geometry":{"type":"Point","coordinates":[-120.6596,35.2828]},"properties":{"id":"opencctv_surf-cams_805webcams-san-luis-obispo-downtown-webcam","name":"805 Webcams SLO Downtown","type":"nature","city":"San Luis Obispo","country":"US","feedUrl":"https://www.805webcams.com/cameras/slocal8mp/latestwithlogo.jpg","playerUrl":"","streamUrl":"","feedType":"image","source":"opencctv_surf-cams","directEligible":true,"updateRate":120}},{"type":"Feature","geometry":{"type":"Point","coordinates":[-120.6596,35.2828]},"properties":{"id":"opencctv_surf-cams_805webcams-san-luis-obispo-webcam-stoneridge","name":"805 Webcams San Luis Obispo Stoneridge","type":"nature","city":"San Luis Obispo","country":"US","feedUrl":"https://www.805webcams.com/cameras/stoneridge/AMBIENTCAMHD3_00626E6F1080/snap/stoneridgecropped.jpg","playerUrl":"","streamUrl":"","feedType":"image","source":"opencctv_surf-cams","directEligible":true,"updateRate":120}},{"type":"Feature","geometry":{"type":"Point","coordinates":[138.599,-34.9218]},"properties":{"id":"opencctv_adelaide_adelaide-bellnth","name":"Town Hall North","type":"traffic","city":"Adelaide","country":"AU","feedUrl":"https://s3.ap-southeast-2.amazonaws.com/dmzweb.adelaidecitycouncil.com/webcam/images/bellNth.jpg","playerUrl":"","streamUrl":"","feedType":"image","source":"opencctv_adelaide","directEligible":true,"updateRate":5000}},{"type":"Feature","geometry":{"type":"Point","coordinates":[138.6035,-34.9224]},"properties":{"id":"opencctv_adelaide_adelaide-rundleart","name":"Rundle Mall","type":"traffic","city":"Adelaide","country":"AU","feedUrl":"https://s3.ap-southeast-2.amazonaws.com/dmzweb.adelaidecitycouncil.com/webcam/images/RundleArt.jpg","playerUrl":"","streamUrl":"","feedType":"image","source":"opencctv_adelaide","directEligible":true,"updateRate":5000}},{"type":"Feature","geometry":{"type":"Point","coordinates":[-66.9906,10.6031]},"properties":{"id":"opencctv_aeropuerto-caracas_aeropuerto-caracas-este","name":"Aeropuerto Caracas - East View","type":"airport","city":"Maiquetia","country":"VE","feedUrl":"https://www.aeropuertocaracas.net/weather/este.jpg","playerUrl":"","streamUrl":"","feedType":"image","source":"opencctv_aeropuerto-caracas","directEligible":true,"updateRate":60000}},{"type":"Feature","geometry":{"type":"Point","coordinates":[-66.9902,10.6035]},"properties":{"id":"opencctv_aeropuerto-caracas_aeropuerto-caracas-norte","name":"Aeropuerto Caracas - North View","type":"airport","city":"Maiquetia","country":"VE","feedUrl":"https://www.aeropuertocaracas.net/weather/norte.jpg","playerUrl":"","streamUrl":"","feedType":"image","source":"opencctv_aeropuerto-caracas","directEligible":true,"updateRate":60000}},{"type":"Feature","geometry":{"type":"Point","coordinates":[-66.9904,10.6033]},"properties":{"id":"opencctv_aeropuerto-caracas_aeropuerto-caracas-oeste","name":"Aeropuerto Caracas - West View","type":"airport","city":"Maiquetia","country":"VE","feedUrl":"https://www.aeropuertocaracas.net/weather/oeste.jpg","playerUrl":"","streamUrl":"","feedType":"image","source":"opencctv_aeropuerto-caracas","directEligible":true,"updateRate":60000}},{"type":"Feature","geometry":{"type":"Point","coordinates":[-66.99,10.6037]},"properties":{"id":"opencctv_aeropuerto-caracas_aeropuerto-caracas-sur","name":"Aeropuerto Caracas - South View","type":"airport","city":"Maiquetia","country":"VE","feedUrl":"https://www.aeropuertocaracas.net/weather/sur.jpg","playerUrl":"","streamUrl":"","feedType":"image","source":"opencctv_aeropuerto-caracas","directEligible":true,"updateRate":60000}},{"type":"Feature","geometry":{"type":"Point","coordinates":[30.88,-24.18]},"properties":{"id":"opencctv_africam_africam-black-eagle","name":"Black Eagle Nest","type":"nature","city":"Selati Game Reserve","country":"ZA","feedUrl":"https://www.youtube.com/embed/xsiM3-M5bmo","playerUrl":"","streamUrl":"","feedType":"iframe","source":"opencctv_africam","directEligible":true,"updateRate":30000}},{"type":"Feature","geometry":{"type":"Point","coordinates":[24.51,-20.43]},"properties":{"id":"opencctv_africam_africam-camelthorn","name":"Camelthorn","type":"nature","city":"Boteti River","country":"BW","feedUrl":"https://www.youtube.com/embed/mk02pEy3FdA","playerUrl":"","streamUrl":"","feedType":"iframe","source":"opencctv_africam","directEligible":true,"updateRate":30000}},{"type":"Feature","geometry":{"type":"Point","coordinates":[23.65,-19.16]},"properties":{"id":"opencctv_africam_africam-elephant-pan","name":"Elephant Pan","type":"nature","city":"Khwai Private Reserve","country":"BW","feedUrl":"https://www.youtube.com/embed/QJe1tGI1EZc","playerUrl":"","streamUrl":"","feedType":"iframe","source":"opencctv_africam","directEligible":true,"updateRate":30000}},{"type":"Feature","geometry":{"type":"Point","coordinates":[37.91,-2.93]},"properties":{"id":"opencctv_africam_africam-finch-hattons","name":"Finch Hattons","type":"nature","city":"Tsavo West","country":"KE","feedUrl":"https://www.youtube.com/embed/Xe9CPAdyAro","playerUrl":"","streamUrl":"","feedType":"iframe","source":"opencctv_africam","directEligible":true,"updateRate":30000}},{"type":"Feature","geometry":{"type":"Point","coordinates":[26.12,-33.46]},"properties":{"id":"opencctv_africam_africam-founders-lodge-by-mantis","name":"Founders Lodge","type":"nature","city":"Eastern Cape","country":"ZA","feedUrl":"https://www.youtube.com/embed/LaicUirnDJ4","playerUrl":"","streamUrl":"","feedType":"iframe","source":"opencctv_africam","directEligible":true,"updateRate":30000}},{"type":"Feature","geometry":{"type":"Point","coordinates":[30.94,-24.39]},"properties":{"id":"opencctv_africam_africam-hesc-1","name":"HESC (Hoedspruit Endangered Species Centre) - Rhino Boma","type":"nature","city":"Hoedspruit","country":"ZA","feedUrl":"https://www.youtube.com/embed/YhXWGJQtEQY","playerUrl":"","streamUrl":"","feedType":"iframe","source":"opencctv_africam","directEligible":true,"updateRate":30000}},{"type":"Feature","geometry":{"type":"Point","coordinates":[26.97,-18.53]},"properties":{"id":"opencctv_africam_africam-hwange-safari-lodge","name":"Hwange Safari Lodge","type":"nature","city":"Hwange","country":"ZW","feedUrl":"https://www.youtube.com/embed/DhCfRI7XssU","playerUrl":"","streamUrl":"","feedType":"iframe","source":"opencctv_africam","directEligible":true,"updateRate":30000}},{"type":"Feature","geometry":{"type":"Point","coordinates":[31.01,-24.43]},"properties":{"id":"opencctv_africam_africam-jabulani-safari-lodge","name":"Jabulani Safari Lodge","type":"nature","city":"Kapama","country":"ZA","feedUrl":"https://www.youtube.com/embed/8JzwlpcVyKM","playerUrl":"","streamUrl":"","feedType":"iframe","source":"opencctv_africam","directEligible":true,"updateRate":30000}},{"type":"Feature","geometry":{"type":"Point","coordinates":[25.18,-20.5]},"properties":{"id":"opencctv_africam_africam-jackscamp","name":"Jack's Camp","type":"nature","city":"Makgadikgadi Pans","country":"BW","feedUrl":"https://www.youtube.com/embed/jG0uYl5S44E","playerUrl":"","streamUrl":"","feedType":"iframe","source":"opencctv_africam","directEligible":true,"updateRate":30000}},{"type":"Feature","geometry":{"type":"Point","coordinates":[25.59,-20.57]},"properties":{"id":"opencctv_africam_africam-kalahari","name":"Kalahari Salt Pan","type":"nature","city":"Makgadikgadi Pans","country":"BW","feedUrl":"https://www.youtube.com/embed/ZVRUiKmCs84","playerUrl":"","streamUrl":"","feedType":"iframe","source":"opencctv_africam","directEligible":true,"updateRate":30000}},{"type":"Feature","geometry":{"type":"Point","coordinates":[31.35,-24.25]},"properties":{"id":"opencctv_africam_africam-kingscamp","name":"Kings Camp","type":"nature","city":"Timbavati Game Reserve","country":"ZA","feedUrl":"https://www.youtube.com/embed/_AyumoafMOU","playerUrl":"","streamUrl":"","feedType":"iframe","source":"opencctv_africam","directEligible":true,"updateRate":30000}},{"type":"Feature","geometry":{"type":"Point","coordinates":[31.59,-25.12]},"properties":{"id":"opencctv_africam_africam-kruger-shalati-2","name":"Kruger Shalati - Shalati Sunrise Live Stream","type":"nature","city":"Kruger National Park","country":"ZA","feedUrl":"https://www.youtube.com/embed/eTZ6ZgI8oG0","playerUrl":"","streamUrl":"","feedType":"iframe","source":"opencctv_africam","directEligible":true,"updateRate":30000}},{"type":"Feature","geometry":{"type":"Point","coordinates":[31.59,-25.12]},"properties":{"id":"opencctv_africam_africam-kruger-shalati-3","name":"Kruger Shalati - Bridge Camera Live Stream","type":"nature","city":"Kruger National Park","country":"ZA","feedUrl":"https://www.youtube.com/embed/0mmIsIZXJx4","playerUrl":"","streamUrl":"","feedType":"iframe","source":"opencctv_africam","directEligible":true,"updateRate":30000}},{"type":"Feature","geometry":{"type":"Point","coordinates":[27.08,-25.24]},"properties":{"id":"opencctv_africam_africam-kwa-maritane","name":"Kwa Maritane Bush Lodge","type":"nature","city":"Pilanesberg","country":"ZA","feedUrl":"https://www.youtube.com/embed/aWglOXp5id0","playerUrl":"","streamUrl":"","feedType":"iframe","source":"opencctv_africam","directEligible":true,"updateRate":30000}},{"type":"Feature","geometry":{"type":"Point","coordinates":[36.0833,0.7833]},"properties":{"id":"opencctv_africam_africam-lentorre-lodge","name":"Lentorre Lodge","type":"nature","city":"South Central Rift Valley","country":"KE","feedUrl":"https://www.youtube.com/embed/bEmFpjwMOvs","playerUrl":"","streamUrl":"","feedType":"iframe","source":"opencctv_africam","directEligible":true,"updateRate":30000}},{"type":"Feature","geometry":{"type":"Point","coordinates":[24.76,-28.67]},"properties":{"id":"opencctv_africam_africam-lesser-flamingos","name":"Lesser Flamingos","type":"nature","city":"Kimberley","country":"ZA","feedUrl":"https://www.youtube.com/embed/IdDorfgnATw","playerUrl":"","streamUrl":"","feedType":"iframe","source":"opencctv_africam","directEligible":true,"updateRate":30000}},{"type":"Feature","geometry":{"type":"Point","coordinates":[35.22,-1.27]},"properties":{"id":"opencctv_africam_africam-mahali-mzuri-1","name":"Mahali Mzuri - Mahali Mzuri Lodge View","type":"nature","city":"Maasai Mara","country":"KE","feedUrl":"https://www.youtube.com/embed/ZWhvO6R37ck","playerUrl":"","streamUrl":"","feedType":"iframe","source":"opencctv_africam","directEligible":true,"updateRate":30000}},{"type":"Feature","geometry":{"type":"Point","coordinates":[35.22,-1.27]},"properties":{"id":"opencctv_africam_africam-mahali-mzuri-2","name":"Mahali Mzuri - Mahali Mzuri Landscape","type":"nature","city":"Maasai Mara","country":"KE","feedUrl":"https://www.youtube.com/embed/jIh2FYqMOw0","playerUrl":"","streamUrl":"","feedType":"iframe","source":"opencctv_africam","directEligible":true,"updateRate":30000}},{"type":"Feature","geometry":{"type":"Point","coordinates":[24.32,-20.32]},"properties":{"id":"opencctv_africam_africam-meno","name":"Meno a Kwena","type":"nature","city":"Boteti River","country":"BW","feedUrl":"https://www.youtube.com/embed/RZFMYVNhd4k","playerUrl":"","streamUrl":"","feedType":"iframe","source":"opencctv_africam","directEligible":true,"updateRate":30000}},{"type":"Feature","geometry":{"type":"Point","coordinates":[24.5,-20.39]},"properties":{"id":"opencctv_africam_africam-moela","name":"Moela Lodge","type":"nature","city":"Boteti River","country":"BW","feedUrl":"https://www.youtube.com/embed/54Y7xlLrkuo","playerUrl":"","streamUrl":"","feedType":"iframe","source":"opencctv_africam","directEligible":true,"updateRate":30000}},{"type":"Feature","geometry":{"type":"Point","coordinates":[30.91,-24.21]},"properties":{"id":"opencctv_africam_africam-naledi-bush-lodge-1","name":"Naledi Bush Lodge - Rosie’s Pan Live Stream","type":"nature","city":"Olifants West","country":"ZA","feedUrl":"https://www.youtube.com/embed/Cq2qCph6Lx8","playerUrl":"","streamUrl":"","feedType":"iframe","source":"opencctv_africam","directEligible":true,"updateRate":30000}},{"type":"Feature","geometry":{"type":"Point","coordinates":[30.91,-24.21]},"properties":{"id":"opencctv_africam_africam-naledi-bush-lodge-2","name":"Naledi Bush Lodge - Cat Eye Pan Live Stream","type":"nature","city":"Olifants West","country":"ZA","feedUrl":"https://www.youtube.com/embed/QGvjAPzImR8","playerUrl":"","streamUrl":"","feedType":"iframe","source":"opencctv_africam","directEligible":true,"updateRate":30000}},{"type":"Feature","geometry":{"type":"Point","coordinates":[30.91,-24.21]},"properties":{"id":"opencctv_africam_africam-naledi-bush-lodge-3","name":"Naledi Bush Lodge - Olifants Live Stream","type":"nature","city":"Olifants West","country":"ZA","feedUrl":"https://www.youtube.com/embed/NapztoCaKFY","playerUrl":"","streamUrl":"","feedType":"iframe","source":"opencctv_africam","directEligible":true,"updateRate":30000}},{"type":"Feature","geometry":{"type":"Point","coordinates":[30.91,-24.21]},"properties":{"id":"opencctv_africam_africam-naledi-bush-lodge-4","name":"Naledi Bush Lodge - Naledi Dam Live Stream","type":"nature","city":"Olifants West","country":"ZA","feedUrl":"https://www.youtube.com/embed/S4GIPXZnQTM","playerUrl":"","streamUrl":"","feedType":"iframe","source":"opencctv_africam","directEligible":true,"updateRate":30000}},{"type":"Feature","geometry":{"type":"Point","coordinates":[31.37,-24.67]},"properties":{"id":"opencctv_africam_africam-nkorho-bush-lodge","name":"Nkorho Bush Lodge","type":"nature","city":"Sabi Sand","country":"ZA","feedUrl":"https://www.youtube.com/embed/sQAhSkjRKGk","playerUrl":"","streamUrl":"","feedType":"iframe","source":"opencctv_africam","directEligible":true,"updateRate":30000}},{"type":"Feature","geometry":{"type":"Point","coordinates":[37.73,-2.43]},"properties":{"id":"opencctv_africam_africam-ol-donyo-lodge","name":"ol Donyo Lodge","type":"nature","city":"Chyulu Hills","country":"KE","feedUrl":"https://www.youtube.com/embed/XsOU8JnEpNM","playerUrl":"","streamUrl":"","feedType":"iframe","source":"opencctv_africam","directEligible":true,"updateRate":30000}},{"type":"Feature","geometry":{"type":"Point","coordinates":[16.92,-18.78]},"properties":{"id":"opencctv_africam_africam-onguma-the-fort-live-stream-africam-live-camera-bordering-etosha-namibia","name":"Onguma - The Fort","type":"nature","city":"Etosha","country":"NA","feedUrl":"https://www.youtube.com/embed/yuIm1V7Ne7I","playerUrl":"","streamUrl":"","feedType":"iframe","source":"opencctv_africam","directEligible":true,"updateRate":30000}},{"type":"Feature","geometry":{"type":"Point","coordinates":[18.89,-34.37]},"properties":{"id":"opencctv_africam_africam-penguins","name":"Stony Point Penguins","type":"nature","city":"Betty's Bay","country":"ZA","feedUrl":"https://www.youtube.com/embed/NiwrvhQIHIo","playerUrl":"","streamUrl":"","feedType":"iframe","source":"opencctv_africam","directEligible":true,"updateRate":30000}},{"type":"Feature","geometry":{"type":"Point","coordinates":[15.52,-19.17]},"properties":{"id":"opencctv_africam_africam-safarihoek","name":"Safarihoek","type":"nature","city":"Etosha Heights","country":"NA","feedUrl":"https://www.youtube.com/embed/qwvk5hbEJnY","playerUrl":"","streamUrl":"","feedType":"iframe","source":"opencctv_africam","directEligible":true,"updateRate":30000}},{"type":"Feature","geometry":{"type":"Point","coordinates":[34.8333,-2.3333]},"properties":{"id":"opencctv_africam_africam-serengeti","name":"Elewana Serengeti Explorer","type":"nature","city":"Serengeti","country":"TZ","feedUrl":"https://www.youtube.com/embed/BmOLK7LTKbY","playerUrl":"","streamUrl":"","feedType":"iframe","source":"opencctv_africam","directEligible":true,"updateRate":30000}},{"type":"Feature","geometry":{"type":"Point","coordinates":[-141.15,64.78]},"properties":{"id":"opencctv_airportwebcams_airportwebcams-eagle-airport-1","name":"Eagle Airport","type":"airport","city":"","country":"US","feedUrl":"https://weathercams.faa.gov/map/-141.1636,64.57615,9/cameraSite/272/summary","playerUrl":"","streamUrl":"","feedType":"iframe","source":"opencctv_airportwebcams","directEligible":false,"updateRate":30000}},{"type":"Feature","geometry":{"type":"Point","coordinates":[-106.92,39.64]},"properties":{"id":"opencctv_airportwebcams_airportwebcams-eagle-county-airport-3","name":"Eagle County Airport (EGE) (#3)","type":"airport","city":"","country":"US","feedUrl":"https://weathercams.faa.gov/map/-106.91843,39.445462,9/cameraSite/543/summary","playerUrl":"","streamUrl":"","feedType":"iframe","source":"opencctv_airportwebcams","directEligible":false,"updateRate":30000}},{"type":"Feature","geometry":{"type":"Point","coordinates":[-70.95,43.99]},"properties":{"id":"opencctv_airportwebcams_airportwebcams-eastern-slopes-airport-1","name":"Eastern Slopes Airport (IZG)","type":"airport","city":"","country":"US","feedUrl":"https://weathercams.faa.gov/map/-73.58649,42.91007,-68.31305,44.65488/cameraSite/617/summary","playerUrl":"","streamUrl":"","feedType":"iframe","source":"opencctv_airportwebcams","directEligible":false,"updateRate":30000}},{"type":"Feature","geometry":{"type":"Point","coordinates":[-67.01,44.91]},"properties":{"id":"opencctv_airportwebcams_airportwebcams-eastport-municipal-airport-1","name":"Eastport Municipal Airport (EPM)","type":"airport","city":"","country":"US","feedUrl":"https://weathercams.faa.gov/map/-69.64872,43.84735,-64.37528,45.56497/cameraSite/621/summary","playerUrl":"","streamUrl":"","feedType":"iframe","source":"opencctv_airportwebcams","directEligible":false,"updateRate":30000}},{"type":"Feature","geometry":{"type":"Point","coordinates":[-0.46,54.11]},"properties":{"id":"opencctv_airportwebcams_airportwebcams-eddsfield-airfield-1","name":"Eddsfield Airfield","type":"airport","city":"","country":"GB","feedUrl":"https://www.eddsfield.co.uk/weather.html","playerUrl":"","streamUrl":"","feedType":"iframe","source":"opencctv_airportwebcams","directEligible":true,"updateRate":30000}},{"type":"Feature","geometry":{"type":"Point","coordinates":[-162.04,60.21]},"properties":{"id":"opencctv_airportwebcams_airportwebcams-eek-airport-1","name":"Eek Airport","type":"airport","city":"","country":"US","feedUrl":"https://weathercams.faa.gov/map/-164.62555,59.40566,-159.39881,60.615/cameraSite/102/summary","playerUrl":"","streamUrl":"","feedType":"iframe","source":"opencctv_airportwebcams","directEligible":false,"updateRate":30000}},{"type":"Feature","geometry":{"type":"Point","coordinates":[13.99,48.34]},"properties":{"id":"opencctv_airportwebcams_airportwebcams-eferding-airfield-1","name":"Eferding Airfield (#1)","type":"airport","city":"","country":"AT","feedUrl":"https://www.smbc-eferding.at/webcam/flugplatz.jpg","playerUrl":"","streamUrl":"","feedType":"image","source":"opencctv_airportwebcams","directEligible":true,"updateRate":60000}},{"type":"Feature","geometry":{"type":"Point","coordinates":[13.99,48.34]},"properties":{"id":"opencctv_airportwebcams_airportwebcams-eferding-airfield-2","name":"Eferding Airfield (#2)","type":"airport","city":"","country":"AT","feedUrl":"https://www.smbc-eferding.at/webcam/flugplatz2.jpg","playerUrl":"","streamUrl":"","feedType":"image","source":"opencctv_airportwebcams","directEligible":true,"updateRate":60000}},{"type":"Feature","geometry":{"type":"Point","coordinates":[10.47,50.99]},"properties":{"id":"opencctv_airportwebcams_airportwebcams-eisenach-kindel-airfield-1","name":"Eisenach Kindel Airfield","type":"airport","city":"","country":"DE","feedUrl":"https://flugschule-kindel.de/live/","playerUrl":"","streamUrl":"","feedType":"iframe","source":"opencctv_airportwebcams","directEligible":true,"updateRate":30000}},{"type":"Feature","geometry":{"type":"Point","coordinates":[14.59,52.2]},"properties":{"id":"opencctv_airportwebcams_airportwebcams-eisenhuttenstadt-airport-1","name":"Eisenhuttenstadt Airport (#1)","type":"airport","city":"","country":"DE","feedUrl":"https://flugplatz-edae.com/wp-content/uploads/webcam/cam1_snap.png","playerUrl":"","streamUrl":"","feedType":"image","source":"opencctv_airportwebcams","directEligible":true,"updateRate":60000}},{"type":"Feature","geometry":{"type":"Point","coordinates":[14.59,52.2]},"properties":{"id":"opencctv_airportwebcams_airportwebcams-eisenhuttenstadt-airport-2","name":"Eisenhuttenstadt Airport (#2)","type":"airport","city":"","country":"DE","feedUrl":"https://flugplatz-edae.com/flugplatzdaten/webcam/","playerUrl":"","streamUrl":"","feedType":"iframe","source":"opencctv_airportwebcams","directEligible":true,"updateRate":30000}},{"type":"Feature","geometry":{"type":"Point","coordinates":[-104.54,45.88]},"properties":{"id":"opencctv_airportwebcams_airportwebcams-ekalaka-airport-1","name":"Ekalaka Airport","type":"airport","city":"","country":"US","feedUrl":"https://weathercams.faa.gov/map/-107.17974,44.82857,-101.9063,46.51727/cameraSite/695/summary","playerUrl":"","streamUrl":"","feedType":"iframe","source":"opencctv_airportwebcams","directEligible":false,"updateRate":30000}},{"type":"Feature","geometry":{"type":"Point","coordinates":[-162.27,64.61]},"properties":{"id":"opencctv_airportwebcams_airportwebcams-elim-airport-1","name":"Elim Airport","type":"airport","city":"","country":"US","feedUrl":"https://weathercams.faa.gov/map/-164.88508,63.88906,-159.65834,64.93401/cameraSite/6/summary","playerUrl":"","streamUrl":"","feedType":"iframe","source":"opencctv_airportwebcams","directEligible":false,"updateRate":30000}},{"type":"Feature","geometry":{"type":"Point","coordinates":[-81.89,36.16]},"properties":{"id":"opencctv_airportwebcams_airportwebcams-elk-river-airport-1","name":"Elk River Airport (#1)","type":"airport","city":"","country":"US","feedUrl":"https://gamma.raysweather.com/images/webcams/ElkRiverRunway/image.tmp.jpg","playerUrl":"","streamUrl":"","feedType":"image","source":"opencctv_airportwebcams","directEligible":true,"updateRate":60000}},{"type":"Feature","geometry":{"type":"Point","coordinates":[-81.89,36.16]},"properties":{"id":"opencctv_airportwebcams_airportwebcams-elk-river-airport-2","name":"Elk River Airport (#2)","type":"airport","city":"","country":"US","feedUrl":"https://www.elkriverairport.com/runway-cam/","playerUrl":"","streamUrl":"","feedType":"iframe","source":"opencctv_airportwebcams","directEligible":true,"updateRate":30000}},{"type":"Feature","geometry":{"type":"Point","coordinates":[-115.79,40.83]},"properties":{"id":"opencctv_airportwebcams_airportwebcams-elko-regional-airport-1","name":"Elko Regional Airport (EKO)","type":"airport","city":"","country":"US","feedUrl":"https://www.mountainwestaviation.com/elko-regional-airport.html","playerUrl":"","streamUrl":"","feedType":"iframe","source":"opencctv_airportwebcams","directEligible":true,"updateRate":30000}},{"type":"Feature","geometry":{"type":"Point","coordinates":[-0.33,51.66]},"properties":{"id":"opencctv_airportwebcams_airportwebcams-elstree-airfield-1","name":"Elstree Airfield","type":"airport","city":"","country":"GB","feedUrl":"https://flyelstree.co.uk/?page_id=122","playerUrl":"","streamUrl":"","feedType":"iframe","source":"opencctv_airportwebcams","directEligible":true,"updateRate":30000}},{"type":"Feature","geometry":{"type":"Point","coordinates":[8.01,50.43]},"properties":{"id":"opencctv_airportwebcams_airportwebcams-elz-airfield-1","name":"Elz Airfield","type":"airport","city":"","country":"DE","feedUrl":"https://www.edfy.de/wp-content/webcam/webcam_elz.jpg","playerUrl":"","streamUrl":"","feedType":"image","source":"opencctv_airportwebcams","directEligible":true,"updateRate":60000}},{"type":"Feature","geometry":{"type":"Point","coordinates":[-164.49,62.78]},"properties":{"id":"opencctv_airportwebcams_airportwebcams-emmonak-airport-1","name":"Emmonak Airport","type":"airport","city":"","country":"US","feedUrl":"https://weathercams.faa.gov/map/-167.10877,62.01579,-161.88203,63.13022/cameraSite/42/summary","playerUrl":"","streamUrl":"","feedType":"iframe","source":"opencctv_airportwebcams","directEligible":false,"updateRate":30000}},{"type":"Feature","geometry":{"type":"Point","coordinates":[-1.44,51.92]},"properties":{"id":"opencctv_airportwebcams_airportwebcams-enstone-airfield-1","name":"Enstone Airfield","type":"airport","city":"","country":"GB","feedUrl":"https://www.enstoneflyingclub.co.uk/pwpcontrol.php?pwpID=7824","playerUrl":"","streamUrl":"","feedType":"iframe","source":"opencctv_airportwebcams","directEligible":true,"updateRate":30000}},{"type":"Feature","geometry":{"type":"Point","coordinates":[-119.52,47.31]},"properties":{"id":"opencctv_airportwebcams_airportwebcams-ephrata-airport-1","name":"Ephrata Airport (EPH)","type":"airport","city":"","country":"US","feedUrl":"https://seattleglidercouncil.org/page-18188","playerUrl":"","streamUrl":"","feedType":"iframe","source":"opencctv_airportwebcams","directEligible":true,"updateRate":30000}},{"type":"Feature","geometry":{"type":"Point","coordinates":[6.45,48.21]},"properties":{"id":"opencctv_airportwebcams_airportwebcams-epinal-dogneville-airport-1","name":"Epinal Dogneville Airport","type":"airport","city":"","country":"FR","feedUrl":"https://cam-aero.eu/raspicamaero/LFSE_Epinal_Dogneville/img","playerUrl":"","streamUrl":"","feedType":"iframe","source":"opencctv_airportwebcams","directEligible":false,"updateRate":30000}},{"type":"Feature","geometry":{"type":"Point","coordinates":[9.92,48.34]},"properties":{"id":"opencctv_airportwebcams_airportwebcams-erbach-airfield-1","name":"Erbach Airfield","type":"airport","city":"","country":"DE","feedUrl":"https://www.lsv-erbach.de/webcams/","playerUrl":"","streamUrl":"","feedType":"iframe","source":"opencctv_airportwebcams","directEligible":true,"updateRate":30000}},{"type":"Feature","geometry":{"type":"Point","coordinates":[9.92,48.34]},"properties":{"id":"opencctv_airportwebcams_airportwebcams-erbach-airfield-2","name":"Erbach Airfield (#2)","type":"airport","city":"","country":"DE","feedUrl":"https://www.sfc-ulm.de/daten/webcam-neu.jpg","playerUrl":"","streamUrl":"","feedType":"image","source":"opencctv_airportwebcams","directEligible":true,"updateRate":60000}},{"type":"Feature","geometry":{"type":"Point","coordinates":[11.19,51.2]},"properties":{"id":"opencctv_airportwebcams_airportwebcams-erfurt-sommerda-airfield-1","name":"Erfurt Sommerda Airfield","type":"airport","city":"","country":"DE","feedUrl":"https://flugservice-soemmerda.de/webcam-wetter/","playerUrl":"","streamUrl":"","feedType":"iframe","source":"opencctv_airportwebcams","directEligible":true,"updateRate":30000}},{"type":"Feature","geometry":{"type":"Point","coordinates":[-80.18,42.08]},"properties":{"id":"opencctv_airportwebcams_airportwebcams-erie-international-airport-1","name":"Erie International Airport (ERI) (#1)","type":"airport","city":"","country":"US","feedUrl":"https://www.yourerie.com/erie-international-airport-wxcam/","playerUrl":"","streamUrl":"","feedType":"iframe","source":"opencctv_airportwebcams","directEligible":false,"updateRate":30000}},{"type":"Feature","geometry":{"type":"Point","coordinates":[-80.18,42.08]},"properties":{"id":"opencctv_airportwebcams_airportwebcams-erie-international-airport-2","name":"Erie International Airport (ERI) (#2)","type":"airport","city":"","country":"US","feedUrl":"https://hazcams.com/station/erie-pa-us-002","playerUrl":"","streamUrl":"","feedType":"iframe","source":"opencctv_airportwebcams","directEligible":true,"updateRate":30000}},{"type":"Feature","geometry":{"type":"Point","coordinates":[6.36,51.06]},"properties":{"id":"opencctv_airportwebcams_airportwebcams-erkelenz-kuckhoven-airfield-1","name":"Erkelenz Kuckhoven Airfield","type":"airport","city":"","country":"FR","feedUrl":"https://www.ulerk.de/flugplatz-informationen/webcam/","playerUrl":"","streamUrl":"","feedType":"iframe","source":"opencctv_airportwebcams","directEligible":true,"updateRate":30000}},{"type":"Feature","geometry":{"type":"Point","coordinates":[2.08,48.38]},"properties":{"id":"opencctv_airportwebcams_airportwebcams-etampes-mondesir-airport-1","name":"Etampes Mondesir Airport","type":"airport","city":"","country":"FR","feedUrl":"https://cam-aero.eu/raspicamaero/LFOX_GAMA/img","playerUrl":"","streamUrl":"","feedType":"iframe","source":"opencctv_airportwebcams","directEligible":false,"updateRate":30000}},{"type":"Feature","geometry":{"type":"Point","coordinates":[-123.21,44.12]},"properties":{"id":"opencctv_airportwebcams_airportwebcams-eugene-airport-1","name":"Eugene Airport (EUG)","type":"airport","city":"","country":"US","feedUrl":"https://weathercams.faa.gov/map/-125.8457,43.04719,-120.57226,44.78805/cameraSite/924/summary","playerUrl":"","streamUrl":"","feedType":"iframe","source":"opencctv_airportwebcams","directEligible":false,"updateRate":30000}},{"type":"Feature","geometry":{"type":"Point","coordinates":[-92.5,47.42]},"properties":{"id":"opencctv_airportwebcams_airportwebcams-eveleth-virginia-municipal-airport-1","name":"Eveleth Virginia Municipal Airport (EVM)","type":"airport","city":"","country":"US","feedUrl":"https://weathercams.faa.gov/map/-95.14092,46.38861,-89.86748,48.05237/cameraSite/721/summary","playerUrl":"","streamUrl":"","feedType":"iframe","source":"opencctv_airportwebcams","directEligible":false,"updateRate":30000}},{"type":"Feature","geometry":{"type":"Point","coordinates":[-147.85,64.81]},"properties":{"id":"opencctv_airportwebcams_airportwebcams-fairbanks-international-airport-1","name":"Fairbanks International Airport","type":"airport","city":"","country":"US","feedUrl":"https://roadweather.alaska.gov/sites/340/cameras","playerUrl":"","streamUrl":"","feedType":"iframe","source":"opencctv_airportwebcams","directEligible":true,"updateRate":30000}},{"type":"Feature","geometry":{"type":"Point","coordinates":[-121.87,47.56]},"properties":{"id":"opencctv_airportwebcams_airportwebcams-fall-city-airfield-1","name":"Fall City Airfield","type":"airport","city":"","country":"US","feedUrl":"https://1wa6.com/","playerUrl":"","streamUrl":"","feedType":"iframe","source":"opencctv_airportwebcams","directEligible":false,"updateRate":30000}},{"type":"Feature","geometry":{"type":"Point","coordinates":[-163.41,54.85]},"properties":{"id":"opencctv_airportwebcams_airportwebcams-false-pass-airport-1","name":"False Pass Airport","type":"airport","city":"","country":"US","feedUrl":"https://weathercams.faa.gov/map/-166.02324,53.94408,-160.7965,55.3441/cameraSite/98/summary","playerUrl":"","streamUrl":"","feedType":"iframe","source":"opencctv_airportwebcams","directEligible":false,"updateRate":30000}},{"type":"Feature","geometry":{"type":"Point","coordinates":[-153.89,62.51]},"properties":{"id":"opencctv_airportwebcams_airportwebcams-farewell-airport-1","name":"Farewell Airport","type":"airport","city":"","country":"US","feedUrl":"https://weathercams.faa.gov/map/-156.50139,61.74205,-151.27465,62.86654/cameraSite/46/summary","playerUrl":"","streamUrl":"","feedType":"iframe","source":"opencctv_airportwebcams","directEligible":false,"updateRate":30000}},{"type":"Feature","geometry":{"type":"Point","coordinates":[-93.31,44.32]},"properties":{"id":"opencctv_airportwebcams_airportwebcams-faribault-municipal-airport-1","name":"Faribault Municipal Airport (FBL)","type":"airport","city":"","country":"US","feedUrl":"https://weathercams.faa.gov/map/-93.30618,44.12786,9/cameraSite/892/summary","playerUrl":"","streamUrl":"","feedType":"iframe","source":"opencctv_airportwebcams","directEligible":false,"updateRate":30000}},{"type":"Feature","geometry":{"type":"Point","coordinates":[14.08,46.71]},"properties":{"id":"opencctv_airportwebcams_airportwebcams-feldkirchen-ossiacher-see-airfield-1","name":"Feldkirchen Ossiacher See Airfield (#1)","type":"airport","city":"","country":"AT","feedUrl":"https://webcam.lokf.at/webcam/current20.jpg","playerUrl":"","streamUrl":"","feedType":"image","source":"opencctv_airportwebcams","directEligible":true,"updateRate":60000}},{"type":"Feature","geometry":{"type":"Point","coordinates":[14.08,46.71]},"properties":{"id":"opencctv_airportwebcams_airportwebcams-feldkirchen-ossiacher-see-airfield-2","name":"Feldkirchen Ossiacher See Airfield (#2)","type":"airport","city":"","country":"AT","feedUrl":"https://webcam.lokf.at/webcam/current.jpg","playerUrl":"","streamUrl":"","feedType":"image","source":"opencctv_airportwebcams","directEligible":true,"updateRate":60000}},{"type":"Feature","geometry":{"type":"Point","coordinates":[10.25,44.71]},"properties":{"id":"opencctv_airportwebcams_airportwebcams-felino-parma-airport-1","name":"Felino Parma Airport","type":"airport","city":"","country":"IT","feedUrl":"https://content.meteobridge.com/cam/dffbd4b27c6dc920d7ca8da379dc6acb/camplus.jpg","playerUrl":"","streamUrl":"","feedType":"image","source":"opencctv_airportwebcams","directEligible":true,"updateRate":60000}},{"type":"Feature","geometry":{"type":"Point","coordinates":[-117.32,47.68]},"properties":{"id":"opencctv_airportwebcams_airportwebcams-felts-field-airport-1","name":"Felts Field Airport (SFF)","type":"airport","city":"","country":"US","feedUrl":"https://www.feltsfieldflyers.com/","playerUrl":"","streamUrl":"","feedType":"iframe","source":"opencctv_airportwebcams","directEligible":true,"updateRate":30000}},{"type":"Feature","geometry":{"type":"Point","coordinates":[11.61,44.81]},"properties":{"id":"opencctv_airportwebcams_airportwebcams-ferrara-airport-1","name":"Ferrara Airport (#1)","type":"airport","city":"","country":"IT","feedUrl":"https://www.aecferrara.it/cam/snapshot.jpg","playerUrl":"","streamUrl":"","feedType":"image","source":"opencctv_airportwebcams","directEligible":true,"updateRate":60000}},{"type":"Feature","geometry":{"type":"Point","coordinates":[16.85,47.58]},"properties":{"id":"opencctv_airportwebcams_airportwebcams-fertoszentmiklos-airport-1","name":"Fertoszentmiklos Airport","type":"airport","city":"","country":"HU","feedUrl":"https://www.meidlairport.com/Webcam/","playerUrl":"","streamUrl":"","feedType":"iframe","source":"opencctv_airportwebcams","directEligible":true,"updateRate":30000}},{"type":"Feature","geometry":{"type":"Point","coordinates":[4.2,45.71]},"properties":{"id":"opencctv_airportwebcams_airportwebcams-feurs-chambeon-airport-1","name":"Feurs Chambeon Airport","type":"airport","city":"","country":"FR","feedUrl":"https://cam-aero.eu/raspicamaero/LFLZ_AirClubDuForez/img","playerUrl":"","streamUrl":"","feedType":"iframe","source":"opencctv_airportwebcams","directEligible":false,"updateRate":30000}},{"type":"Feature","geometry":{"type":"Point","coordinates":[-3.22,56.18]},"properties":{"id":"opencctv_airportwebcams_airportwebcams-fife-airport-3","name":"Fife Airport (#3)","type":"airport","city":"","country":"GB","feedUrl":"https://www.fifeflyingclub.co.uk/webcams","playerUrl":"","streamUrl":"","feedType":"iframe","source":"opencctv_airportwebcams","directEligible":false,"updateRate":30000}},{"type":"Feature","geometry":{"type":"Point","coordinates":[12.71,42.93]},"properties":{"id":"opencctv_airportwebcams_airportwebcams-foligno-airport-2","name":"Foligno Airport (#2)","type":"airport","city":"","country":"IT","feedUrl":"https://www.meteofoligno.it/","playerUrl":"","streamUrl":"","feedType":"iframe","source":"opencctv_airportwebcams","directEligible":true,"updateRate":30000}},{"type":"Feature","geometry":{"type":"Point","coordinates":[2.91,48.71]},"properties":{"id":"opencctv_airportwebcams_airportwebcams-fontenay-tresigny-airport-1","name":"Fontenay Tresigny Airport","type":"airport","city":"","country":"FR","feedUrl":"https://cam-aero.eu/raspicamaero/LFPQ_AeroClubChaubuisson/img","playerUrl":"","streamUrl":"","feedType":"iframe","source":"opencctv_airportwebcams","directEligible":false,"updateRate":30000}},{"type":"Feature","geometry":{"type":"Point","coordinates":[147.93,-33.37]},"properties":{"id":"opencctv_airportwebcams_airportwebcams-forbes-airport-3","name":"Forbes Airport (#3)","type":"airport","city":"","country":"AU","feedUrl":"https://auswebcams.com/YFBS/","playerUrl":"","streamUrl":"","feedType":"iframe","source":"opencctv_airportwebcams","directEligible":false,"updateRate":30000}},{"type":"Feature","geometry":{"type":"Point","coordinates":[-110.64,47.84]},"properties":{"id":"opencctv_airportwebcams_airportwebcams-fort-benton-airport-1","name":"Fort Benton Airport","type":"airport","city":"","country":"US","feedUrl":"https://weathercams.faa.gov/map/-113.27432,46.82578,-108.00088,48.45413/cameraSite/807/summary","playerUrl":"","streamUrl":"","feedType":"iframe","source":"opencctv_airportwebcams","directEligible":false,"updateRate":30000}},{"type":"Feature","geometry":{"type":"Point","coordinates":[-105.01,40.45]},"properties":{"id":"opencctv_airportwebcams_airportwebcams-fort-collins-loveland-airport-1","name":"Fort Collins Loveland Airport (FNL)","type":"airport","city":"","country":"US","feedUrl":"https://weathercams.faa.gov/map/-105.014,40.25161,9/cameraSite/581/summary","playerUrl":"","streamUrl":"","feedType":"iframe","source":"opencctv_airportwebcams","directEligible":false,"updateRate":30000}},{"type":"Feature","geometry":{"type":"Point","coordinates":[-94.19,42.55]},"properties":{"id":"opencctv_airportwebcams_airportwebcams-fort-dodge-regional-airport-1","name":"Fort Dodge Regional Airport (FOD)","type":"airport","city":"","country":"US","feedUrl":"https://www.airportview.net/wx/usa/ia/kfod/fort-dodge/camera1/viewer.php","playerUrl":"","streamUrl":"","feedType":"iframe","source":"opencctv_airportwebcams","directEligible":true,"updateRate":30000}},{"type":"Feature","geometry":{"type":"Point","coordinates":[-69.55,45.46]},"properties":{"id":"opencctv_airportwebcams_airportwebcams-greenville-municipal-airport-2","name":"Greenville Municipal Airport (#2)","type":"airport","city":"","country":"US","feedUrl":"https://weathercams.faa.gov/map/-69.55589,45.262707999999996,9/cameraSite/605/summary","playerUrl":"","streamUrl":"","feedType":"iframe","source":"opencctv_airportwebcams","directEligible":false,"updateRate":30000}},{"type":"Feature","geometry":{"type":"Point","coordinates":[11.6,47.77]},"properties":{"id":"opencctv_airportwebcams_airportwebcams-greiling-airfield-2","name":"Greiling Airfield (#2)","type":"airport","city":"","country":"DE","feedUrl":"https://www.lsv-greiling.de/webcam/","playerUrl":"","streamUrl":"","feedType":"iframe","source":"opencctv_airportwebcams","directEligible":true,"updateRate":30000}},{"type":"Feature","geometry":{"type":"Point","coordinates":[7.41,47.18]},"properties":{"id":"opencctv_airportwebcams_airportwebcams-grenchen-airport-2","name":"Grenchen Airport (#2)","type":"airport","city":"","country":"CH","feedUrl":"https://fliegen.ch/","playerUrl":"","streamUrl":"","feedType":"iframe","source":"opencctv_airportwebcams","directEligible":true,"updateRate":30000}},{"type":"Feature","geometry":{"type":"Point","coordinates":[7.41,47.18]},"properties":{"id":"opencctv_airportwebcams_airportwebcams-grenchen-airport-3","name":"Grenchen Airport (#3)","type":"airport","city":"","country":"CH","feedUrl":"https://fliegen.roundshot.com/","playerUrl":"","streamUrl":"","feedType":"iframe","source":"opencctv_airportwebcams","directEligible":true,"updateRate":30000}},{"type":"Feature","geometry":{"type":"Point","coordinates":[4.39,50.95]},"properties":{"id":"opencctv_airportwebcams_airportwebcams-grimbergen-airport-1","name":"Grimbergen Airport (#1)","type":"airport","city":"","country":"BE","feedUrl":"https://webcam.rvg.be/webcam.jpg","playerUrl":"","streamUrl":"","feedType":"image","source":"opencctv_airportwebcams","directEligible":true,"updateRate":60000}},{"type":"Feature","geometry":{"type":"Point","coordinates":[4.39,50.95]},"properties":{"id":"opencctv_airportwebcams_airportwebcams-grimbergen-airport-2","name":"Grimbergen Airport (#2)","type":"airport","city":"","country":"BE","feedUrl":"https://rvg.be/","playerUrl":"","streamUrl":"","feedType":"iframe","source":"opencctv_airportwebcams","directEligible":true,"updateRate":30000}},{"type":"Feature","geometry":{"type":"Point","coordinates":[11.02,54.24]},"properties":{"id":"opencctv_airportwebcams_airportwebcams-grube-airfield-1","name":"Grube Airfield (#1)","type":"airport","city":"","country":"DE","feedUrl":"https://info-oh.de/img/web.jpg","playerUrl":"","streamUrl":"","feedType":"image","source":"opencctv_airportwebcams","directEligible":true,"updateRate":60000}},{"type":"Feature","geometry":{"type":"Point","coordinates":[11.02,54.24]},"properties":{"id":"opencctv_airportwebcams_airportwebcams-grube-airfield-2","name":"Grube Airfield (#2)","type":"airport","city":"","country":"DE","feedUrl":"https://www.flugplatz-grube.de/","playerUrl":"","streamUrl":"","feedType":"iframe","source":"opencctv_airportwebcams","directEligible":true,"updateRate":30000}},{"type":"Feature","geometry":{"type":"Point","coordinates":[7.09,46.59]},"properties":{"id":"opencctv_airportwebcams_airportwebcams-gruyeres-airport-1","name":"Gruyeres Airport (#1)","type":"airport","city":"","country":"CH","feedUrl":"https://www.lsgt.ch/webcam/LSGT-17.jpg","playerUrl":"","streamUrl":"","feedType":"image","source":"opencctv_airportwebcams","directEligible":true,"updateRate":60000}},{"type":"Feature","geometry":{"type":"Point","coordinates":[7.09,46.59]},"properties":{"id":"opencctv_airportwebcams_airportwebcams-gruyeres-airport-2","name":"Gruyeres Airport (#2)","type":"airport","city":"","country":"CH","feedUrl":"https://www.lsgt.ch/webcam/LSGT-35.jpg","playerUrl":"","streamUrl":"","feedType":"image","source":"opencctv_airportwebcams","directEligible":true,"updateRate":60000}},{"type":"Feature","geometry":{"type":"Point","coordinates":[7.24,46.49]},"properties":{"id":"opencctv_airportwebcams_airportwebcams-gstaad-saanen-airport-1","name":"Gstaad Saanen Airport (#1)","type":"airport","city":"","country":"CH","feedUrl":"https://www.air-sarina.ch/en/pilots/webcam","playerUrl":"","streamUrl":"","feedType":"iframe","source":"opencctv_airportwebcams","directEligible":true,"updateRate":30000}},{"type":"Feature","geometry":{"type":"Point","coordinates":[7.24,46.49]},"properties":{"id":"opencctv_airportwebcams_airportwebcams-gstaad-saanen-airport-3","name":"Gstaad Saanen Airport (#3)","type":"airport","city":"","country":"CH","feedUrl":"https://gstaad-airport.roundshot.com/","playerUrl":"","streamUrl":"","feedType":"iframe","source":"opencctv_airportwebcams","directEligible":true,"updateRate":30000}},{"type":"Feature","geometry":{"type":"Point","coordinates":[-90.53,14.58]},"properties":{"id":"opencctv_airportwebcams_airportwebcams-guatemala-city-international-airport-1","name":"Guatemala City International Airport (#1)","type":"airport","city":"","country":"GT","feedUrl":"https://www.aeroclubguatemala.com/ftpcamaras/cam57.jpg?1669142093183","playerUrl":"","streamUrl":"","feedType":"image","source":"opencctv_airportwebcams","directEligible":true,"updateRate":60000}},{"type":"Feature","geometry":{"type":"Point","coordinates":[-90.53,14.58]},"properties":{"id":"opencctv_airportwebcams_airportwebcams-guatemala-city-international-airport-2","name":"Guatemala City International Airport (#2)","type":"airport","city":"","country":"GT","feedUrl":"https://www.aeroclubguatemala.com/ftpcamaras/cam55.jpg?1669142093183","playerUrl":"","streamUrl":"","feedType":"image","source":"opencctv_airportwebcams","directEligible":true,"updateRate":60000}},{"type":"Feature","geometry":{"type":"Point","coordinates":[-90.53,14.58]},"properties":{"id":"opencctv_airportwebcams_airportwebcams-guatemala-city-international-airport-3","name":"Guatemala City International Airport (#3)","type":"airport","city":"","country":"GT","feedUrl":"https://www.aeroclubguatemala.com/ftpcamaras/cam56.jpg?1669142093183","playerUrl":"","streamUrl":"","feedType":"image","source":"opencctv_airportwebcams","directEligible":true,"updateRate":60000}},{"type":"Feature","geometry":{"type":"Point","coordinates":[-145.45,62.15]},"properties":{"id":"opencctv_airportwebcams_airportwebcams-gulkana-airport-1","name":"Gulkana Airport","type":"airport","city":"","country":"US","feedUrl":"https://weathercams.faa.gov/map/-148.07303,61.38122,-142.84629,62.51893/cameraSite/164/summary","playerUrl":"","streamUrl":"","feedType":"iframe","source":"opencctv_airportwebcams","directEligible":false,"updateRate":30000}},{"type":"Feature","geometry":{"type":"Point","coordinates":[-106.93,38.54]},"properties":{"id":"opencctv_airportwebcams_airportwebcams-gunnison-crested-butte-airport-1","name":"Gunnison Crested Butte Airport (GUC)","type":"airport","city":"","country":"US","feedUrl":"https://weathercams.faa.gov/map/-109.56973,37.38232,-104.29629,39.28026/cameraSite/540/summary","playerUrl":"","streamUrl":"","feedType":"iframe","source":"opencctv_airportwebcams","directEligible":false,"updateRate":30000}},{"type":"Feature","geometry":{"type":"Point","coordinates":[10.28,48.49]},"properties":{"id":"opencctv_airportwebcams_airportwebcams-gunzburg-airfield-1","name":"Gunzburg Airfield (#1)","type":"airport","city":"","country":"DE","feedUrl":"https://webcam.lsvgz.de/rwy24/EDMGR24.jpg","playerUrl":"","streamUrl":"","feedType":"image","source":"opencctv_airportwebcams","directEligible":true,"updateRate":60000}},{"type":"Feature","geometry":{"type":"Point","coordinates":[10.28,48.49]},"properties":{"id":"opencctv_airportwebcams_airportwebcams-gunzburg-airfield-2","name":"Gunzburg Airfield (#2)","type":"airport","city":"","country":"DE","feedUrl":"https://webcam.lsvgz.de/rwy06/EDMGR06.jpg","playerUrl":"","streamUrl":"","feedType":"image","source":"opencctv_airportwebcams","directEligible":true,"updateRate":60000}},{"type":"Feature","geometry":{"type":"Point","coordinates":[10.78,49.11]},"properties":{"id":"opencctv_airportwebcams_airportwebcams-gunzenhausen-reutberg-airfield-1","name":"Gunzenhausen Reutberg Airfield","type":"airport","city":"","country":"DE","feedUrl":"https://www.fsv-gunzenhausen.de/","playerUrl":"","streamUrl":"","feedType":"iframe","source":"opencctv_airportwebcams","directEligible":true,"updateRate":30000}},{"type":"Feature","geometry":{"type":"Point","coordinates":[-135.71,58.42]},"properties":{"id":"opencctv_airportwebcams_airportwebcams-gustavus-airport-1","name":"Gustavus Airport","type":"airport","city":"","country":"US","feedUrl":"https://weathercams.faa.gov/map/-138.31981,57.58243,-133.09307,58.85666/cameraSite/434/summary","playerUrl":"","streamUrl":"","feedType":"iframe","source":"opencctv_airportwebcams","directEligible":false,"updateRate":30000}},{"type":"Feature","geometry":{"type":"Point","coordinates":[7.43,51.31]},"properties":{"id":"opencctv_airportwebcams_airportwebcams-hagen-hof-wahl-airport-1","name":"Hagen Hof","type":"airport","city":"","country":"DE","feedUrl":"https://www.flugplatz-hagen.de/Webcam","playerUrl":"","streamUrl":"","feedType":"iframe","source":"opencctv_airportwebcams","directEligible":false,"updateRate":30000}},{"type":"Feature","geometry":{"type":"Point","coordinates":[9.42,48.63]},"properties":{"id":"opencctv_airportwebcams_airportwebcams-hahnweide-airfield-1","name":"Hahnweide Airfield (#1)","type":"airport","city":"","country":"DE","feedUrl":"https://www.wolf-hirth.de/FGWH_NEU/de/webcam.html","playerUrl":"","streamUrl":"","feedType":"iframe","source":"opencctv_airportwebcams","directEligible":true,"updateRate":30000}},{"type":"Feature","geometry":{"type":"Point","coordinates":[-122.15,39.72]},"properties":{"id":"opencctv_airportwebcams_airportwebcams-haigh-field-airport-1","name":"Haigh Field Airport","type":"airport","city":"","country":"US","feedUrl":"https://weathercams.faa.gov/map/-124.78171,38.58321,-119.50827,40.44762/cameraSite/1008/summary","playerUrl":"","streamUrl":"","feedType":"iframe","source":"opencctv_airportwebcams","directEligible":false,"updateRate":30000}},{"type":"Feature","geometry":{"type":"Point","coordinates":[12.05,51.55]},"properties":{"id":"opencctv_airportwebcams_airportwebcams-halle-oppin-airport-1","name":"Halle Oppin Airport","type":"airport","city":"","country":"DE","feedUrl":"https://www.flugplatz-halle-oppin.de/","playerUrl":"","streamUrl":"","feedType":"iframe","source":"opencctv_airportwebcams","directEligible":true,"updateRate":30000}},{"type":"Feature","geometry":{"type":"Point","coordinates":[-156.01,20.8]},"properties":{"id":"opencctv_airportwebcams_airportwebcams-hana-airport-1","name":"Hana Airport","type":"airport","city":"","country":"US","feedUrl":"https://weathercams.faa.gov/map/-158.65257,19.44367,-153.37913,21.73692/cameraSite/690/summary","playerUrl":"","streamUrl":"","feedType":"iframe","source":"opencctv_airportwebcams","directEligible":false,"updateRate":30000}},{"type":"Feature","geometry":{"type":"Point","coordinates":[-68.36,44.45]},"properties":{"id":"opencctv_airportwebcams_airportwebcams-hancock-county-bar-harbor-airport-1","name":"Hancock County Bar Harbor Airport (BHB)","type":"airport","city":"","country":"US","feedUrl":"https://weathercams.faa.gov/map/-68.359634,44.246345999999996,9/cameraSite/620/summary","playerUrl":"","streamUrl":"","feedType":"iframe","source":"opencctv_airportwebcams","directEligible":false,"updateRate":30000}},{"type":"Feature","geometry":{"type":"Point","coordinates":[23.09,59.85]},"properties":{"id":"opencctv_airportwebcams_airportwebcams-hanko-airport-1","name":"Hanko Airport","type":"airport","city":"","country":"FI","feedUrl":"https://www.hangonlentokerho.fi/weather/weatherEFHN/webcamimage.jpg","playerUrl":"","streamUrl":"","feedType":"image","source":"opencctv_airportwebcams","directEligible":true,"updateRate":60000}},{"type":"Feature","geometry":{"type":"Point","coordinates":[5.07,50.71]},"properties":{"id":"opencctv_airportwebcams_airportwebcams-hannut-avernas-le-bauduin-airport-1","name":"Hannut Avernas Le Bauduin Airport (#1)","type":"airport","city":"","country":"BE","feedUrl":"https://www.aero-hesbaye.eu/","playerUrl":"","streamUrl":"","feedType":"iframe","source":"opencctv_airportwebcams","directEligible":true,"updateRate":30000}},{"type":"Feature","geometry":{"type":"Point","coordinates":[5.07,50.71]},"properties":{"id":"opencctv_airportwebcams_airportwebcams-hannut-avernas-le-bauduin-airport-2","name":"Hannut Avernas Le Bauduin Airport (#2)","type":"airport","city":"","country":"BE","feedUrl":"https://cam-aero.eu/raspicamaero/EBAV_AeroClubHesbaye/img","playerUrl":"","streamUrl":"","feedType":"iframe","source":"opencctv_airportwebcams","directEligible":false,"updateRate":30000}},{"type":"Feature","geometry":{"type":"Point","coordinates":[-108.78,48.56]},"properties":{"id":"opencctv_airportwebcams_airportwebcams-harlem-airport-1","name":"Harlem Airport","type":"airport","city":"","country":"US","feedUrl":"https://weathercams.faa.gov/map/-111.40579,47.55733,-106.13235,49.1631/cameraSite/686/summary","playerUrl":"","streamUrl":"","feedType":"iframe","source":"opencctv_airportwebcams","directEligible":false,"updateRate":30000}},{"type":"Feature","geometry":{"type":"Point","coordinates":[-106.05,38.54]},"properties":{"id":"opencctv_airportwebcams_airportwebcams-harriet-alexander-airfield-1","name":"Harriet Alexander Airfield (ANK) (#1)","type":"airport","city":"","country":"US","feedUrl":"https://www.airportview.net/brief-camera.php?lid=ANK","playerUrl":"","streamUrl":"","feedType":"iframe","source":"opencctv_airportwebcams","directEligible":true,"updateRate":30000}},{"type":"Feature","geometry":{"type":"Point","coordinates":[-106.05,38.54]},"properties":{"id":"opencctv_airportwebcams_airportwebcams-harriet-alexander-airfield-2","name":"Harriet Alexander Airfield (ANK) (#2)","type":"airport","city":"","country":"US","feedUrl":"https://weathercams.faa.gov/map/-106.04725,38.33681,9/cameraSite/582/summary","playerUrl":"","streamUrl":"","feedType":"iframe","source":"opencctv_airportwebcams","directEligible":false,"updateRate":30000}},{"type":"Feature","geometry":{"type":"Point","coordinates":[5.37,50.97]},"properties":{"id":"opencctv_airportwebcams_airportwebcams-hasselt-kiewit-airfield-1","name":"Hasselt Kiewit Airfield","type":"airport","city":"","country":"BE","feedUrl":"https://www.ebzh.be/webcam/","playerUrl":"","streamUrl":"","feedType":"iframe","source":"opencctv_airportwebcams","directEligible":false,"updateRate":30000}},{"type":"Feature","geometry":{"type":"Point","coordinates":[10.53,50.02]},"properties":{"id":"opencctv_airportwebcams_airportwebcams-hassfurt-schweinfurt-airfield-1","name":"Hassfurt Schweinfurt Airfield","type":"airport","city":"","country":"DE","feedUrl":"https://www.flugplatz-hassfurt.de/navid.10/webcam.htm","playerUrl":"","streamUrl":"","feedType":"iframe","source":"opencctv_airportwebcams","directEligible":true,"updateRate":30000}},{"type":"Feature","geometry":{"type":"Point","coordinates":[8.52,47.24]},"properties":{"id":"opencctv_airportwebcams_airportwebcams-hausen-am-albis-airfield-2","name":"Hausen Am Albis Airfield (#2)","type":"airport","city":"","country":"CH","feedUrl":"https://fgho.roundshot.com/#/","playerUrl":"","streamUrl":"","feedType":"iframe","source":"opencctv_airportwebcams","directEligible":true,"updateRate":30000}},{"type":"Feature","geometry":{"type":"Point","coordinates":[15.55,49.6]},"properties":{"id":"opencctv_airportwebcams_airportwebcams-havlickuv-brod-airfield-1","name":"Havlickuv Brod Airfield","type":"airport","city":"","country":"CZ","feedUrl":"https://www.aeroklubhb.cz/obrazek.htm","playerUrl":"","streamUrl":"","feedType":"iframe","source":"opencctv_airportwebcams","directEligible":true,"updateRate":30000}},{"type":"Feature","geometry":{"type":"Point","coordinates":[-109.76,48.54]},"properties":{"id":"opencctv_airportwebcams_airportwebcams-havre-city-county-airport-1","name":"Havre City County Airport (HVR)","type":"airport","city":"","country":"US","feedUrl":"https://weathercams.faa.gov/map/-109.763,48.34592,9/cameraSite/624/summary","playerUrl":"","streamUrl":"","feedType":"iframe","source":"opencctv_airportwebcams","directEligible":false,"updateRate":30000}},{"type":"Feature","geometry":{"type":"Point","coordinates":[-74.65,45.62]},"properties":{"id":"opencctv_airportwebcams_airportwebcams-hawkesbury-airport-1","name":"Hawkesbury Airport (#1)","type":"airport","city":"","country":"US","feedUrl":"https://montrealsoaring.ca/wp/webcam.php?cam=1","playerUrl":"","streamUrl":"","feedType":"iframe","source":"opencctv_airportwebcams","directEligible":true,"updateRate":30000}},{"type":"Feature","geometry":{"type":"Point","coordinates":[-74.65,45.62]},"properties":{"id":"opencctv_airportwebcams_airportwebcams-hawkesbury-airport-3","name":"Hawkesbury Airport (#3)","type":"airport","city":"","country":"US","feedUrl":"https://montrealsoaring.ca/wp/webcam.php?cam=0","playerUrl":"","streamUrl":"","feedType":"iframe","source":"opencctv_airportwebcams","directEligible":true,"updateRate":30000}},{"type":"Feature","geometry":{"type":"Point","coordinates":[-74.65,45.62]},"properties":{"id":"opencctv_airportwebcams_airportwebcams-hawkesbury-airport-4","name":"Hawkesbury Airport (#4)","type":"airport","city":"","country":"US","feedUrl":"https://montrealsoaring.ca/wp/current-weather-2/","playerUrl":"","streamUrl":"","feedType":"iframe","source":"opencctv_airportwebcams","directEligible":true,"updateRate":30000}},{"type":"Feature","geometry":{"type":"Point","coordinates":[9.46,48.29]},"properties":{"id":"opencctv_airportwebcams_airportwebcams-hayingen-airfield-1","name":"Hayingen Airfield","type":"airport","city":"","country":"FR","feedUrl":"https://www.wolfgang-maerkle.de/Webcam.html?PHPSESSID=0hp9gantf0gqc50664nimk5lm6","playerUrl":"","streamUrl":"","feedType":"iframe","source":"opencctv_airportwebcams","directEligible":true,"updateRate":30000}},{"type":"Feature","geometry":{"type":"Point","coordinates":[153.34,-27.77]},"properties":{"id":"opencctv_airportwebcams_airportwebcams-heck-field-airport-4","name":"Heck Field Airport (#4)","type":"airport","city":"","country":"AU","feedUrl":"https://auswebcams.com/yhec/","playerUrl":"","streamUrl":"","feedType":"iframe","source":"opencctv_airportwebcams","directEligible":false,"updateRate":30000}},{"type":"Feature","geometry":{"type":"Point","coordinates":[-46.74,-23.55]},"properties":{"id":"opencctv_airportwebcams_airportwebcams-helicidade-heliport-1","name":"Helicidade Heliport","type":"airport","city":"","country":"BR","feedUrl":"https://camerasdotempo.com.br/aviacao-helipontohelicidade/","playerUrl":"","streamUrl":"","feedType":"iframe","source":"opencctv_airportwebcams","directEligible":true,"updateRate":30000}},{"type":"Feature","geometry":{"type":"Point","coordinates":[11.59,63.93]},"properties":{"id":"opencctv_airportwebcams_airportwebcams-henning-airfield-1","name":"Henning Airfield","type":"airport","city":"","country":"NO","feedUrl":"https://www.innherredflyklubb.no/webcamera","playerUrl":"","streamUrl":"","feedType":"iframe","source":"opencctv_airportwebcams","directEligible":true,"updateRate":30000}},{"type":"Feature","geometry":{"type":"Point","coordinates":[-95.44,46.3]},"properties":{"id":"opencctv_airportwebcams_airportwebcams-henning-municipal-airport-1","name":"Henning Municipal Airport","type":"airport","city":"","country":"US","feedUrl":"https://weathercams.faa.gov/map/-98.07734,45.2607,-92.8039,46.9365/cameraSite/720/summary","playerUrl":"","streamUrl":"","feedType":"iframe","source":"opencctv_airportwebcams","directEligible":false,"updateRate":30000}},{"type":"Feature","geometry":{"type":"Point","coordinates":[-102.65,46.01]},"properties":{"id":"opencctv_airportwebcams_airportwebcams-hettinger-municipal-airport-1","name":"Hettinger Municipal Airport (HEI)","type":"airport","city":"","country":"US","feedUrl":"https://weathercams.faa.gov/map/-105.28977,45.05093,-100.01633,46.733/cameraSite/861/summary","playerUrl":"","streamUrl":"","feedType":"iframe","source":"opencctv_airportwebcams","directEligible":false,"updateRate":30000}},{"type":"Feature","geometry":{"type":"Point","coordinates":[11.16,49.64]},"properties":{"id":"opencctv_airportwebcams_airportwebcams-hetzleser-berg-airfield-1","name":"Hetzleser Berg Airfield (#1)","type":"airport","city":"","country":"DE","feedUrl":"https://webcam.fsv-en.de/EDQXcam1.jpg","playerUrl":"","streamUrl":"","feedType":"image","source":"opencctv_airportwebcams","directEligible":true,"updateRate":60000}},{"type":"Feature","geometry":{"type":"Point","coordinates":[11.16,49.64]},"properties":{"id":"opencctv_airportwebcams_airportwebcams-hetzleser-berg-airfield-2","name":"Hetzleser Berg Airfield (#2)","type":"airport","city":"","country":"DE","feedUrl":"https://webcam.fsv-en.de/EDQXcam2.jpg","playerUrl":"","streamUrl":"","feedType":"image","source":"opencctv_airportwebcams","directEligible":true,"updateRate":60000}},{"type":"Feature","geometry":{"type":"Point","coordinates":[9.93,48.8]},"properties":{"id":"opencctv_airportwebcams_airportwebcams-heubach-airfield-1","name":"Heubach Airfield","type":"airport","city":"","country":"DE","feedUrl":"https://www.airport-heubach.com/airport-webcam/","playerUrl":"","streamUrl":"","feedType":"iframe","source":"opencctv_airportwebcams","directEligible":false,"updateRate":30000}},{"type":"Feature","geometry":{"type":"Point","coordinates":[-80.15,26.07]},"properties":{"id":"opencctv_airportwebcams_airportwebcams-fort-lauderdale-airport-2","name":"Fort Lauderdale Airport (FLL) (#2)","type":"airport","city":"","country":"US","feedUrl":"https://broward.weatherstem.com/skycamera/broward/fswnfll/runwaywsw/snapshot.jpg","playerUrl":"","streamUrl":"","feedType":"image","source":"opencctv_airportwebcams","directEligible":true,"updateRate":60000}},{"type":"Feature","geometry":{"type":"Point","coordinates":[-80.15,26.07]},"properties":{"id":"opencctv_airportwebcams_airportwebcams-fort-lauderdale-airport-4","name":"Fort Lauderdale Airport (FLL) (#4)","type":"airport","city":"","country":"US","feedUrl":"https://broward.weatherstem.com/skycamera/broward/fswnfll/runwayese/snapshot.jpg","playerUrl":"","streamUrl":"","feedType":"image","source":"opencctv_airportwebcams","directEligible":true,"updateRate":60000}},{"type":"Feature","geometry":{"type":"Point","coordinates":[-103.8,40.33]},"properties":{"id":"opencctv_airportwebcams_airportwebcams-fort-morgan-airport-1","name":"Fort Morgan Airport (FMM)","type":"airport","city":"","country":"US","feedUrl":"https://weathercams.faa.gov/map/-103.803185,40.127891999999996,9/cameraSite/570/summary","playerUrl":"","streamUrl":"","feedType":"iframe","source":"opencctv_airportwebcams","directEligible":false,"updateRate":30000}},{"type":"Feature","geometry":{"type":"Point","coordinates":[6.81,47.18]},"properties":{"id":"opencctv_airportwebcams_airportwebcams-fournet-blancheroche-airport-1","name":"Fournet Blancheroche Airport (#1)","type":"airport","city":"","country":"FR","feedUrl":"https://www.ulm-fournet.com/cam1/image.jpg","playerUrl":"","streamUrl":"","feedType":"image","source":"opencctv_airportwebcams","directEligible":true,"updateRate":60000}},{"type":"Feature","geometry":{"type":"Point","coordinates":[8.64,49.96]},"properties":{"id":"opencctv_airportwebcams_airportwebcams-frankfurt-egelsbach-airport-2","name":"Frankfurt Egelsbach Airport (#2)","type":"airport","city":"","country":"DE","feedUrl":"https://images.egelsbach-airport.com/WebCamEgelsbach/Wetter.jpg","playerUrl":"","streamUrl":"","feedType":"image","source":"opencctv_airportwebcams","directEligible":true,"updateRate":60000}},{"type":"Feature","geometry":{"type":"Point","coordinates":[12.07,55.85]},"properties":{"id":"opencctv_airportwebcams_airportwebcams-frederikssund-airfield-1","name":"Frederikssund Airfield","type":"airport","city":"","country":"SE","feedUrl":"https://www.f-f-f.dk/klubben/webcam-klubhus","playerUrl":"","streamUrl":"","feedType":"iframe","source":"opencctv_airportwebcams","directEligible":true,"updateRate":30000}},{"type":"Feature","geometry":{"type":"Point","coordinates":[14.41,48.51]},"properties":{"id":"opencctv_airportwebcams_airportwebcams-freistadt-airfield-1","name":"Freistadt Airfield (#1)","type":"airport","city":"","country":"AT","feedUrl":"https://fcfcam.2ix.at/webcam02/image.jpg?${gs.nowDateTime()}","playerUrl":"","streamUrl":"","feedType":"image","source":"opencctv_airportwebcams","directEligible":true,"updateRate":60000}},{"type":"Feature","geometry":{"type":"Point","coordinates":[-105.11,38.43]},"properties":{"id":"opencctv_airportwebcams_airportwebcams-fremont-county-airport-1","name":"Fremont County Airport","type":"airport","city":"","country":"US","feedUrl":"https://weathercams.faa.gov/map/-107.73982,37.27684,-102.46638,39.17537/cameraSite/994/summary","playerUrl":"","streamUrl":"","feedType":"iframe","source":"opencctv_airportwebcams","directEligible":false,"updateRate":30000}},{"type":"Feature","geometry":{"type":"Point","coordinates":[2.97,49.67]},"properties":{"id":"opencctv_airportwebcams_airportwebcams-fretoy-le-chateau-airport-1","name":"Fretoy Le Chateau Airport","type":"airport","city":"","country":"FR","feedUrl":"https://webcam.skydivefretoy.com/","playerUrl":"","streamUrl":"","feedType":"iframe","source":"opencctv_airportwebcams","directEligible":true,"updateRate":30000}},{"type":"Feature","geometry":{"type":"Point","coordinates":[7.95,47.51]},"properties":{"id":"opencctv_airportwebcams_airportwebcams-fricktal-schupfart-airfield-1","name":"Fricktal Schupfart Airfield","type":"airport","city":"","country":"CH","feedUrl":"https://flugplatzschupfart.roundshot.com/","playerUrl":"","streamUrl":"","feedType":"iframe","source":"opencctv_airportwebcams","directEligible":true,"updateRate":30000}},{"type":"Feature","geometry":{"type":"Point","coordinates":[18.38,49.59]},"properties":{"id":"opencctv_airportwebcams_airportwebcams-frydlant-airfield-1","name":"Frydlant Airfield","type":"airport","city":"","country":"CZ","feedUrl":"https://foto.akfrydlant.cz/webcam/cam3.jpg","playerUrl":"","streamUrl":"","feedType":"image","source":"opencctv_airportwebcams","directEligible":true,"updateRate":60000}},{"type":"Feature","geometry":{"type":"Point","coordinates":[18.38,49.59]},"properties":{"id":"opencctv_airportwebcams_airportwebcams-frydlant-airfield-2","name":"Frydlant Airfield (#2)","type":"airport","city":"","country":"CZ","feedUrl":"https://www.akfrydlant.cz/webkamera/","playerUrl":"","streamUrl":"","feedType":"iframe","source":"opencctv_airportwebcams","directEligible":true,"updateRate":30000}},{"type":"Feature","geometry":{"type":"Point","coordinates":[130.45,33.59]},"properties":{"id":"opencctv_airportwebcams_airportwebcams-fukuoka-airport-2","name":"Fukuoka Airport (#2)","type":"airport","city":"","country":"JP","feedUrl":"https://weather.jal.co.jp/livecam/spot.html?camid=410000155","playerUrl":"","streamUrl":"","feedType":"iframe","source":"opencctv_airportwebcams","directEligible":true,"updateRate":30000}},{"type":"Feature","geometry":{"type":"Point","coordinates":[16.09,47.06]},"properties":{"id":"opencctv_airportwebcams_airportwebcams-furstenfeld-airfield-1","name":"Furstenfeld Airfield (#1)","type":"airport","city":"","country":"AT","feedUrl":"https://www.airteam.at/bundles/airteam/webcam/CAM_2.jpg","playerUrl":"","streamUrl":"","feedType":"image","source":"opencctv_airportwebcams","directEligible":true,"updateRate":60000}},{"type":"Feature","geometry":{"type":"Point","coordinates":[16.09,47.06]},"properties":{"id":"opencctv_airportwebcams_airportwebcams-furstenfeld-airfield-2","name":"Furstenfeld Airfield (#2)","type":"airport","city":"","country":"AT","feedUrl":"https://www.airteam.at/bundles/airteam/webcam/CAM_1.jpg","playerUrl":"","streamUrl":"","feedType":"image","source":"opencctv_airportwebcams","directEligible":true,"updateRate":60000}},{"type":"Feature","geometry":{"type":"Point","coordinates":[-156.94,64.74]},"properties":{"id":"opencctv_airportwebcams_airportwebcams-galena-airport-1","name":"Galena Airport","type":"airport","city":"","country":"US","feedUrl":"https://weathercams.faa.gov/map/-159.56282,64.01646,-154.33608,65.05665/cameraSite/20/summary","playerUrl":"","streamUrl":"","feedType":"iframe","source":"opencctv_airportwebcams","directEligible":false,"updateRate":30000}},{"type":"Feature","geometry":{"type":"Point","coordinates":[-171.73,63.76]},"properties":{"id":"opencctv_airportwebcams_airportwebcams-gambell-airport-1","name":"Gambell Airport","type":"airport","city":"","country":"US","feedUrl":"https://weathercams.faa.gov/map/-174.34337,63.03195,-169.11663,64.10883/cameraSite/216/summary","playerUrl":"","streamUrl":"","feedType":"iframe","source":"opencctv_airportwebcams","directEligible":false,"updateRate":30000}},{"type":"Feature","geometry":{"type":"Point","coordinates":[11.93,48.57]},"properties":{"id":"opencctv_airportwebcams_airportwebcams-gammelsdorf-airfield-1","name":"Gammelsdorf Airfield","type":"airport","city":"","country":"DE","feedUrl":"https://www.lsv-albatros.de/webcam/","playerUrl":"","streamUrl":"","feedType":"iframe","source":"opencctv_airportwebcams","directEligible":true,"updateRate":30000}},{"type":"Feature","geometry":{"type":"Point","coordinates":[-115.93,44.07]},"properties":{"id":"opencctv_airportwebcams_airportwebcams-garden-valley-airport-1","name":"Garden Valley Airport (#1)","type":"airport","city":"","country":"US","feedUrl":"https://www.eye-n-sky.net/webcam/GardenValley/GardenValley-East.jpg","playerUrl":"","streamUrl":"","feedType":"image","source":"opencctv_airportwebcams","directEligible":true,"updateRate":60000}},{"type":"Feature","geometry":{"type":"Point","coordinates":[-115.93,44.07]},"properties":{"id":"opencctv_airportwebcams_airportwebcams-garden-valley-airport-2","name":"Garden Valley Airport (#2)","type":"airport","city":"","country":"US","feedUrl":"https://www.eye-n-sky.net/webcam/GardenValley/GardenValley-West.jpg","playerUrl":"","streamUrl":"","feedType":"image","source":"opencctv_airportwebcams","directEligible":true,"updateRate":60000}},{"type":"Feature","geometry":{"type":"Point","coordinates":[-107.73,39.52]},"properties":{"id":"opencctv_airportwebcams_airportwebcams-garfield-county-airport-1","name":"Garfield County Airport (RIL)","type":"airport","city":"","country":"US","feedUrl":"https://weathercams.faa.gov/map/-110.33277,38.38584,-105.10603,40.25756/cameraSite/544/summary","playerUrl":"","streamUrl":"","feedType":"iframe","source":"opencctv_airportwebcams","directEligible":false,"updateRate":30000}},{"type":"Feature","geometry":{"type":"Point","coordinates":[-101.44,47.65]},"properties":{"id":"opencctv_airportwebcams_airportwebcams-garrison-municipal-airport-1","name":"Garrison Municipal Airport","type":"airport","city":"","country":"US","feedUrl":"https://weathercams.faa.gov/map/-104.07394,46.63037,-98.8005,48.26471/cameraSite/865/summary","playerUrl":"","streamUrl":"","feedType":"iframe","source":"opencctv_airportwebcams","directEligible":false,"updateRate":30000}},{"type":"Feature","geometry":{"type":"Point","coordinates":[9.17,50.2]},"properties":{"id":"opencctv_airportwebcams_airportwebcams-gelnhausen-airfield-3","name":"Gelnhausen Airfield (#3)","type":"airport","city":"","country":"DE","feedUrl":"https://www.flubu.de/webcam/cam2s.jpg","playerUrl":"","streamUrl":"","feedType":"image","source":"opencctv_airportwebcams","directEligible":true,"updateRate":60000}},{"type":"Feature","geometry":{"type":"Point","coordinates":[6.11,46.24]},"properties":{"id":"opencctv_airportwebcams_airportwebcams-geneva-airport-1","name":"Geneva Airport (#1)","type":"airport","city":"","country":"CH","feedUrl":"https://aeroclub-geneve.roundshot.com/#/","playerUrl":"","streamUrl":"","feedType":"iframe","source":"opencctv_airportwebcams","directEligible":true,"updateRate":30000}},{"type":"Feature","geometry":{"type":"Point","coordinates":[6.11,46.24]},"properties":{"id":"opencctv_airportwebcams_airportwebcams-geneva-airport-2","name":"Geneva Airport (#2)","type":"airport","city":"","country":"CH","feedUrl":"https://www.wtc-geneva.ch/live/","playerUrl":"","streamUrl":"","feedType":"iframe","source":"opencctv_airportwebcams","directEligible":true,"updateRate":30000}},{"type":"Feature","geometry":{"type":"Point","coordinates":[8.84,44.41]},"properties":{"id":"opencctv_airportwebcams_airportwebcams-genoa-airport-1","name":"Genoa Airport (#1)","type":"airport","city":"","country":"IT","feedUrl":"https://www.ebeuk.com/camuno.htm","playerUrl":"","streamUrl":"","feedType":"iframe","source":"opencctv_airportwebcams","directEligible":true,"updateRate":30000}},{"type":"Feature","geometry":{"type":"Point","coordinates":[8.84,44.41]},"properties":{"id":"opencctv_airportwebcams_airportwebcams-genoa-airport-3","name":"Genoa Airport (#3)","type":"airport","city":"","country":"IT","feedUrl":"https://www.primocanaleproduction.it/webcamprimocanale/","playerUrl":"","streamUrl":"","feedType":"iframe","source":"opencctv_airportwebcams","directEligible":true,"updateRate":30000}},{"type":"Feature","geometry":{"type":"Point","coordinates":[22.38,-34.01]},"properties":{"id":"opencctv_airportwebcams_airportwebcams-george-airport-1","name":"George Airport (#1)","type":"airport","city":"","country":"ZA","feedUrl":"https://aviation.weathersa.co.za/pib/webcams/george-ptz-ghbb-capture5.jpg","playerUrl":"","streamUrl":"","feedType":"image","source":"opencctv_airportwebcams","directEligible":true,"updateRate":60000}},{"type":"Feature","geometry":{"type":"Point","coordinates":[-110.27,47.6]},"properties":{"id":"opencctv_airportwebcams_airportwebcams-geraldine-airport-1","name":"Geraldine Airport","type":"airport","city":"","country":"US","feedUrl":"https://weathercams.faa.gov/map/-112.90822,46.573,-107.63478,48.2091/cameraSite/809/summary","playerUrl":"","streamUrl":"","feedType":"iframe","source":"opencctv_airportwebcams","directEligible":false,"updateRate":30000}},{"type":"Feature","geometry":{"type":"Point","coordinates":[22.4,53.98]},"properties":{"id":"opencctv_airportwebcams_airportwebcams-gize-airport-1","name":"Gize Airport","type":"airport","city":"","country":"PL","feedUrl":"https://aero.webcam/cam/epge1.jpg","playerUrl":"","streamUrl":"","feedType":"image","source":"opencctv_airportwebcams","directEligible":true,"updateRate":60000}},{"type":"Feature","geometry":{"type":"Point","coordinates":[22.4,53.98]},"properties":{"id":"opencctv_airportwebcams_airportwebcams-gize-airport-2","name":"Gize Airport (#2)","type":"airport","city":"","country":"PL","feedUrl":"https://aero.webcam/cam/epge2.jpg","playerUrl":"","streamUrl":"","feedType":"image","source":"opencctv_airportwebcams","directEligible":true,"updateRate":60000}},{"type":"Feature","geometry":{"type":"Point","coordinates":[-114.26,48.31]},"properties":{"id":"opencctv_airportwebcams_airportwebcams-glacier-park-airport-1","name":"Glacier Park Airport (GPI)","type":"airport","city":"","country":"US","feedUrl":"https://weathercams.faa.gov/map/-114.25186,48.109387,9/cameraSite/739/summary","playerUrl":"","streamUrl":"","feedType":"iframe","source":"opencctv_airportwebcams","directEligible":false,"updateRate":30000}},{"type":"Feature","geometry":{"type":"Point","coordinates":[152.93,-31.04]},"properties":{"id":"opencctv_airportwebcams_airportwebcams-gladstone-airport-1","name":"Gladstone Airport","type":"airport","city":"","country":"AU","feedUrl":"https://myairportcams.com/YPLS/","playerUrl":"","streamUrl":"","feedType":"iframe","source":"opencctv_airportwebcams","directEligible":true,"updateRate":30000}},{"type":"Feature","geometry":{"type":"Point","coordinates":[-106.62,48.21]},"properties":{"id":"opencctv_airportwebcams_airportwebcams-glasgow-valley-county-airport-1","name":"Glasgow Valley County Airport (GGW)","type":"airport","city":"","country":"US","feedUrl":"https://weathercams.faa.gov/map/-106.6266,48.009519999999995,9/cameraSite/639/summary","playerUrl":"","streamUrl":"","feedType":"iframe","source":"opencctv_airportwebcams","directEligible":false,"updateRate":30000}},{"type":"Feature","geometry":{"type":"Point","coordinates":[-5.91,56.52]},"properties":{"id":"opencctv_airportwebcams_airportwebcams-glenforsa-airfield-1","name":"Glenforsa Airfield","type":"airport","city":"","country":"GB","feedUrl":"https://glenforsacams.com/","playerUrl":"","streamUrl":"","feedType":"iframe","source":"opencctv_airportwebcams","directEligible":false,"updateRate":30000}},{"type":"Feature","geometry":{"type":"Point","coordinates":[18.67,50.27]},"properties":{"id":"opencctv_airportwebcams_airportwebcams-gliwice-airfield-1","name":"Gliwice Airfield","type":"airport","city":"","country":"CZ","feedUrl":"https://kamera.aeroklub.gliwice.pl/","playerUrl":"","streamUrl":"","feedType":"iframe","source":"opencctv_airportwebcams","directEligible":true,"updateRate":30000}},{"type":"Feature","geometry":{"type":"Point","coordinates":[18.67,50.27]},"properties":{"id":"opencctv_airportwebcams_airportwebcams-gliwice-airfield-2","name":"Gliwice Airfield (#2)","type":"airport","city":"","country":"CZ","feedUrl":"https://aero.webcam/cam/epgl-1.jpg","playerUrl":"","streamUrl":"","feedType":"image","source":"opencctv_airportwebcams","directEligible":true,"updateRate":60000}},{"type":"Feature","geometry":{"type":"Point","coordinates":[-2.17,51.89]},"properties":{"id":"opencctv_airportwebcams_airportwebcams-gloucester-uk-airport-1","name":"Gloucester (UK) Airport (#1)","type":"airport","city":"","country":"GB","feedUrl":"https://www.glosairportwebcam.com/","playerUrl":"","streamUrl":"","feedType":"iframe","source":"opencctv_airportwebcams","directEligible":true,"updateRate":30000}},{"type":"Feature","geometry":{"type":"Point","coordinates":[13.87,47.95]},"properties":{"id":"opencctv_airportwebcams_airportwebcams-gmunden-laarkirchen-airfield-2","name":"Gmunden Laarkirchen Airfield (#2)","type":"airport","city":"","country":"AT","feedUrl":"https://www.fliegerclub-traunsee.at/cams/image-west000M.jpg","playerUrl":"","streamUrl":"","feedType":"image","source":"opencctv_airportwebcams","directEligible":true,"updateRate":60000}},{"type":"Feature","geometry":{"type":"Point","coordinates":[-90.13,46.53]},"properties":{"id":"opencctv_airportwebcams_airportwebcams-gogebic-iron-county-airport-1","name":"Gogebic Iron County Airport (IWD) (#1)","type":"airport","city":"","country":"US","feedUrl":"http://131.93.118.133:8150/stream.jpg","playerUrl":"","streamUrl":"","feedType":"image","source":"opencctv_airportwebcams","directEligible":true,"updateRate":60000}},{"type":"Feature","geometry":{"type":"Point","coordinates":[9.05,60.79]},"properties":{"id":"opencctv_airportwebcams_airportwebcams-gol-klanten-airfield-1","name":"Gol Klanten Airfield","type":"airport","city":"","country":"NO","feedUrl":"https://hallingdalflyklubb.no/weather.php","playerUrl":"","streamUrl":"","feedType":"iframe","source":"opencctv_airportwebcams","directEligible":true,"updateRate":30000}},{"type":"Feature","geometry":{"type":"Point","coordinates":[138.75,-35.48]},"properties":{"id":"opencctv_airportwebcams_airportwebcams-goolwa-airport-1","name":"Goolwa Airport","type":"airport","city":"","country":"AU","feedUrl":"https://www.goolwaairport.com.au/web-cam.html","playerUrl":"","streamUrl":"","feedType":"iframe","source":"opencctv_airportwebcams","directEligible":true,"updateRate":30000}},{"type":"Feature","geometry":{"type":"Point","coordinates":[24.54,-32.19]},"properties":{"id":"opencctv_airportwebcams_airportwebcams-graaff-reinet-airport-1","name":"Graaff","type":"airport","city":"","country":"ZA","feedUrl":"https://iweathar.co.za/cams/view_cam?s_id=741","playerUrl":"","streamUrl":"","feedType":"iframe","source":"opencctv_airportwebcams","directEligible":true,"updateRate":30000}},{"type":"Feature","geometry":{"type":"Point","coordinates":[-105.92,40.09]},"properties":{"id":"opencctv_airportwebcams_airportwebcams-granby-grand-county-airport-1","name":"Granby Grand County Airport (GNB)","type":"airport","city":"","country":"US","feedUrl":"https://weathercams.faa.gov/map/-105.91317,39.888206999999994,9/cameraSite/577/summary","playerUrl":"","streamUrl":"","feedType":"iframe","source":"opencctv_airportwebcams","directEligible":false,"updateRate":30000}},{"type":"Feature","geometry":{"type":"Point","coordinates":[-108.53,39.13]},"properties":{"id":"opencctv_airportwebcams_airportwebcams-grand-junction-airport-1","name":"Grand Junction Airport (GJT)","type":"airport","city":"","country":"US","feedUrl":"https://weathercams.faa.gov/map/-108.51806,38.918057,9/cameraSite/575/summary","playerUrl":"","streamUrl":"","feedType":"iframe","source":"opencctv_airportwebcams","directEligible":false,"updateRate":30000}},{"type":"Feature","geometry":{"type":"Point","coordinates":[-1.56,48.88]},"properties":{"id":"opencctv_airportwebcams_airportwebcams-granville-mont-saint-michel-airport-1","name":"Granville Mont Saint Michel Airport","type":"airport","city":"","country":"FR","feedUrl":"https://aeroclubgranville.fr/webcam-lfrf/imagegv.jpg","playerUrl":"","streamUrl":"","feedType":"image","source":"opencctv_airportwebcams","directEligible":true,"updateRate":60000}},{"type":"Feature","geometry":{"type":"Point","coordinates":[5.62,47.43]},"properties":{"id":"opencctv_airportwebcams_airportwebcams-gray-saint-adrien-airport-1","name":"Gray Saint Adrien Airport","type":"airport","city":"","country":"FR","feedUrl":"https://www.jgaviation.eu/meteopiste/","playerUrl":"","streamUrl":"","feedType":"iframe","source":"opencctv_airportwebcams","directEligible":true,"updateRate":30000}},{"type":"Feature","geometry":{"type":"Point","coordinates":[15.42,46.99]},"properties":{"id":"opencctv_airportwebcams_airportwebcams-graz-airport-2","name":"Graz Airport (#2)","type":"airport","city":"","country":"AT","feedUrl":"https://grazairport.panocloud.webcam/en","playerUrl":"","streamUrl":"","feedType":"iframe","source":"opencctv_airportwebcams","directEligible":true,"updateRate":30000}},{"type":"Feature","geometry":{"type":"Point","coordinates":[-111.37,47.48]},"properties":{"id":"opencctv_airportwebcams_airportwebcams-great-falls-international-airport-1","name":"Great Falls International Airport (GTF)","type":"airport","city":"","country":"US","feedUrl":"https://weathercams.faa.gov/map/-111.35722,47.28245,9/cameraSite/684/summary","playerUrl":"","streamUrl":"","feedType":"iframe","source":"opencctv_airportwebcams","directEligible":false,"updateRate":30000}},{"type":"Feature","geometry":{"type":"Point","coordinates":[-82.35,34.85]},"properties":{"id":"opencctv_airportwebcams_airportwebcams-greenville-downtown-airport-1","name":"Greenville Downtown Airport (GMU)","type":"airport","city":"","country":"US","feedUrl":"https://rtsp.me/embed/AHszzzSS/","playerUrl":"","streamUrl":"","feedType":"iframe","source":"opencctv_airportwebcams","directEligible":false,"updateRate":30000}},{"type":"Feature","geometry":{"type":"Point","coordinates":[2.92,47.36]},"properties":{"id":"opencctv_airportwebcams_airportwebcams-cosne-sur-loire-airport-1","name":"Cosne Sur Loire Airport","type":"airport","city":"","country":"FR","feedUrl":"https://cam-aero.eu/raspicamaero/LFGH_AeroclubCosne/img","playerUrl":"","streamUrl":"","feedType":"iframe","source":"opencctv_airportwebcams","directEligible":false,"updateRate":30000}},{"type":"Feature","geometry":{"type":"Point","coordinates":[-2.06,51.67]},"properties":{"id":"opencctv_airportwebcams_airportwebcams-cotswold-airport-1","name":"Cotswold Airport (#1)","type":"airport","city":"","country":"GB","feedUrl":"https://www.egbpcam.co.uk/","playerUrl":"","streamUrl":"","feedType":"iframe","source":"opencctv_airportwebcams","directEligible":true,"updateRate":30000}},{"type":"Feature","geometry":{"type":"Point","coordinates":[-116.45,44.75]},"properties":{"id":"opencctv_airportwebcams_airportwebcams-council-municipal-airport-1","name":"Council Municipal Airport (#1)","type":"airport","city":"","country":"US","feedUrl":"https://map.eye-n-sky.net/webcam/Council-U82/Council-U82-North.jpg","playerUrl":"","streamUrl":"","feedType":"image","source":"opencctv_airportwebcams","directEligible":true,"updateRate":60000}},{"type":"Feature","geometry":{"type":"Point","coordinates":[-116.45,44.75]},"properties":{"id":"opencctv_airportwebcams_airportwebcams-council-municipal-airport-2","name":"Council Municipal Airport (#2)","type":"airport","city":"","country":"US","feedUrl":"https://map.eye-n-sky.net/webcam/Council-U82/Council-U82-South.jpg","playerUrl":"","streamUrl":"","feedType":"image","source":"opencctv_airportwebcams","directEligible":true,"updateRate":60000}},{"type":"Feature","geometry":{"type":"Point","coordinates":[6.64,45.4]},"properties":{"id":"opencctv_airportwebcams_airportwebcams-courchevel-airport-2","name":"Courchevel Airport (#2)","type":"airport","city":"","country":"FR","feedUrl":"https://m.webcam-hd.com/courchevel-mairie/altiport","playerUrl":"","streamUrl":"","feedType":"iframe","source":"opencctv_airportwebcams","directEligible":true,"updateRate":30000}},{"type":"Feature","geometry":{"type":"Point","coordinates":[7.09,47.18]},"properties":{"id":"opencctv_airportwebcams_airportwebcams-courtelary-airfield-3","name":"Courtelary Airfield (#3)","type":"airport","city":"","country":"CH","feedUrl":"https://www.gvvc.ch/index.php/liens/webcam","playerUrl":"","streamUrl":"","feedType":"iframe","source":"opencctv_airportwebcams","directEligible":true,"updateRate":30000}},{"type":"Feature","geometry":{"type":"Point","coordinates":[7.09,47.18]},"properties":{"id":"opencctv_airportwebcams_airportwebcams-courtelary-airfield-5","name":"Courtelary Airfield (#5)","type":"airport","city":"","country":"CH","feedUrl":"https://gamcy.ch/index.php/webcams","playerUrl":"","streamUrl":"","feedType":"iframe","source":"opencctv_airportwebcams","directEligible":true,"updateRate":30000}},{"type":"Feature","geometry":{"type":"Point","coordinates":[-124.98,49.68]},"properties":{"id":"opencctv_airportwebcams_airportwebcams-courtenay-airfield-1","name":"Courtenay Airfield","type":"airport","city":"","country":"CA","feedUrl":"https://courtenayairpark.com/Webcams","playerUrl":"","streamUrl":"","feedType":"iframe","source":"opencctv_airportwebcams","directEligible":true,"updateRate":30000}},{"type":"Feature","geometry":{"type":"Point","coordinates":[-1.48,52.37]},"properties":{"id":"opencctv_airportwebcams_airportwebcams-coventry-airport-1","name":"Coventry Airport","type":"airport","city":"","country":"GB","feedUrl":"https://www.covaero.com/site.php?p=webcam","playerUrl":"","streamUrl":"","feedType":"iframe","source":"opencctv_airportwebcams","directEligible":true,"updateRate":30000}},{"type":"Feature","geometry":{"type":"Point","coordinates":[-115.78,49.61]},"properties":{"id":"opencctv_airportwebcams_airportwebcams-cranbrook-canadian-rockies-airport-1","name":"Cranbrook Canadian Rockies Airport","type":"airport","city":"","country":"CA","feedUrl":"https://cameraftpapi.drivehq.com/api/Camera/GetCameraThumbnail.ashx?parentID=215755787&shareID=13572046","playerUrl":"","streamUrl":"","feedType":"iframe","source":"opencctv_airportwebcams","directEligible":false,"updateRate":30000}},{"type":"Feature","geometry":{"type":"Point","coordinates":[10.0,45.17]},"properties":{"id":"opencctv_airportwebcams_airportwebcams-cremona-migliaro-airport-1","name":"Cremona Migliaro Airport","type":"airport","city":"","country":"IT","feedUrl":"https://www.aeroclubcremona.it/","playerUrl":"","streamUrl":"","feedType":"iframe","source":"opencctv_airportwebcams","directEligible":true,"updateRate":30000}},{"type":"Feature","geometry":{"type":"Point","coordinates":[-158.14,61.87]},"properties":{"id":"opencctv_airportwebcams_airportwebcams-crooked-creek-airport-1","name":"Crooked Creek Airport","type":"airport","city":"","country":"US","feedUrl":"https://weathercams.faa.gov/map/-160.74484,61.08741,-155.5181,62.23586/cameraSite/222/summary","playerUrl":"","streamUrl":"","feedType":"iframe","source":"opencctv_airportwebcams","directEligible":false,"updateRate":30000}},{"type":"Feature","geometry":{"type":"Point","coordinates":[-112.38,48.61]},"properties":{"id":"opencctv_airportwebcams_airportwebcams-cut-bank-airport-1","name":"Cut Bank Airport (CTB) (#1)","type":"airport","city":"","country":"US","feedUrl":"https://104.200.65.164/ctb/","playerUrl":"","streamUrl":"","feedType":"iframe","source":"opencctv_airportwebcams","directEligible":false,"updateRate":30000}},{"type":"Feature","geometry":{"type":"Point","coordinates":[-112.38,48.61]},"properties":{"id":"opencctv_airportwebcams_airportwebcams-cut-bank-airport-2","name":"Cut Bank Airport (CTB) (#2)","type":"airport","city":"","country":"US","feedUrl":"https://weathercams.faa.gov/map/-113.68475,48.00396,-111.04803,48.80621/cameraSite/1031/summary","playerUrl":"","streamUrl":"","feedType":"iframe","source":"opencctv_airportwebcams","directEligible":false,"updateRate":30000}},{"type":"Feature","geometry":{"type":"Point","coordinates":[6.53,50.41]},"properties":{"id":"opencctv_airportwebcams_airportwebcams-dahlemer-binz-airfield-1","name":"Dahlemer Binz Airfield (#1)","type":"airport","city":"","country":"DE","feedUrl":"https://dahlemer-binz.de/webcam/WebCamImages.jpg","playerUrl":"","streamUrl":"","feedType":"image","source":"opencctv_airportwebcams","directEligible":true,"updateRate":60000}},{"type":"Feature","geometry":{"type":"Point","coordinates":[6.53,50.41]},"properties":{"id":"opencctv_airportwebcams_airportwebcams-dahlemer-binz-airfield-2","name":"Dahlemer Binz Airfield (#2)","type":"airport","city":"","country":"DE","feedUrl":"https://www.dahlemer-binz.de/","playerUrl":"","streamUrl":"","feedType":"iframe","source":"opencctv_airportwebcams","directEligible":true,"updateRate":30000}},{"type":"Feature","geometry":{"type":"Point","coordinates":[6.53,50.41]},"properties":{"id":"opencctv_airportwebcams_airportwebcams-dahlemer-binz-airfield-5","name":"Dahlemer Binz Airfield (#5)","type":"airport","city":"","country":"DE","feedUrl":"https://www.psv-luftsport.de/index.php/unser-flugplatz/anflug-auf-die-dahlemer-binz/","playerUrl":"","streamUrl":"","feedType":"iframe","source":"opencctv_airportwebcams","directEligible":true,"updateRate":30000}},{"type":"Feature","geometry":{"type":"Point","coordinates":[176.08,-40.23]},"properties":{"id":"opencctv_airportwebcams_airportwebcams-dannevirke-airport-1","name":"Dannevirke Airport","type":"airport","city":"","country":"NZ","feedUrl":"https://nzdv.avmet.nz/","playerUrl":"","streamUrl":"","feedType":"iframe","source":"opencctv_airportwebcams","directEligible":true,"updateRate":30000}},{"type":"Feature","geometry":{"type":"Point","coordinates":[-77.71,42.57]},"properties":{"id":"opencctv_airportwebcams_airportwebcams-dansville-airport-1","name":"Dansville Airport (DSV)","type":"airport","city":"","country":"US","feedUrl":"https://flsc.org/WebCam.php","playerUrl":"","streamUrl":"","feedType":"iframe","source":"opencctv_airportwebcams","directEligible":true,"updateRate":30000}},{"type":"Feature","geometry":{"type":"Point","coordinates":[23.88,54.88]},"properties":{"id":"opencctv_airportwebcams_airportwebcams-darius-and-girenas-airport-1","name":"Darius and Girenas Airport","type":"airport","city":"","country":"LT","feedUrl":"https://aleksotas.eik.lt/meteo/index2.php","playerUrl":"","streamUrl":"","feedType":"iframe","source":"opencctv_airportwebcams","directEligible":true,"updateRate":30000}},{"type":"Feature","geometry":{"type":"Point","coordinates":[-104.81,47.14]},"properties":{"id":"opencctv_airportwebcams_airportwebcams-dawson-community-airport-1","name":"Dawson Community Airport (GDV)","type":"airport","city":"","country":"US","feedUrl":"https://weathercams.faa.gov/map/-107.44367,46.10373,-102.17023,47.75412/cameraSite/985/summary","playerUrl":"","streamUrl":"","feedType":"iframe","source":"opencctv_airportwebcams","directEligible":false,"updateRate":30000}},{"type":"Feature","geometry":{"type":"Point","coordinates":[-81.06,29.18]},"properties":{"id":"opencctv_airportwebcams_airportwebcams-daytona-beach-airport-1","name":"Daytona Beach Airport (DAB) (#1)","type":"airport","city":"","country":"US","feedUrl":"https://livestream.weatherstem.com/215297352f1ba348f3253340ca3812e3.mjpg?token=5100be11052cdb16190636889147b7e0","playerUrl":"","streamUrl":"","feedType":"mjpeg","source":"opencctv_airportwebcams","directEligible":false,"updateRate":30000}},{"type":"Feature","geometry":{"type":"Point","coordinates":[-81.06,29.18]},"properties":{"id":"opencctv_airportwebcams_airportwebcams-daytona-beach-airport-3","name":"Daytona Beach Airport (DAB) (#3)","type":"airport","city":"","country":"US","feedUrl":"https://volusia.weatherstem.com/erau#","playerUrl":"","streamUrl":"","feedType":"iframe","source":"opencctv_airportwebcams","directEligible":true,"updateRate":30000}},{"type":"Feature","geometry":{"type":"Point","coordinates":[-148.46,70.19]},"properties":{"id":"opencctv_airportwebcams_airportwebcams-deadhorse-airport-1","name":"Deadhorse Airport","type":"airport","city":"","country":"US","feedUrl":"https://weathercams.faa.gov/map/-151.08862,69.57968,-145.86188,70.40742/cameraSite/13/summary","playerUrl":"","streamUrl":"","feedType":"iframe","source":"opencctv_airportwebcams","directEligible":false,"updateRate":30000}},{"type":"Feature","geometry":{"type":"Point","coordinates":[-67.99,44.72]},"properties":{"id":"opencctv_airportwebcams_airportwebcams-deblois-airport-1","name":"Deblois Airport","type":"airport","city":"","country":"US","feedUrl":"https://weathercams.faa.gov/map/-70.61556,43.65638,-65.34212,45.37958/cameraSite/737/summary","playerUrl":"","streamUrl":"","feedType":"iframe","source":"opencctv_airportwebcams","directEligible":false,"updateRate":30000}},{"type":"Feature","geometry":{"type":"Point","coordinates":[-112.76,46.39]},"properties":{"id":"opencctv_airportwebcams_airportwebcams-deer-lodge-airport-1","name":"Deer Lodge Airport","type":"airport","city":"","country":"US","feedUrl":"https://weathercams.faa.gov/map/-115.40123,45.33516,-110.12779,47.0312/cameraSite/631/summary","playerUrl":"","streamUrl":"","feedType":"iframe","source":"opencctv_airportwebcams","directEligible":false,"updateRate":30000}},{"type":"Feature","geometry":{"type":"Point","coordinates":[-122.94,49.08]},"properties":{"id":"opencctv_airportwebcams_airportwebcams-delta-heritage-air-park-2","name":"Delta Heritage Air Park (#2)","type":"airport","city":"","country":"US","feedUrl":"https://www.deltaheritageairpark.org/index.php#air-park-services","playerUrl":"","streamUrl":"","feedType":"iframe","source":"opencctv_airportwebcams","directEligible":true,"updateRate":30000}},{"type":"Feature","geometry":{"type":"Point","coordinates":[-86.47,30.4]},"properties":{"id":"opencctv_airportwebcams_airportwebcams-destin-executive-airport-1","name":"Destin Executive Airport (DTS)","type":"airport","city":"","country":"US","feedUrl":"https://weathercams.faa.gov/map/-89.10468,29.14866,-83.83124,31.23756/cameraSite/988/summary","playerUrl":"","streamUrl":"","feedType":"iframe","source":"opencctv_airportwebcams","directEligible":false,"updateRate":30000}},{"type":"Feature","geometry":{"type":"Point","coordinates":[-69.24,45.0]},"properties":{"id":"opencctv_airportwebcams_airportwebcams-dexter-regional-airport-1","name":"Dexter Regional Airport","type":"airport","city":"","country":"US","feedUrl":"https://weathercams.faa.gov/map/-71.87286,43.93734,-66.59942,45.65233/cameraSite/691/summary","playerUrl":"","streamUrl":"","feedType":"iframe","source":"opencctv_airportwebcams","directEligible":false,"updateRate":30000}},{"type":"Feature","geometry":{"type":"Point","coordinates":[7.65,50.56]},"properties":{"id":"opencctv_airportwebcams_airportwebcams-dierdorf-wienau-airport-1","name":"Dierdorf Wienau Airport (#1)","type":"airport","city":"","country":"DE","feedUrl":"https://www.lsv-neuwied.de/wp-content/webcam/cam1.jpg","playerUrl":"","streamUrl":"","feedType":"image","source":"opencctv_airportwebcams","directEligible":true,"updateRate":60000}},{"type":"Feature","geometry":{"type":"Point","coordinates":[-158.51,59.04]},"properties":{"id":"opencctv_airportwebcams_airportwebcams-dillingham-airport-1","name":"Dillingham Airport","type":"airport","city":"","country":"US","feedUrl":"https://weathercams.faa.gov/map/-161.12391,58.21389,-155.89717,59.46578/cameraSite/244/summary","playerUrl":"","streamUrl":"","feedType":"iframe","source":"opencctv_airportwebcams","directEligible":false,"updateRate":30000}},{"type":"Feature","geometry":{"type":"Point","coordinates":[-2.1,48.44]},"properties":{"id":"opencctv_airportwebcams_airportwebcams-dinan-trelivan-airfield-1","name":"Dinan Trelivan Airfield (#1)","type":"airport","city":"","country":"FR","feedUrl":"https://cam-aero.eu/raspicamaero/LFEB_AeroclubDeDinan/img","playerUrl":"","streamUrl":"","feedType":"iframe","source":"opencctv_airportwebcams","directEligible":false,"updateRate":30000}},{"type":"Feature","geometry":{"type":"Point","coordinates":[14.0,45.68]},"properties":{"id":"opencctv_airportwebcams_airportwebcams-divaca-airport-1","name":"Divaca Airport","type":"airport","city":"","country":"SI","feedUrl":"https://www.letaliscedivaca.si/","playerUrl":"","streamUrl":"","feedType":"iframe","source":"opencctv_airportwebcams","directEligible":true,"updateRate":30000}},{"type":"Feature","geometry":{"type":"Point","coordinates":[15.3,48.92]},"properties":{"id":"opencctv_airportwebcams_airportwebcams-dobersberg-airfield-1","name":"Dobersberg Airfield (#1)","type":"airport","city":"","country":"AT","feedUrl":"https://webcam.loab.at/webcam3.jpg","playerUrl":"","streamUrl":"","feedType":"image","source":"opencctv_airportwebcams","directEligible":true,"updateRate":60000}},{"type":"Feature","geometry":{"type":"Point","coordinates":[15.3,48.92]},"properties":{"id":"opencctv_airportwebcams_airportwebcams-dobersberg-airfield-2","name":"Dobersberg Airfield (#2)","type":"airport","city":"","country":"AT","feedUrl":"https://webcam.loab.at/webcam2.jpg","playerUrl":"","streamUrl":"","feedType":"image","source":"opencctv_airportwebcams","directEligible":true,"updateRate":60000}},{"type":"Feature","geometry":{"type":"Point","coordinates":[15.3,48.92]},"properties":{"id":"opencctv_airportwebcams_airportwebcams-dobersberg-airfield-3","name":"Dobersberg Airfield (#3)","type":"airport","city":"","country":"AT","feedUrl":"https://webcam.loab.at/webcam1.jpg","playerUrl":"","streamUrl":"","feedType":"image","source":"opencctv_airportwebcams","directEligible":true,"updateRate":60000}},{"type":"Feature","geometry":{"type":"Point","coordinates":[23.82,42.31]},"properties":{"id":"opencctv_airportwebcams_airportwebcams-dolna-banya-airport-1","name":"Dolna Banya Airport","type":"airport","city":"","country":"BG","feedUrl":"https://airport-bg.com/index.php?action=cams&aport=lbdb","playerUrl":"","streamUrl":"","feedType":"iframe","source":"opencctv_airportwebcams","directEligible":false,"updateRate":30000}},{"type":"Feature","geometry":{"type":"Point","coordinates":[8.522222,47.973331]},"properties":{"id":"opencctv_airportwebcams_airportwebcams-donaueschingen-villingen-airfield-1","name":"Donaueschingen Villingen Airfield (#1)","type":"airport","city":"","country":"DE","feedUrl":"https://www.flugplatz-donaueschingen.de/webcam/donauaktuell.jpg","playerUrl":"","streamUrl":"","feedType":"image","source":"opencctv_airportwebcams","directEligible":true,"updateRate":60000}},{"type":"Feature","geometry":{"type":"Point","coordinates":[8.522222,47.973331]},"properties":{"id":"opencctv_airportwebcams_airportwebcams-donaueschingen-villingen-airfield-2","name":"Donaueschingen Villingen Airfield (#2)","type":"airport","city":"","country":"DE","feedUrl":"https://buchung.lsb-donaueschingen.de/Webcam/cam.jpg","playerUrl":"","streamUrl":"","feedType":"image","source":"opencctv_airportwebcams","directEligible":true,"updateRate":60000}},{"type":"Feature","geometry":{"type":"Point","coordinates":[5.93,49.15]},"properties":{"id":"opencctv_airportwebcams_airportwebcams-doncourt-les-conflans-airport-1","name":"Doncourt Les Conflans Airport","type":"airport","city":"","country":"FR","feedUrl":"https://cam-aero.eu/raspicamaero/LFGR_DoncourtLesConflans/img","playerUrl":"","streamUrl":"","feedType":"iframe","source":"opencctv_airportwebcams","directEligible":false,"updateRate":30000}},{"type":"Feature","geometry":{"type":"Point","coordinates":[-106.79,35.15]},"properties":{"id":"opencctv_airportwebcams_airportwebcams-double-eagle-ii-airport-1","name":"Double Eagle II Airport (AEG)","type":"airport","city":"","country":"US","feedUrl":"https://weathercams.faa.gov/map/-106.793945,34.934552,9/cameraSite/896/summary","playerUrl":"","streamUrl":"","feedType":"iframe","source":"opencctv_airportwebcams","directEligible":false,"updateRate":30000}},{"type":"Feature","geometry":{"type":"Point","coordinates":[1.36,48.7]},"properties":{"id":"opencctv_airportwebcams_airportwebcams-dreux-vernouillet-airport-1","name":"Dreux Vernouillet Airport","type":"airport","city":"","country":"FR","feedUrl":"https://cam-aero.eu/raspicamaero/LFON_Dreux/img","playerUrl":"","streamUrl":"","feedType":"iframe","source":"opencctv_airportwebcams","directEligible":false,"updateRate":30000}},{"type":"Feature","geometry":{"type":"Point","coordinates":[148.53,-32.34]},"properties":{"id":"opencctv_airportwebcams_airportwebcams-dubbo-wings-out-west-airport-1","name":"Dubbo Wings Out West Airport","type":"airport","city":"","country":"AU","feedUrl":"https://www.dubbo.skycam.net.au/","playerUrl":"","streamUrl":"","feedType":"iframe","source":"opencctv_airportwebcams","directEligible":true,"updateRate":30000}},{"type":"Feature","geometry":{"type":"Point","coordinates":[2.55,51.04]},"properties":{"id":"opencctv_airportwebcams_airportwebcams-dunkerque-les-moeres-airport-1","name":"Dunkerque Les Moeres Airport","type":"airport","city":"","country":"FR","feedUrl":"https://webcam.aeroclub-dunkerque.com/","playerUrl":"","streamUrl":"","feedType":"iframe","source":"opencctv_airportwebcams","directEligible":true,"updateRate":30000}},{"type":"Feature","geometry":{"type":"Point","coordinates":[-102.77,47.39]},"properties":{"id":"opencctv_airportwebcams_airportwebcams-dunn-county-airport-1","name":"Dunn County Airport","type":"airport","city":"","country":"US","feedUrl":"https://weathercams.faa.gov/map/-105.40338,46.36267,-100.12994,48.00518/cameraSite/970/summary","playerUrl":"","streamUrl":"","feedType":"iframe","source":"opencctv_airportwebcams","directEligible":false,"updateRate":30000}},{"type":"Feature","geometry":{"type":"Point","coordinates":[-107.75,37.15]},"properties":{"id":"opencctv_airportwebcams_airportwebcams-durango-la-plata-airport-1","name":"Durango La Plata Airport (DRO)","type":"airport","city":"","country":"US","feedUrl":"https://weathercams.faa.gov/map/-110.38912,35.96427,-105.11568,37.93514/cameraSite/539/summary","playerUrl":"","streamUrl":"","feedType":"iframe","source":"opencctv_airportwebcams","directEligible":false,"updateRate":30000}},{"type":"Feature","geometry":{"type":"Point","coordinates":[31.13,-29.61]},"properties":{"id":"opencctv_airportwebcams_airportwebcams-durban-international-airport-1","name":"Durban International Airport (#1)","type":"airport","city":"","country":"ZA","feedUrl":"https://aviation.weathersa.co.za/pib/webcams/ksia-ne000M.jpg","playerUrl":"","streamUrl":"","feedType":"image","source":"opencctv_airportwebcams","directEligible":true,"updateRate":60000}},{"type":"Feature","geometry":{"type":"Point","coordinates":[31.13,-29.61]},"properties":{"id":"opencctv_airportwebcams_airportwebcams-durban-international-airport-2","name":"Durban International Airport (#2)","type":"airport","city":"","country":"ZA","feedUrl":"https://aviation.weathersa.co.za/pib/webcams/ksia-se000M.jpg?1706008634","playerUrl":"","streamUrl":"","feedType":"image","source":"opencctv_airportwebcams","directEligible":true,"updateRate":60000}},{"type":"Feature","geometry":{"type":"Point","coordinates":[15.84,50.41]},"properties":{"id":"opencctv_airportwebcams_airportwebcams-dvur-kralove-airfield-1","name":"Dvur Kralove Airfield","type":"airport","city":"","country":"CZ","feedUrl":"https://www.akdk.cz/","playerUrl":"","streamUrl":"","feedType":"iframe","source":"opencctv_airportwebcams","directEligible":true,"updateRate":30000}},{"type":"Feature","geometry":{"type":"Point","coordinates":[-104.85,39.58]},"properties":{"id":"opencctv_airportwebcams_airportwebcams-centennial-airport-1","name":"Centennial Airport (APA)","type":"airport","city":"","country":"US","feedUrl":"https://weathercams.faa.gov/map/-104.84784,39.362179999999995,9/cameraSite/578/summary","playerUrl":"","streamUrl":"","feedType":"iframe","source":"opencctv_airportwebcams","directEligible":false,"updateRate":30000}},{"type":"Feature","geometry":{"type":"Point","coordinates":[6.45,46.29]},"properties":{"id":"opencctv_airportwebcams_airportwebcams-cervens-airfield-1","name":"Cervens Airfield (#1)","type":"airport","city":"","country":"FR","feedUrl":"https://cam.alpulm.fr/","playerUrl":"","streamUrl":"","feedType":"iframe","source":"opencctv_airportwebcams","directEligible":true,"updateRate":30000}},{"type":"Feature","geometry":{"type":"Point","coordinates":[6.45,46.29]},"properties":{"id":"opencctv_airportwebcams_airportwebcams-cervens-airfield-2","name":"Cervens Airfield (#2)","type":"airport","city":"","country":"FR","feedUrl":"https://cam-aero.eu/raspicamaero/LF7470_Cervens_AlpUlm/img","playerUrl":"","streamUrl":"","feedType":"iframe","source":"opencctv_airportwebcams","directEligible":false,"updateRate":30000}},{"type":"Feature","geometry":{"type":"Point","coordinates":[-143.74,66.64]},"properties":{"id":"opencctv_airportwebcams_airportwebcams-chalkyitsik-airport-1","name":"Chalkyitsik Airport","type":"airport","city":"","country":"US","feedUrl":"https://weathercams.faa.gov/map/-146.3408,65.96134,-141.11406,66.92822/cameraSite/181/summary","playerUrl":"","streamUrl":"","feedType":"iframe","source":"opencctv_airportwebcams","directEligible":false,"updateRate":30000}},{"type":"Feature","geometry":{"type":"Point","coordinates":[4.35,48.9]},"properties":{"id":"opencctv_airportwebcams_airportwebcams-chalons-ecury-sur-coole-airport-1","name":"Chalons Ecury (#1)","type":"airport","city":"","country":"FR","feedUrl":"https://cam-aero.eu/raspicamaero/LFQK_AeroClubFarmanClement/img","playerUrl":"","streamUrl":"","feedType":"iframe","source":"opencctv_airportwebcams","directEligible":false,"updateRate":30000}},{"type":"Feature","geometry":{"type":"Point","coordinates":[4.35,48.9]},"properties":{"id":"opencctv_airportwebcams_airportwebcams-chalons-ecury-sur-coole-airport-2","name":"Chalons Ecury (#2)","type":"airport","city":"","country":"FR","feedUrl":"https://cam-aero.eu/raspicamaero/LFQK_Chalons_Ecury/img","playerUrl":"","streamUrl":"","feedType":"iframe","source":"opencctv_airportwebcams","directEligible":false,"updateRate":30000}},{"type":"Feature","geometry":{"type":"Point","coordinates":[5.88,45.64]},"properties":{"id":"opencctv_airportwebcams_airportwebcams-chambery-airport-1","name":"Chambery Airport (#1)","type":"airport","city":"","country":"FR","feedUrl":"https://www.aeroclub-savoie.com/index.php?option=com_content&view=article&id=78&Itemid=397&lang=en","playerUrl":"","streamUrl":"","feedType":"iframe","source":"opencctv_airportwebcams","directEligible":true,"updateRate":30000}},{"type":"Feature","geometry":{"type":"Point","coordinates":[5.88,45.64]},"properties":{"id":"opencctv_airportwebcams_airportwebcams-chambery-airport-2","name":"Chambery Airport (#2)","type":"airport","city":"","country":"FR","feedUrl":"https://cam-aero.eu/raspicamaero/LFLB_AeroclubDeSavoie/img","playerUrl":"","streamUrl":"","feedType":"iframe","source":"opencctv_airportwebcams","directEligible":false,"updateRate":30000}},{"type":"Feature","geometry":{"type":"Point","coordinates":[5.88,45.64]},"properties":{"id":"opencctv_airportwebcams_airportwebcams-chambery-airport-3","name":"Chambery Airport (#3)","type":"airport","city":"","country":"FR","feedUrl":"https://cam-aero.eu/raspicamaero/LFLB_AeroclubDeSavoie2/img","playerUrl":"","streamUrl":"","feedType":"iframe","source":"opencctv_airportwebcams","directEligible":false,"updateRate":30000}},{"type":"Feature","geometry":{"type":"Point","coordinates":[5.98,45.56]},"properties":{"id":"opencctv_airportwebcams_airportwebcams-chambery-challes-les-eaux-airport-1","name":"Chambery Challes Les Eaux Airport","type":"airport","city":"","country":"FR","feedUrl":"https://www.planeur-challes.fr/webcam-des-planeurs-de-challes/","playerUrl":"","streamUrl":"","feedType":"iframe","source":"opencctv_airportwebcams","directEligible":true,"updateRate":30000}},{"type":"Feature","geometry":{"type":"Point","coordinates":[5.88,49.03]},"properties":{"id":"opencctv_airportwebcams_airportwebcams-chambley-airport-1","name":"Chambley Airport (#1)","type":"airport","city":"","country":"FR","feedUrl":"https://www.leuropevueduciel.com/webcam/hd.php","playerUrl":"","streamUrl":"","feedType":"iframe","source":"opencctv_airportwebcams","directEligible":true,"updateRate":30000}},{"type":"Feature","geometry":{"type":"Point","coordinates":[5.88,49.03]},"properties":{"id":"opencctv_airportwebcams_airportwebcams-chambley-airport-2","name":"Chambley Airport (#2)","type":"airport","city":"","country":"FR","feedUrl":"https://www.leuropevueduciel.com/webcam/#","playerUrl":"","streamUrl":"","feedType":"iframe","source":"opencctv_airportwebcams","directEligible":true,"updateRate":30000}},{"type":"Feature","geometry":{"type":"Point","coordinates":[-58.03,-32.38]},"properties":{"id":"opencctv_airportwebcams_airportwebcams-charles-chalkling-airport-1","name":"Charles Chalkling Airport","type":"airport","city":"","country":"UY","feedUrl":"https://charleschalkling.com/camaras/SUPC/camaras.php","playerUrl":"","streamUrl":"","feedType":"iframe","source":"opencctv_airportwebcams","directEligible":true,"updateRate":30000}},{"type":"Feature","geometry":{"type":"Point","coordinates":[3.36,49.07]},"properties":{"id":"opencctv_airportwebcams_airportwebcams-chateau-thierry-belleau-airport-1","name":"Chateau Thierry Belleau Airport","type":"airport","city":"","country":"FR","feedUrl":"https://cam-aero.eu/raspicamaero/LFFH_AeroClubChateauThierryBelleau/img","playerUrl":"","streamUrl":"","feedType":"iframe","source":"opencctv_airportwebcams","directEligible":false,"updateRate":30000}},{"type":"Feature","geometry":{"type":"Point","coordinates":[1.62,46.84]},"properties":{"id":"opencctv_airportwebcams_airportwebcams-chateauroux-villers-airport-1","name":"Chateauroux Villers Airport","type":"airport","city":"","country":"FR","feedUrl":"https://cam-aero.eu/raspicamaero/LFEJ_AeroClubChateauroux/img","playerUrl":"","streamUrl":"","feedType":"iframe","source":"opencctv_airportwebcams","directEligible":false,"updateRate":30000}},{"type":"Feature","geometry":{"type":"Point","coordinates":[7.48,45.74]},"properties":{"id":"opencctv_airportwebcams_airportwebcams-chatelair-airfield-1","name":"Chatelair Airfield","type":"airport","city":"","country":"FR","feedUrl":"https://www.meteosystem.com/chatelair/meteo.php","playerUrl":"","streamUrl":"","feedType":"iframe","source":"opencctv_airportwebcams","directEligible":true,"updateRate":30000}},{"type":"Feature","geometry":{"type":"Point","coordinates":[-69.99,41.69]},"properties":{"id":"opencctv_airportwebcams_airportwebcams-chatham-municipal-airport-1","name":"Chatham Municipal Airport (CQX) (#1)","type":"airport","city":"","country":"US","feedUrl":"https://www.telecamsystems.com/airport/index.htm","playerUrl":"","streamUrl":"","feedType":"iframe","source":"opencctv_airportwebcams","directEligible":true,"updateRate":30000}},{"type":"Feature","geometry":{"type":"Point","coordinates":[-69.99,41.69]},"properties":{"id":"opencctv_airportwebcams_airportwebcams-chatham-municipal-airport-2","name":"Chatham Municipal Airport (CQX) (#2)","type":"airport","city":"","country":"US","feedUrl":"https://weathercams.faa.gov/map/-72.22822,40.57689,-66.95478,42.38742/cameraSite/1048/details/camera","playerUrl":"","streamUrl":"","feedType":"iframe","source":"opencctv_airportwebcams","directEligible":false,"updateRate":30000}},{"type":"Feature","geometry":{"type":"Point","coordinates":[5.05,48.08]},"properties":{"id":"opencctv_airportwebcams_airportwebcams-chaumont-semoutiers-airport-1","name":"Chaumont","type":"airport","city":"","country":"FR","feedUrl":"https://cam-aero.eu/raspicamaero/LFJA_Chaumont/img","playerUrl":"","streamUrl":"","feedType":"iframe","source":"opencctv_airportwebcams","directEligible":false,"updateRate":30000}},{"type":"Feature","geometry":{"type":"Point","coordinates":[8.31,46.13]},"properties":{"id":"opencctv_airportwebcams_airportwebcams-chavez-marini-airport-1","name":"Chavez Marini Airport","type":"airport","city":"","country":"IT","feedUrl":"https://www.airvaldossola.com/index.php/webcam","playerUrl":"","streamUrl":"","feedType":"iframe","source":"opencctv_airportwebcams","directEligible":true,"updateRate":30000}},{"type":"Feature","geometry":{"type":"Point","coordinates":[12.4,50.06]},"properties":{"id":"opencctv_airportwebcams_airportwebcams-cheb-airfield-1","name":"Cheb Airfield","type":"airport","city":"","country":"CZ","feedUrl":"https://www.letistecheb.cz/webcam.html","playerUrl":"","streamUrl":"","feedType":"iframe","source":"opencctv_airportwebcams","directEligible":false,"updateRate":30000}},{"type":"Feature","geometry":{"type":"Point","coordinates":[-164.28,60.14]},"properties":{"id":"opencctv_airportwebcams_airportwebcams-chefornak-airport-1","name":"Chefornak Airport","type":"airport","city":"","country":"US","feedUrl":"https://weathercams.faa.gov/map/-164.90375,59.95215,-163.5854,60.25946/cameraSite/38/summary","playerUrl":"","streamUrl":"","feedType":"iframe","source":"opencctv_airportwebcams","directEligible":false,"updateRate":30000}},{"type":"Feature","geometry":{"type":"Point","coordinates":[-165.6,61.54]},"properties":{"id":"opencctv_airportwebcams_airportwebcams-chevak-airport-1","name":"Chevak Airport","type":"airport","city":"","country":"US","feedUrl":"https://weathercams.faa.gov/map/-168.21446,60.75111,-162.98772,61.9118/cameraSite/43/summary","playerUrl":"","streamUrl":"","feedType":"iframe","source":"opencctv_airportwebcams","directEligible":false,"updateRate":30000}},{"type":"Feature","geometry":{"type":"Point","coordinates":[11.14,43.19]},"properties":{"id":"opencctv_airportwebcams_airportwebcams-chiusdino-airfield-1","name":"Chiusdino Airfield (#1)","type":"airport","city":"","country":"IT","feedUrl":"https://www.ivoplay.it/webcam/avioclub-chiusdino-1/","playerUrl":"","streamUrl":"","feedType":"iframe","source":"opencctv_airportwebcams","directEligible":true,"updateRate":30000}},{"type":"Feature","geometry":{"type":"Point","coordinates":[11.14,43.19]},"properties":{"id":"opencctv_airportwebcams_airportwebcams-chiusdino-airfield-2","name":"Chiusdino Airfield (#2)","type":"airport","city":"","country":"IT","feedUrl":"https://www.ivoplay.it/webcam/avioclub-chiusdino-2/","playerUrl":"","streamUrl":"","feedType":"iframe","source":"opencctv_airportwebcams","directEligible":true,"updateRate":30000}},{"type":"Feature","geometry":{"type":"Point","coordinates":[-158.53,58.83]},"properties":{"id":"opencctv_airportwebcams_airportwebcams-clarks-point-airport-1","name":"Clarks Point Airport","type":"airport","city":"","country":"US","feedUrl":"https://weathercams.faa.gov/map/-161.13765,58.00137,-155.91091,59.2608/cameraSite/229/summary","playerUrl":"","streamUrl":"","feedType":"iframe","source":"opencctv_airportwebcams","directEligible":false,"updateRate":30000}},{"type":"Feature","geometry":{"type":"Point","coordinates":[-105.58,48.09]},"properties":{"id":"opencctv_airportwebcams_airportwebcams-clayton-airport-1","name":"Clayton Airport (OLF)","type":"airport","city":"","country":"US","feedUrl":"https://weathercams.faa.gov/map/-108.20976,47.0786,-102.93632,48.69918/cameraSite/871/summary","playerUrl":"","streamUrl":"","feedType":"iframe","source":"opencctv_airportwebcams","directEligible":false,"updateRate":30000}},{"type":"Feature","geometry":{"type":"Point","coordinates":[-81.68,41.51]},"properties":{"id":"opencctv_airportwebcams_airportwebcams-cleveland-burke-lakefront-airport-1","name":"Cleveland Burke Lakefront Airport (BKL) (#1)","type":"airport","city":"","country":"US","feedUrl":"https://g1.ipcamlive.com/player/player.php?alias=6400d096802b0&mute=1","playerUrl":"","streamUrl":"","feedType":"iframe","source":"opencctv_airportwebcams","directEligible":true,"updateRate":30000}},{"type":"Feature","geometry":{"type":"Point","coordinates":[-77.04,35.07]},"properties":{"id":"opencctv_airportwebcams_airportwebcams-coastal-carolina-regional-airport-1","name":"Coastal Carolina Regional Airport (EWN)","type":"airport","city":"","country":"US","feedUrl":"https://www.wnct.com/new-bern-airport-weather-camera/","playerUrl":"","streamUrl":"","feedType":"iframe","source":"opencctv_airportwebcams","directEligible":false,"updateRate":30000}},{"type":"Feature","geometry":{"type":"Point","coordinates":[-90.41,15.47]},"properties":{"id":"opencctv_airportwebcams_airportwebcams-coban-airport-1","name":"Coban Airport (#1)","type":"airport","city":"","country":"GT","feedUrl":"https://www.aeroclubguatemala.com/ftpcamaras/cam41.jpg","playerUrl":"","streamUrl":"","feedType":"image","source":"opencctv_airportwebcams","directEligible":true,"updateRate":60000}},{"type":"Feature","geometry":{"type":"Point","coordinates":[-90.41,15.47]},"properties":{"id":"opencctv_airportwebcams_airportwebcams-coban-airport-2","name":"Coban Airport (#2)","type":"airport","city":"","country":"GT","feedUrl":"https://www.aeroclubguatemala.com/ftpcamaras/cam40.jpg","playerUrl":"","streamUrl":"","feedType":"image","source":"opencctv_airportwebcams","directEligible":true,"updateRate":60000}},{"type":"Feature","geometry":{"type":"Point","coordinates":[11.0,50.26]},"properties":{"id":"opencctv_airportwebcams_airportwebcams-coburg-brandensteinsebene-airfield-1","name":"Coburg Brandensteinsebene Airfield (#1)","type":"airport","city":"","country":"DE","feedUrl":"https://vlp-coburg.de/webcam/webcam_1.jpg","playerUrl":"","streamUrl":"","feedType":"image","source":"opencctv_airportwebcams","directEligible":true,"updateRate":60000}},{"type":"Feature","geometry":{"type":"Point","coordinates":[11.0,50.26]},"properties":{"id":"opencctv_airportwebcams_airportwebcams-coburg-brandensteinsebene-airfield-2","name":"Coburg Brandensteinsebene Airfield (#2)","type":"airport","city":"","country":"DE","feedUrl":"https://vlp-coburg.de/webcam/webcam.jpg","playerUrl":"","streamUrl":"","feedType":"image","source":"opencctv_airportwebcams","directEligible":true,"updateRate":60000}},{"type":"Feature","geometry":{"type":"Point","coordinates":[11.0,50.26]},"properties":{"id":"opencctv_airportwebcams_airportwebcams-coburg-brandensteinsebene-airfield-3","name":"Coburg Brandensteinsebene Airfield (#3)","type":"airport","city":"","country":"DE","feedUrl":"https://vlp-coburg.de/webcam/webcam_2-raw.jpg","playerUrl":"","streamUrl":"","feedType":"image","source":"opencctv_airportwebcams","directEligible":true,"updateRate":60000}},{"type":"Feature","geometry":{"type":"Point","coordinates":[11.0,50.26]},"properties":{"id":"opencctv_airportwebcams_airportwebcams-coburg-brandensteinsebene-airfield-5","name":"Coburg Brandensteinsebene Airfield (#5)","type":"airport","city":"","country":"DE","feedUrl":"https://www.vlp-coburg.de/wetterdaten-webcams","playerUrl":"","streamUrl":"","feedType":"iframe","source":"opencctv_airportwebcams","directEligible":true,"updateRate":60000}},{"type":"Feature","geometry":{"type":"Point","coordinates":[-116.82,47.77]},"properties":{"id":"opencctv_airportwebcams_airportwebcams-coeur-dalene-airport-1","name":"Coeur D&#039;Alene Airport (COE) (#1)","type":"airport","city":"","country":"US","feedUrl":"https://www.vectorav.com/webcam2.htm","playerUrl":"","streamUrl":"","feedType":"iframe","source":"opencctv_airportwebcams","directEligible":true,"updateRate":30000}},{"type":"Feature","geometry":{"type":"Point","coordinates":[-116.82,47.77]},"properties":{"id":"opencctv_airportwebcams_airportwebcams-coeur-dalene-airport-2","name":"Coeur D&#039;Alene Airport (COE) (#2)","type":"airport","city":"","country":"US","feedUrl":"https://www.vectorav.com/webcam3.htm","playerUrl":"","streamUrl":"","feedType":"iframe","source":"opencctv_airportwebcams","directEligible":true,"updateRate":30000}},{"type":"Feature","geometry":{"type":"Point","coordinates":[144.22,-35.83]},"properties":{"id":"opencctv_airportwebcams_airportwebcams-cohuna-airport-1","name":"Cohuna Airport","type":"airport","city":"","country":"AU","feedUrl":"https://avmet.nz/ycoh/","playerUrl":"","streamUrl":"","feedType":"iframe","source":"opencctv_airportwebcams","directEligible":true,"updateRate":30000}},{"type":"Feature","geometry":{"type":"Point","coordinates":[-162.72,55.2]},"properties":{"id":"opencctv_airportwebcams_airportwebcams-cold-bay-airport-1","name":"Cold Bay Airport","type":"airport","city":"","country":"US","feedUrl":"https://weathercams.faa.gov/map/-165.32516,54.30344,-160.09842,55.69126/cameraSite/128/summary","playerUrl":"","streamUrl":"","feedType":"iframe","source":"opencctv_airportwebcams","directEligible":false,"updateRate":30000}},{"type":"Feature","geometry":{"type":"Point","coordinates":[-150.2,67.25]},"properties":{"id":"opencctv_airportwebcams_airportwebcams-coldfoot-airport-1","name":"Coldfoot Airport","type":"airport","city":"","country":"US","feedUrl":"https://weathercams.faa.gov/map/-152.80752,66.57959,-147.58078,67.52294/cameraSite/208/summary","playerUrl":"","streamUrl":"","feedType":"iframe","source":"opencctv_airportwebcams","directEligible":false,"updateRate":30000}},{"type":"Feature","geometry":{"type":"Point","coordinates":[11.79,45.2]},"properties":{"id":"opencctv_airportwebcams_airportwebcams-colli-euganei-airport-1","name":"Colli Euganei Airport","type":"airport","city":"","country":"IT","feedUrl":"https://www.collieuganeivolo.it/livecam.html","playerUrl":"","streamUrl":"","feedType":"iframe","source":"opencctv_airportwebcams","directEligible":false,"updateRate":30000}},{"type":"Feature","geometry":{"type":"Point","coordinates":[7.36,48.11]},"properties":{"id":"opencctv_airportwebcams_airportwebcams-colmar-houssen-airport-1","name":"Colmar Houssen Airport","type":"airport","city":"","country":"FR","feedUrl":"https://www.colmar.aeroport.fr/webcam","playerUrl":"","streamUrl":"","feedType":"iframe","source":"opencctv_airportwebcams","directEligible":true,"updateRate":30000}},{"type":"Feature","geometry":{"type":"Point","coordinates":[-104.55,39.79]},"properties":{"id":"opencctv_airportwebcams_airportwebcams-colorado-air-and-space-port-1","name":"Colorado Air And Space Port (CFO)","type":"airport","city":"","country":"US","feedUrl":"https://weathercams.faa.gov/map/-107.18631,38.65323,-101.91287,40.51577/cameraSite/568/summary","playerUrl":"","streamUrl":"","feedType":"iframe","source":"opencctv_airportwebcams","directEligible":false,"updateRate":30000}},{"type":"Feature","geometry":{"type":"Point","coordinates":[-104.7,38.81]},"properties":{"id":"opencctv_airportwebcams_airportwebcams-colorado-springs-airport-2","name":"Colorado Springs Airport (COS) (#2)","type":"airport","city":"","country":"US","feedUrl":"https://websvc.coloradosprings.gov/live/COS/COS_CAM_East_Ramp_c1.jpg","playerUrl":"","streamUrl":"","feedType":"image","source":"opencctv_airportwebcams","directEligible":true,"updateRate":60000}},{"type":"Feature","geometry":{"type":"Point","coordinates":[-104.7,38.81]},"properties":{"id":"opencctv_airportwebcams_airportwebcams-colorado-springs-airport-3","name":"Colorado Springs Airport (COS) (#3)","type":"airport","city":"","country":"US","feedUrl":"https://weathercams.faa.gov/map/-104.69787,38.6049,9/cameraSite/587/summary","playerUrl":"","streamUrl":"","feedType":"iframe","source":"opencctv_airportwebcams","directEligible":false,"updateRate":30000}},{"type":"Feature","geometry":{"type":"Point","coordinates":[2.8,49.43]},"properties":{"id":"opencctv_airportwebcams_airportwebcams-compiegne-margny-airport-1","name":"Compiegne Margny Airport","type":"airport","city":"","country":"FR","feedUrl":"https://cam-aero.eu/raspicamaero/LFAD_ACCM60/img","playerUrl":"","streamUrl":"","feedType":"iframe","source":"opencctv_airportwebcams","directEligible":false,"updateRate":30000}},{"type":"Feature","geometry":{"type":"Point","coordinates":[-2.16,50.97]},"properties":{"id":"opencctv_airportwebcams_airportwebcams-compton-abbas-airfield-1","name":"Compton Abbas Airfield","type":"airport","city":"","country":"GB","feedUrl":"https://www.comptonairfield.com/visiting-us-by-air/","playerUrl":"","streamUrl":"","feedType":"iframe","source":"opencctv_airportwebcams","directEligible":true,"updateRate":30000}},{"type":"Feature","geometry":{"type":"Point","coordinates":[-111.98,48.17]},"properties":{"id":"opencctv_airportwebcams_airportwebcams-conrad-airport-1","name":"Conrad Airport","type":"airport","city":"","country":"US","feedUrl":"https://weathercams.faa.gov/map/-114.60582,47.15586,-109.33238,48.77406/cameraSite/826/summary","playerUrl":"","streamUrl":"","feedType":"iframe","source":"opencctv_airportwebcams","directEligible":false,"updateRate":30000}},{"type":"Feature","geometry":{"type":"Point","coordinates":[146.77,-37.89]},"properties":{"id":"opencctv_airportwebcams_airportwebcams-coongulla-airport-2","name":"Coongulla Airport (#2)","type":"airport","city":"","country":"AU","feedUrl":"https://auswebcams.com/coongulla/","playerUrl":"","streamUrl":"","feedType":"iframe","source":"opencctv_airportwebcams","directEligible":false,"updateRate":30000}},{"type":"Feature","geometry":{"type":"Point","coordinates":[-108.63,37.3]},"properties":{"id":"opencctv_airportwebcams_airportwebcams-cortez-municipal-airport-1","name":"Cortez Municipal Airport (CEZ)","type":"airport","city":"","country":"US","feedUrl":"https://weathercams.faa.gov/map/-111.26756,36.13479,-105.99412,38.06239/cameraSite/579/summary","playerUrl":"","streamUrl":"","feedType":"iframe","source":"opencctv_airportwebcams","directEligible":false,"updateRate":30000}},{"type":"Feature","geometry":{"type":"Point","coordinates":[-113.84,50.53]},"properties":{"id":"opencctv_airportwebcams_airportwebcams-high-river-airport-1","name":"High River Airport","type":"airport","city":"","country":"CA","feedUrl":"https://lancasterway.com/","playerUrl":"","streamUrl":"","feedType":"iframe","source":"opencctv_airportwebcams","directEligible":false,"updateRate":30000}},{"type":"Feature","geometry":{"type":"Point","coordinates":[-122.95,45.54]},"properties":{"id":"opencctv_airportwebcams_airportwebcams-hillsboro-airport-1","name":"Hillsboro Airport (HIO)","type":"airport","city":"","country":"US","feedUrl":"https://www.khio.net/tower-cam","playerUrl":"","streamUrl":"","feedType":"iframe","source":"opencctv_airportwebcams","directEligible":true,"updateRate":30000}},{"type":"Feature","geometry":{"type":"Point","coordinates":[-88.7,41.77]},"properties":{"id":"opencctv_airportwebcams_airportwebcams-hinckley-airport-1","name":"Hinckley Airport","type":"airport","city":"","country":"US","feedUrl":"https://wcsa.club/ewc.html","playerUrl":"","streamUrl":"","feedType":"iframe","source":"opencctv_airportwebcams","directEligible":false,"updateRate":30000}},{"type":"Feature","geometry":{"type":"Point","coordinates":[132.91,34.44]},"properties":{"id":"opencctv_airportwebcams_airportwebcams-hiroshima-airport-2","name":"Hiroshima Airport (#2)","type":"airport","city":"","country":"JP","feedUrl":"https://webcam.wni.co.jp/GZW22253/loop.html","playerUrl":"","streamUrl":"","feedType":"iframe","source":"opencctv_airportwebcams","directEligible":true,"updateRate":30000}},{"type":"Feature","geometry":{"type":"Point","coordinates":[8.39,50.79]},"properties":{"id":"opencctv_airportwebcams_airportwebcams-hirzenhain-airfield-1","name":"Hirzenhain Airfield","type":"airport","city":"","country":"DE","feedUrl":"https://wettercam.sfc-hihai.de/","playerUrl":"","streamUrl":"","feedType":"iframe","source":"opencctv_airportwebcams","directEligible":true,"updateRate":30000}},{"type":"Feature","geometry":{"type":"Point","coordinates":[147.32,-35.68]},"properties":{"id":"opencctv_airportwebcams_airportwebcams-holbrook-airport-2","name":"Holbrook Airport (#2)","type":"airport","city":"","country":"AU","feedUrl":"https://auswebcams.com/YHBK/","playerUrl":"","streamUrl":"","feedType":"iframe","source":"opencctv_airportwebcams","directEligible":false,"updateRate":30000}},{"type":"Feature","geometry":{"type":"Point","coordinates":[17.14,48.81]},"properties":{"id":"opencctv_airportwebcams_airportwebcams-holic-airfield-1","name":"Holic Airfield","type":"airport","city":"","country":"SK","feedUrl":"https://www.letiskoholic.sk/letiste/kamera/C1-Lite_E8ABFA8AE921/snap/fotka3.jpg?v=095737","playerUrl":"","streamUrl":"","feedType":"image","source":"opencctv_airportwebcams","directEligible":true,"updateRate":60000}},{"type":"Feature","geometry":{"type":"Point","coordinates":[9.4,51.61]},"properties":{"id":"opencctv_airportwebcams_airportwebcams-holleberg-airfield-1","name":"Holleberg Airfield","type":"airport","city":"","country":"DE","feedUrl":"https://edvl.de/edvl-webcam-live/","playerUrl":"","streamUrl":"","feedType":"iframe","source":"opencctv_airportwebcams","directEligible":true,"updateRate":30000}},{"type":"Feature","geometry":{"type":"Point","coordinates":[-121.41,36.89]},"properties":{"id":"opencctv_airportwebcams_airportwebcams-hollister-municipal-airport-1","name":"Hollister Municipal Airport (CVH)","type":"airport","city":"","country":"US","feedUrl":"https://hsc-webcam.saahbs.net/","playerUrl":"","streamUrl":"","feedType":"iframe","source":"opencctv_airportwebcams","directEligible":true,"updateRate":30000}},{"type":"Feature","geometry":{"type":"Point","coordinates":[-159.77,62.19]},"properties":{"id":"opencctv_airportwebcams_airportwebcams-holy-cross-airport-1","name":"Holy Cross Airport","type":"airport","city":"","country":"US","feedUrl":"https://weathercams.faa.gov/map/-162.3881,61.41702,-157.16136,62.55342/cameraSite/24/summary","playerUrl":"","streamUrl":"","feedType":"iframe","source":"opencctv_airportwebcams","directEligible":false,"updateRate":30000}},{"type":"Feature","geometry":{"type":"Point","coordinates":[-102.28,40.57]},"properties":{"id":"opencctv_airportwebcams_airportwebcams-holyoke-municipal-airport-1","name":"Holyoke Municipal Airport (HEQ)","type":"airport","city":"","country":"US","feedUrl":"https://weathercams.faa.gov/map/-104.91818,39.45132,-99.64474,41.29252/cameraSite/571/summary","playerUrl":"","streamUrl":"","feedType":"iframe","source":"opencctv_airportwebcams","directEligible":false,"updateRate":30000}},{"type":"Feature","geometry":{"type":"Point","coordinates":[-135.41,58.1]},"properties":{"id":"opencctv_airportwebcams_airportwebcams-hoonah-airport-1","name":"Hoonah Airport","type":"airport","city":"","country":"US","feedUrl":"https://weathercams.faa.gov/map/-138.02786,57.24833,-132.80112,58.53433/cameraSite/418/summary","playerUrl":"","streamUrl":"","feedType":"iframe","source":"opencctv_airportwebcams","directEligible":false,"updateRate":30000}},{"type":"Feature","geometry":{"type":"Point","coordinates":[7.19,49.61]},"properties":{"id":"opencctv_airportwebcams_airportwebcams-hoppstadten-weiersbach-airfield-1","name":"Hoppstadten Weiersbach Airfield","type":"airport","city":"","country":"DE","feedUrl":"https://fsvhowei.de/flugplatz/webcam","playerUrl":"","streamUrl":"","feedType":"iframe","source":"opencctv_airportwebcams","directEligible":true,"updateRate":30000}},{"type":"Feature","geometry":{"type":"Point","coordinates":[15.58,50.36]},"properties":{"id":"opencctv_airportwebcams_airportwebcams-horice-airport-1","name":"Horice Airport","type":"airport","city":"","country":"CZ","feedUrl":"https://www.lkhc.cz/kamery/","playerUrl":"","streamUrl":"","feedType":"iframe","source":"opencctv_airportwebcams","directEligible":true,"updateRate":30000}},{"type":"Feature","geometry":{"type":"Point","coordinates":[9.86,48.74]},"properties":{"id":"opencctv_airportwebcams_airportwebcams-hornberg-airfield-1","name":"Hornberg Airfield","type":"airport","city":"","country":"DE","feedUrl":"https://webcam.flg-gd.de/","playerUrl":"","streamUrl":"","feedType":"iframe","source":"opencctv_airportwebcams","directEligible":true,"updateRate":30000}},{"type":"Feature","geometry":{"type":"Point","coordinates":[142.18,-36.67]},"properties":{"id":"opencctv_airportwebcams_airportwebcams-horsham-airport-3","name":"Horsham Airport (#3)","type":"airport","city":"","country":"AU","feedUrl":"https://auswebcams.com/YHSM/","playerUrl":"","streamUrl":"","feedType":"iframe","source":"opencctv_airportwebcams","directEligible":false,"updateRate":30000}},{"type":"Feature","geometry":{"type":"Point","coordinates":[-67.79,46.12]},"properties":{"id":"opencctv_airportwebcams_airportwebcams-houlton-airport-1","name":"Houlton Airport (HUL)","type":"airport","city":"","country":"US","feedUrl":"https://weathercams.faa.gov/map/-70.42196,45.07919,-65.14852,46.76041/cameraSite/595/summary","playerUrl":"","streamUrl":"","feedType":"iframe","source":"opencctv_airportwebcams","directEligible":false,"updateRate":30000}},{"type":"Feature","geometry":{"type":"Point","coordinates":[-91.51,43.59]},"properties":{"id":"opencctv_airportwebcams_airportwebcams-houston-county-airport-1","name":"Houston County Airport (CHU)","type":"airport","city":"","country":"US","feedUrl":"https://weathercams.faa.gov/map/-91.50827,43.398399999999995,9/cameraSite/718/summary","playerUrl":"","streamUrl":"","feedType":"iframe","source":"opencctv_airportwebcams","directEligible":false,"updateRate":30000}},{"type":"Feature","geometry":{"type":"Point","coordinates":[15.85,50.25]},"properties":{"id":"opencctv_airportwebcams_airportwebcams-hradec-kralove-airport-2","name":"Hradec Kralove Airport (#2)","type":"airport","city":"","country":"CZ","feedUrl":"https://office.lionheli.aero/extimg/fuelstation.jpg","playerUrl":"","streamUrl":"","feedType":"image","source":"opencctv_airportwebcams","directEligible":true,"updateRate":60000}},{"type":"Feature","geometry":{"type":"Point","coordinates":[17.7,49.55]},"properties":{"id":"opencctv_airportwebcams_airportwebcams-hranice-airport-1","name":"Hranice Airport (#1)","type":"airport","city":"","country":"CZ","feedUrl":"http://85.160.65.190:8888/video3.mjpg","playerUrl":"","streamUrl":"","feedType":"mjpeg","source":"opencctv_airportwebcams","directEligible":true,"updateRate":30000}},{"type":"Feature","geometry":{"type":"Point","coordinates":[-91.5,15.31]},"properties":{"id":"opencctv_airportwebcams_airportwebcams-huehuetenango-airport-1","name":"Huehuetenango Airport (#1)","type":"airport","city":"","country":"GT","feedUrl":"https://www.aeroclubguatemala.com/ftpcamaras/cam52.jpg","playerUrl":"","streamUrl":"","feedType":"image","source":"opencctv_airportwebcams","directEligible":true,"updateRate":60000}},{"type":"Feature","geometry":{"type":"Point","coordinates":[-91.5,15.31]},"properties":{"id":"opencctv_airportwebcams_airportwebcams-huehuetenango-airport-2","name":"Huehuetenango Airport (#2)","type":"airport","city":"","country":"GT","feedUrl":"https://www.aeroclubguatemala.com/ftpcamaras/cam51.jpg","playerUrl":"","streamUrl":"","feedType":"image","source":"opencctv_airportwebcams","directEligible":true,"updateRate":60000}},{"type":"Feature","geometry":{"type":"Point","coordinates":[-91.5,15.31]},"properties":{"id":"opencctv_airportwebcams_airportwebcams-huehuetenango-airport-3","name":"Huehuetenango Airport (#3)","type":"airport","city":"","country":"GT","feedUrl":"https://www.aeroclubguatemala.com/ftpcamaras/cam50.jpg","playerUrl":"","streamUrl":"","feedType":"image","source":"opencctv_airportwebcams","directEligible":true,"updateRate":60000}},{"type":"Feature","geometry":{"type":"Point","coordinates":[-98.23,44.39]},"properties":{"id":"opencctv_airportwebcams_airportwebcams-huron-airport-2","name":"Huron Airport (HON) (#2)","type":"airport","city":"","country":"US","feedUrl":"https://media.psg.nexstardigital.net/kelo/livecams/huron.html","playerUrl":"","streamUrl":"","feedType":"iframe","source":"opencctv_airportwebcams","directEligible":true,"updateRate":30000}},{"type":"Feature","geometry":{"type":"Point","coordinates":[-156.38,65.7]},"properties":{"id":"opencctv_airportwebcams_airportwebcams-huslia-airport-1","name":"Huslia Airport","type":"airport","city":"","country":"US","feedUrl":"https://weathercams.faa.gov/map/-158.97688,64.98919,-153.75014,65.99285/cameraSite/12/summary","playerUrl":"","streamUrl":"","feedType":"iframe","source":"opencctv_airportwebcams","directEligible":false,"updateRate":30000}},{"type":"Feature","geometry":{"type":"Point","coordinates":[-112.07,43.51]},"properties":{"id":"opencctv_airportwebcams_airportwebcams-idaho-falls-regional-airport-2","name":"Idaho Falls Regional Airport (IDA) (#2)","type":"airport","city":"","country":"US","feedUrl":"https://www.eye-n-sky.net/webcam/IdahoFalls/IdahoFalls-SW.jpg","playerUrl":"","streamUrl":"","feedType":"image","source":"opencctv_airportwebcams","directEligible":true,"updateRate":60000}},{"type":"Feature","geometry":{"type":"Point","coordinates":[-155.9,59.32]},"properties":{"id":"opencctv_airportwebcams_airportwebcams-igiugig-airport-1","name":"Igiugig Airport","type":"airport","city":"","country":"US","feedUrl":"https://weathercams.faa.gov/map/-158.51042,58.49937,-153.28368,59.74111/cameraSite/439/summary","playerUrl":"","streamUrl":"","feedType":"iframe","source":"opencctv_airportwebcams","directEligible":false,"updateRate":30000}},{"type":"Feature","geometry":{"type":"Point","coordinates":[23.77,42.42]},"properties":{"id":"opencctv_airportwebcams_airportwebcams-ihtiman-airport-1","name":"Ihtiman Airport","type":"airport","city":"","country":"BG","feedUrl":"https://airport-bg.com/index.php?action=cams&aport=lbht","playerUrl":"","streamUrl":"","feedType":"iframe","source":"opencctv_airportwebcams","directEligible":false,"updateRate":30000}},{"type":"Feature","geometry":{"type":"Point","coordinates":[-154.91,59.75]},"properties":{"id":"opencctv_airportwebcams_airportwebcams-iliamna-airport-1","name":"Iliamna Airport","type":"airport","city":"","country":"US","feedUrl":"https://weathercams.faa.gov/map/-157.52084,58.93624,-152.2941,60.1624/cameraSite/86/summary","playerUrl":"","streamUrl":"","feedType":"iframe","source":"opencctv_airportwebcams","directEligible":false,"updateRate":30000}},{"type":"Feature","geometry":{"type":"Point","coordinates":[10.13,48.23]},"properties":{"id":"opencctv_airportwebcams_airportwebcams-illertissen-airfield-2","name":"Illertissen Airfield (#2)","type":"airport","city":"","country":"DE","feedUrl":"https://www.aeroclub-weissenhorn.de/webcam.html","playerUrl":"","streamUrl":"","feedType":"iframe","source":"opencctv_airportwebcams","directEligible":true,"updateRate":30000}},{"type":"Feature","geometry":{"type":"Point","coordinates":[-89.15,41.35]},"properties":{"id":"opencctv_airportwebcams_airportwebcams-illinois-valley-regional-airport-1","name":"Illinois Valley Regional Airport (VYS)","type":"airport","city":"","country":"US","feedUrl":"https://weathercams.faa.gov/map/-91.78632,40.23674,-86.51288,42.05661/cameraSite/943/summary","playerUrl":"","streamUrl":"","feedType":"iframe","source":"opencctv_airportwebcams","directEligible":false,"updateRate":30000}},{"type":"Feature","geometry":{"type":"Point","coordinates":[-93.46,46.16]},"properties":{"id":"opencctv_airportwebcams_airportwebcams-isle-airfield-1","name":"Isle Airfield","type":"airport","city":"","country":"US","feedUrl":"https://www.airportview.net/brief-camera.php?lid=MY72","playerUrl":"","streamUrl":"","feedType":"iframe","source":"opencctv_airportwebcams","directEligible":true,"updateRate":30000}},{"type":"Feature","geometry":{"type":"Point","coordinates":[-1.18,50.65]},"properties":{"id":"opencctv_airportwebcams_airportwebcams-isle-of-wight-sandown-airport-1","name":"Isle Of Wight Sandown Airport (#1)","type":"airport","city":"","country":"GB","feedUrl":"https://www.eghn.org.uk/pilots","playerUrl":"","streamUrl":"","feedType":"iframe","source":"opencctv_airportwebcams","directEligible":true,"updateRate":30000}},{"type":"Feature","geometry":{"type":"Point","coordinates":[-76.46,42.49]},"properties":{"id":"opencctv_airportwebcams_airportwebcams-ithaca-tompkins-airport-2","name":"Ithaca Tompkins Airport (ITH) (#2)","type":"airport","city":"","country":"US","feedUrl":"https://ehfc.net/#webcam","playerUrl":"","streamUrl":"","feedType":"iframe","source":"opencctv_airportwebcams","directEligible":true,"updateRate":30000}},{"type":"Feature","geometry":{"type":"Point","coordinates":[9.66,51.95]},"properties":{"id":"opencctv_airportwebcams_airportwebcams-ithwiesen-airport-1","name":"Ithwiesen Airport","type":"airport","city":"","country":"DE","feedUrl":"https://www.ithwiesen.de/files/webcam/Kamerabild.jpg","playerUrl":"","streamUrl":"","feedType":"image","source":"opencctv_airportwebcams","directEligible":true,"updateRate":60000}},{"type":"Feature","geometry":{"type":"Point","coordinates":[9.58,53.99]},"properties":{"id":"opencctv_airportwebcams_airportwebcams-itzehoe-hungriger-airport-3","name":"Itzehoe Hungriger Airport (#3)","type":"airport","city":"","country":"DE","feedUrl":"https://fliegen-itzehoe.de/webcam/WebCamILV.jpg","playerUrl":"","streamUrl":"","feedType":"image","source":"opencctv_airportwebcams","directEligible":true,"updateRate":60000}},{"type":"Feature","geometry":{"type":"Point","coordinates":[132.89,35.41]},"properties":{"id":"opencctv_airportwebcams_airportwebcams-izumo-airport-1","name":"Izumo Airport (#1)","type":"airport","city":"","country":"JP","feedUrl":"https://weather.jal.co.jp/livecam/spot.html?camid=410000169","playerUrl":"","streamUrl":"","feedType":"iframe","source":"opencctv_airportwebcams","directEligible":true,"updateRate":30000}},{"type":"Feature","geometry":{"type":"Point","coordinates":[132.89,35.41]},"properties":{"id":"opencctv_airportwebcams_airportwebcams-izumo-airport-2","name":"Izumo Airport (#2)","type":"airport","city":"","country":"JP","feedUrl":"https://www.izumo-airport.co.jp/enjoy/webcam.html","playerUrl":"","streamUrl":"","feedType":"iframe","source":"opencctv_airportwebcams","directEligible":true,"updateRate":30000}},{"type":"Feature","geometry":{"type":"Point","coordinates":[-110.74,43.6]},"properties":{"id":"opencctv_airportwebcams_airportwebcams-jackson-hole-airport-1","name":"Jackson Hole Airport (JAC)","type":"airport","city":"","country":"US","feedUrl":"https://weathercams.faa.gov/map/-110.74239,43.40786,9/cameraSite/844/details/camera/13087","playerUrl":"","streamUrl":"","feedType":"iframe","source":"opencctv_airportwebcams","directEligible":false,"updateRate":30000}},{"type":"Feature","geometry":{"type":"Point","coordinates":[-81.69,30.49]},"properties":{"id":"opencctv_airportwebcams_airportwebcams-jacksonville-airport-1","name":"Jacksonville Airport (JAX)","type":"airport","city":"","country":"US","feedUrl":"https://api.wetmet.net/client-content/PlayerFrame.php?CAMERA=142-06-01&#038;CFVER=WM","playerUrl":"","streamUrl":"","feedType":"iframe","source":"opencctv_airportwebcams","directEligible":true,"updateRate":30000}},{"type":"Feature","geometry":{"type":"Point","coordinates":[18.8,48.64]},"properties":{"id":"opencctv_airportwebcams_airportwebcams-janova-lehota-airport-1","name":"Janova Lehota Airport","type":"airport","city":"","country":"SK","feedUrl":"https://www.lzzh.sk/cams/cam_runway.jpg","playerUrl":"","streamUrl":"","feedType":"image","source":"opencctv_airportwebcams","directEligible":true,"updateRate":60000}},{"type":"Feature","geometry":{"type":"Point","coordinates":[15.95,50.33]},"properties":{"id":"opencctv_airportwebcams_airportwebcams-jaromer-airfield-1","name":"Jaromer Airfield (#1)","type":"airport","city":"","country":"CZ","feedUrl":"https://www.lkja.cz/kamera/ce.jpg","playerUrl":"","streamUrl":"","feedType":"image","source":"opencctv_airportwebcams","directEligible":true,"updateRate":60000}},{"type":"Feature","geometry":{"type":"Point","coordinates":[11.72,50.92]},"properties":{"id":"opencctv_airportwebcams_airportwebcams-jena-schongleina-airport-1","name":"Jena Schongleina Airport","type":"airport","city":"","country":"DE","feedUrl":"https://edbj.de/webcam/current.jpg","playerUrl":"","streamUrl":"","feedType":"image","source":"opencctv_airportwebcams","directEligible":true,"updateRate":60000}},{"type":"Feature","geometry":{"type":"Point","coordinates":[11.72,50.92]},"properties":{"id":"opencctv_airportwebcams_airportwebcams-jena-schongleina-airport-2","name":"Jena Schongleina Airport (#2)","type":"airport","city":"","country":"DE","feedUrl":"https://edbj.de/#webcam","playerUrl":"","streamUrl":"","feedType":"iframe","source":"opencctv_airportwebcams","directEligible":true,"updateRate":30000}},{"type":"Feature","geometry":{"type":"Point","coordinates":[11.12,48.17]},"properties":{"id":"opencctv_airportwebcams_airportwebcams-jesenwang-airport-1","name":"Jesenwang Airport","type":"airport","city":"","country":"DE","feedUrl":"https://pl-jesenwang.de/?page_id=104","playerUrl":"","streamUrl":"","feedType":"iframe","source":"opencctv_airportwebcams","directEligible":false,"updateRate":30000}},{"type":"Feature","geometry":{"type":"Point","coordinates":[15.33,50.43]},"properties":{"id":"opencctv_airportwebcams_airportwebcams-jicin-airport-1","name":"Jicin Airport","type":"airport","city":"","country":"CZ","feedUrl":"https://www.letistejicin.info/kamera/","playerUrl":"","streamUrl":"","feedType":"iframe","source":"opencctv_airportwebcams","directEligible":true,"updateRate":30000}},{"type":"Feature","geometry":{"type":"Point","coordinates":[15.64,49.42]},"properties":{"id":"opencctv_airportwebcams_airportwebcams-jihlava-airfield-1","name":"Jihlava Airfield","type":"airport","city":"","country":"CZ","feedUrl":"https://www.akji.cz/webkamera/","playerUrl":"","streamUrl":"","feedType":"iframe","source":"opencctv_airportwebcams","directEligible":true,"updateRate":30000}},{"type":"Feature","geometry":{"type":"Point","coordinates":[-115.49,44.91]},"properties":{"id":"opencctv_airportwebcams_airportwebcams-johnsons-creek-airport-1","name":"Johnsons Creek Airport","type":"airport","city":"","country":"US","feedUrl":"https://www.eye-n-sky.net/webcam/JohnsonCr/JohnsonCr-North.jpg","playerUrl":"","streamUrl":"","feedType":"image","source":"opencctv_airportwebcams","directEligible":true,"updateRate":60000}},{"type":"Feature","geometry":{"type":"Point","coordinates":[-146.59,60.48]},"properties":{"id":"opencctv_airportwebcams_airportwebcams-johnstone-point-airfield-1","name":"Johnstone Point Airfield","type":"airport","city":"","country":"US","feedUrl":"https://weathercams.faa.gov/map/-149.18992,59.67692,-143.96318,60.8765/cameraSite/16/summary","playerUrl":"","streamUrl":"","feedType":"iframe","source":"opencctv_airportwebcams","directEligible":false,"updateRate":30000}},{"type":"Feature","geometry":{"type":"Point","coordinates":[3.4,47.99]},"properties":{"id":"opencctv_airportwebcams_airportwebcams-joigny-airfield-1","name":"Joigny Airfield","type":"airport","city":"","country":"FR","feedUrl":"https://www.lesailesjoviniennes.fr/index.php?part=40","playerUrl":"","streamUrl":"","feedType":"iframe","source":"opencctv_airportwebcams","directEligible":true,"updateRate":30000}},{"type":"Feature","geometry":{"type":"Point","coordinates":[5.57,49.48]},"properties":{"id":"opencctv_airportwebcams_airportwebcams-longuyon-villette-airport-1","name":"Longuyon Villette Airport","type":"airport","city":"","country":"FR","feedUrl":"https://www.acfl54.com/webcam.php","playerUrl":"","streamUrl":"","feedType":"iframe","source":"opencctv_airportwebcams","directEligible":true,"updateRate":30000}},{"type":"Feature","geometry":{"type":"Point","coordinates":[0.1,47.03]},"properties":{"id":"opencctv_airportwebcams_airportwebcams-loudun-airfield-1","name":"Loudun Airfield","type":"airport","city":"","country":"FR","feedUrl":"https://cam-aero.eu/raspicamaero/LFDL_AeroclubDeLoudun/img","playerUrl":"","streamUrl":"","feedType":"iframe","source":"opencctv_airportwebcams","directEligible":false,"updateRate":30000}},{"type":"Feature","geometry":{"type":"Point","coordinates":[16.2,51.42]},"properties":{"id":"opencctv_airportwebcams_airportwebcams-lubin-airport-2","name":"Lubin Airport (#2)","type":"airport","city":"","country":"PL","feedUrl":"https://aero.webcam/cam/eplu1.jpg","playerUrl":"","streamUrl":"","feedType":"image","source":"opencctv_airportwebcams","directEligible":true,"updateRate":60000}},{"type":"Feature","geometry":{"type":"Point","coordinates":[15.09,60.09]},"properties":{"id":"opencctv_airportwebcams_airportwebcams-ludvika-airport-2","name":"Ludvika Airport (#2)","type":"airport","city":"","country":"SE","feedUrl":"https://ludvikasegel.com/now.jpg","playerUrl":"","streamUrl":"","feedType":"image","source":"opencctv_airportwebcams","directEligible":true,"updateRate":60000}},{"type":"Feature","geometry":{"type":"Point","coordinates":[15.09,60.09]},"properties":{"id":"opencctv_airportwebcams_airportwebcams-ludvika-airport-3","name":"Ludvika Airport (#3)","type":"airport","city":"","country":"SE","feedUrl":"https://ludvikasegel.com/flygplatsen/Struten_now.jpg","playerUrl":"","streamUrl":"","feedType":"image","source":"opencctv_airportwebcams","directEligible":true,"updateRate":60000}},{"type":"Feature","geometry":{"type":"Point","coordinates":[15.09,60.09]},"properties":{"id":"opencctv_airportwebcams_airportwebcams-ludvika-airport-4","name":"Ludvika Airport (#4)","type":"airport","city":"","country":"SE","feedUrl":"https://ludvikasegel.com/flygplatsen/Taxibanan_now.jpg","playerUrl":"","streamUrl":"","feedType":"image","source":"opencctv_airportwebcams","directEligible":true,"updateRate":60000}},{"type":"Feature","geometry":{"type":"Point","coordinates":[5.62,52.02]},"properties":{"id":"opencctv_airportwebcams_airportwebcams-lukkien-heliport-1","name":"Lukkien Heliport (#1)","type":"airport","city":"","country":"NL","feedUrl":"https://www.helihaven.com/#webcams","playerUrl":"","streamUrl":"","feedType":"iframe","source":"opencctv_airportwebcams","directEligible":true,"updateRate":30000}},{"type":"Feature","geometry":{"type":"Point","coordinates":[5.62,52.02]},"properties":{"id":"opencctv_airportwebcams_airportwebcams-lukkien-heliport-3","name":"Lukkien Heliport (#3)","type":"airport","city":"","country":"NL","feedUrl":"http://213.154.234.197/cgi-bin/faststream.jpg?stream=half&fps=15","playerUrl":"","streamUrl":"","feedType":"image","source":"opencctv_airportwebcams","directEligible":true,"updateRate":60000}},{"type":"Feature","geometry":{"type":"Point","coordinates":[10.46,53.25]},"properties":{"id":"opencctv_airportwebcams_airportwebcams-luneburg-airport-1","name":"Luneburg Airport","type":"airport","city":"","country":"DE","feedUrl":"https://edhg.de/webcam/","playerUrl":"","streamUrl":"","feedType":"iframe","source":"opencctv_airportwebcams","directEligible":true,"updateRate":30000}},{"type":"Feature","geometry":{"type":"Point","coordinates":[12.67,52.14]},"properties":{"id":"opencctv_airportwebcams_airportwebcams-lusse-airfield-1","name":"Lusse Airfield (#1)","type":"airport","city":"","country":"DE","feedUrl":"https://fccberlin.de/wp-content/webcam/innenhof_r_m.jpg","playerUrl":"","streamUrl":"","feedType":"image","source":"opencctv_airportwebcams","directEligible":true,"updateRate":60000}},{"type":"Feature","geometry":{"type":"Point","coordinates":[8.21,47.19]},"properties":{"id":"opencctv_airportwebcams_airportwebcams-luzern-beromunster-airfield-2","name":"Luzern Beromunster Airfield (#2)","type":"airport","city":"","country":"CH","feedUrl":"https://paraclub.myhostpoint.ch/webcam/image.jpg","playerUrl":"","streamUrl":"","feedType":"image","source":"opencctv_airportwebcams","directEligible":true,"updateRate":60000}},{"type":"Feature","geometry":{"type":"Point","coordinates":[8.21,47.19]},"properties":{"id":"opencctv_airportwebcams_airportwebcams-luzern-beromunster-airfield-4","name":"Luzern Beromunster Airfield (#4)","type":"airport","city":"","country":"CH","feedUrl":"https://www.sgpilatus.ch/flugplatz/","playerUrl":"","streamUrl":"","feedType":"iframe","source":"opencctv_airportwebcams","directEligible":true,"updateRate":30000}},{"type":"Feature","geometry":{"type":"Point","coordinates":[4.7,45.71]},"properties":{"id":"opencctv_airportwebcams_airportwebcams-lyon-brindas-airport-1","name":"Lyon Brindas Airport (#1)","type":"airport","city":"","country":"FR","feedUrl":"https://docs.acol-brindas.com/pages/visu_camera.php?camera=1&vue=image&dc=11589886029717","playerUrl":"","streamUrl":"","feedType":"iframe","source":"opencctv_airportwebcams","directEligible":false,"updateRate":30000}},{"type":"Feature","geometry":{"type":"Point","coordinates":[4.7,45.71]},"properties":{"id":"opencctv_airportwebcams_airportwebcams-lyon-brindas-airport-2","name":"Lyon Brindas Airport (#2)","type":"airport","city":"","country":"FR","feedUrl":"https://www.acol-brindas.com/index.php?pagetl=meteo","playerUrl":"","streamUrl":"","feedType":"iframe","source":"opencctv_airportwebcams","directEligible":true,"updateRate":30000}},{"type":"Feature","geometry":{"type":"Point","coordinates":[4.91,45.65]},"properties":{"id":"opencctv_airportwebcams_airportwebcams-lyon-corbas-airport-2","name":"Lyon Corbas Airport (#2)","type":"airport","city":"","country":"FR","feedUrl":"https://alccorbas.fr/webcam/acvcam.html#","playerUrl":"","streamUrl":"","feedType":"iframe","source":"opencctv_airportwebcams","directEligible":false,"updateRate":30000}},{"type":"Feature","geometry":{"type":"Point","coordinates":[4.09,51.96]},"properties":{"id":"opencctv_airportwebcams_airportwebcams-maasvlakte-heliport-1","name":"Maasvlakte Heliport","type":"airport","city":"","country":"NL","feedUrl":"https://webcamrm.loodswezen.nl/cgi-bin/guestimage.html","playerUrl":"","streamUrl":"","feedType":"iframe","source":"opencctv_airportwebcams","directEligible":true,"updateRate":30000}},{"type":"Feature","geometry":{"type":"Point","coordinates":[-67.48,44.7]},"properties":{"id":"opencctv_airportwebcams_airportwebcams-machias-valley-airport-1","name":"Machias Valley Airport (MVM)","type":"airport","city":"","country":"US","feedUrl":"https://weathercams.faa.gov/map/-67.47568,44.500539999999994,9/cameraSite/608/summary","playerUrl":"","streamUrl":"","feedType":"iframe","source":"opencctv_airportwebcams","directEligible":false,"updateRate":30000}},{"type":"Feature","geometry":{"type":"Point","coordinates":[-99.53,47.98]},"properties":{"id":"opencctv_airportwebcams_airportwebcams-maddock-municipal-airport-1","name":"Maddock Municipal Airport","type":"airport","city":"","country":"US","feedUrl":"https://weathercams.faa.gov/map/-102.16978,46.96185,-96.89634,48.58602/cameraSite/1021/summary","playerUrl":"","streamUrl":"","feedType":"iframe","source":"opencctv_airportwebcams","directEligible":false,"updateRate":30000}},{"type":"Feature","geometry":{"type":"Point","coordinates":[-3.57,40.49]},"properties":{"id":"opencctv_airportwebcams_airportwebcams-madrid-barajas-airport-1","name":"Madrid Barajas Airport (#1)","type":"airport","city":"","country":"ES","feedUrl":"https://www.observatorioremoto.com/emadato/IPcam3.jpg","playerUrl":"","streamUrl":"","feedType":"image","source":"opencctv_airportwebcams","directEligible":true,"updateRate":60000}},{"type":"Feature","geometry":{"type":"Point","coordinates":[-3.57,40.49]},"properties":{"id":"opencctv_airportwebcams_airportwebcams-madrid-barajas-airport-2","name":"Madrid Barajas Airport (#2)","type":"airport","city":"","country":"ES","feedUrl":"https://www.observatorioremoto.com/emadato/meteo.htm","playerUrl":"","streamUrl":"","feedType":"iframe","source":"opencctv_airportwebcams","directEligible":true,"updateRate":30000}},{"type":"Feature","geometry":{"type":"Point","coordinates":[11.63,52.07]},"properties":{"id":"opencctv_airportwebcams_airportwebcams-magdeburg-city-airport-1","name":"Magdeburg City Airport","type":"airport","city":"","country":"DE","feedUrl":"https://edbm.de/45-0-Webcam.html","playerUrl":"","streamUrl":"","feedType":"iframe","source":"opencctv_airportwebcams","directEligible":true,"updateRate":30000}},{"type":"Feature","geometry":{"type":"Point","coordinates":[-114.49,42.48]},"properties":{"id":"opencctv_airportwebcams_airportwebcams-magic-valley-regional-airport-1","name":"Magic Valley Regional Airport (TWF) (#1)","type":"airport","city":"","country":"US","feedUrl":"https://www.eye-n-sky.net/webcam/TwinFalls/TwinFalls-SE.jpg","playerUrl":"","streamUrl":"","feedType":"image","source":"opencctv_airportwebcams","directEligible":true,"updateRate":60000}},{"type":"Feature","geometry":{"type":"Point","coordinates":[-114.49,42.48]},"properties":{"id":"opencctv_airportwebcams_airportwebcams-magic-valley-regional-airport-2","name":"Magic Valley Regional Airport (TWF) (#2)","type":"airport","city":"","country":"US","feedUrl":"https://www.eye-n-sky.net/webcam/TwinFalls/TwinFalls-SW.jpg","playerUrl":"","streamUrl":"","feedType":"image","source":"opencctv_airportwebcams","directEligible":true,"updateRate":60000}},{"type":"Feature","geometry":{"type":"Point","coordinates":[8.15,49.97]},"properties":{"id":"opencctv_airportwebcams_airportwebcams-mainz-finthen-airport-1","name":"Mainz Finthen Airport","type":"airport","city":"","country":"DE","feedUrl":"https://www.lfv-mainz.com/cam/cam.html","playerUrl":"","streamUrl":"","feedType":"iframe","source":"opencctv_airportwebcams","directEligible":true,"updateRate":30000}},{"type":"Feature","geometry":{"type":"Point","coordinates":[-107.92,48.37]},"properties":{"id":"opencctv_airportwebcams_airportwebcams-malta-mont-airport-1","name":"Malta (Mont.) Airport","type":"airport","city":"","country":"US","feedUrl":"https://weathercams.faa.gov/map/-110.54934,47.35611,-105.2759,48.96812/cameraSite/683/summary","playerUrl":"","streamUrl":"","feedType":"iframe","source":"opencctv_airportwebcams","directEligible":false,"updateRate":30000}},{"type":"Feature","geometry":{"type":"Point","coordinates":[-118.84,37.62]},"properties":{"id":"opencctv_airportwebcams_airportwebcams-mammoth-yosemite-airport-1","name":"Mammoth Yosemite Airport (MMH) (#1)","type":"airport","city":"","country":"US","feedUrl":"https://webcam.townofmammothlakes.ca.gov/MMHSouth/photo.jpg","playerUrl":"","streamUrl":"","feedType":"image","source":"opencctv_airportwebcams","directEligible":true,"updateRate":60000}},{"type":"Feature","geometry":{"type":"Point","coordinates":[-118.84,37.62]},"properties":{"id":"opencctv_airportwebcams_airportwebcams-mammoth-yosemite-airport-2","name":"Mammoth Yosemite Airport (MMH) (#2)","type":"airport","city":"","country":"US","feedUrl":"https://webcam.townofmammothlakes.ca.gov/MMHWest/photo.jpg","playerUrl":"","streamUrl":"","feedType":"image","source":"opencctv_airportwebcams","directEligible":true,"updateRate":60000}},{"type":"Feature","geometry":{"type":"Point","coordinates":[-118.84,37.62]},"properties":{"id":"opencctv_airportwebcams_airportwebcams-mammoth-yosemite-airport-3","name":"Mammoth Yosemite Airport (MMH) (#3)","type":"airport","city":"","country":"US","feedUrl":"https://webcam.townofmammothlakes.ca.gov/MMHEast/photo.jpg","playerUrl":"","streamUrl":"","feedType":"image","source":"opencctv_airportwebcams","directEligible":true,"updateRate":60000}},{"type":"Feature","geometry":{"type":"Point","coordinates":[-159.05,58.99]},"properties":{"id":"opencctv_airportwebcams_airportwebcams-manokotak-airport-1","name":"Manokotak Airport","type":"airport","city":"","country":"US","feedUrl":"https://weathercams.faa.gov/map/-161.53962,58.09998,-156.26618,59.35591/cameraSite/19/summary","playerUrl":"","streamUrl":"","feedType":"iframe","source":"opencctv_airportwebcams","directEligible":false,"updateRate":30000}},{"type":"Feature","geometry":{"type":"Point","coordinates":[37.46,0.09]},"properties":{"id":"opencctv_airportwebcams_airportwebcams-marania-farm-airport-1","name":"Marania Farm Airport (#1)","type":"airport","city":"","country":"KE","feedUrl":"https://webcams.aeroclubea.com/MtKenya/mtkenya_MaraniaNE.html","playerUrl":"","streamUrl":"","feedType":"iframe","source":"opencctv_airportwebcams","directEligible":true,"updateRate":30000}},{"type":"Feature","geometry":{"type":"Point","coordinates":[37.46,0.09]},"properties":{"id":"opencctv_airportwebcams_airportwebcams-marania-farm-airport-2","name":"Marania Farm Airport (#2)","type":"airport","city":"","country":"KE","feedUrl":"https://kenyawebcam.com/webcams/MtKenya/mtkenya_MaraniaNE.html","playerUrl":"","streamUrl":"","feedType":"iframe","source":"opencctv_airportwebcams","directEligible":true,"updateRate":30000}},{"type":"Feature","geometry":{"type":"Point","coordinates":[8.81,50.87]},"properties":{"id":"opencctv_airportwebcams_airportwebcams-marburg-schonstadt-airport-1","name":"Marburg Schonstadt Airport","type":"airport","city":"","country":"DE","feedUrl":"https://flugplatz-marburg.de/derflugplatz/webcam","playerUrl":"","streamUrl":"","feedType":"iframe","source":"opencctv_airportwebcams","directEligible":true,"updateRate":30000}},{"type":"Feature","geometry":{"type":"Point","coordinates":[-85.18,30.83]},"properties":{"id":"opencctv_airportwebcams_airportwebcams-marianna-municipal-airport-1","name":"Marianna Municipal Airport (MAI) (#1)","type":"airport","city":"","country":"US","feedUrl":"https://livestream.weatherstem.com/feedc4cd3843fb661d6263daf8e2ec8c.mjpg?token=5100be11052cdb16190636889147b7e0","playerUrl":"","streamUrl":"","feedType":"mjpeg","source":"opencctv_airportwebcams","directEligible":false,"updateRate":30000}},{"type":"Feature","geometry":{"type":"Point","coordinates":[-85.18,30.83]},"properties":{"id":"opencctv_airportwebcams_airportwebcams-marianna-municipal-airport-2","name":"Marianna Municipal Airport (MAI) (#2)","type":"airport","city":"","country":"US","feedUrl":"https://jackson.weatherstem.com/skycamera/jackson/fswnmariannaairport/cumulus/snapshot.jpg","playerUrl":"","streamUrl":"","feedType":"image","source":"opencctv_airportwebcams","directEligible":true,"updateRate":60000}},{"type":"Feature","geometry":{"type":"Point","coordinates":[15.69,46.48]},"properties":{"id":"opencctv_airportwebcams_airportwebcams-maribor-airport-1","name":"Maribor Airport (#1)","type":"airport","city":"","country":"SI","feedUrl":"https://meteo.arso.gov.si/uploads/probase/www/observ/webcam/MARIBOR_SLIVNICA_dir/siwc_MARIBOR_SLIVNICA_e.jpg?1418216243345","playerUrl":"","streamUrl":"","feedType":"image","source":"opencctv_airportwebcams","directEligible":true,"updateRate":60000}},{"type":"Feature","geometry":{"type":"Point","coordinates":[15.69,46.48]},"properties":{"id":"opencctv_airportwebcams_airportwebcams-maribor-airport-2","name":"Maribor Airport (#2)","type":"airport","city":"","country":"SI","feedUrl":"https://meteo.arso.gov.si/uploads/probase/www/observ/webcam/MARIBOR_SLIVNICA_dir/siwc_MARIBOR_SLIVNICA_s.jpg?1418216199583","playerUrl":"","streamUrl":"","feedType":"image","source":"opencctv_airportwebcams","directEligible":true,"updateRate":60000}},{"type":"Feature","geometry":{"type":"Point","coordinates":[15.69,46.48]},"properties":{"id":"opencctv_airportwebcams_airportwebcams-maribor-airport-3","name":"Maribor Airport (#3)","type":"airport","city":"","country":"SI","feedUrl":"https://meteo.arso.gov.si/uploads/probase/www/observ/webcam/MARIBOR_SLIVNICA_dir/siwc_MARIBOR_SLIVNICA_ne.jpg?1418304509841","playerUrl":"","streamUrl":"","feedType":"image","source":"opencctv_airportwebcams","directEligible":true,"updateRate":60000}},{"type":"Feature","geometry":{"type":"Point","coordinates":[15.69,46.48]},"properties":{"id":"opencctv_airportwebcams_airportwebcams-maribor-airport-4","name":"Maribor Airport (#4)","type":"airport","city":"","country":"SI","feedUrl":"https://meteo.arso.gov.si/uploads/probase/www/observ/webcam/MARIBOR_SLIVNICA_dir/siwc_MARIBOR_SLIVNICA_se.jpg?1418216223235","playerUrl":"","streamUrl":"","feedType":"image","source":"opencctv_airportwebcams","directEligible":true,"updateRate":60000}},{"type":"Feature","geometry":{"type":"Point","coordinates":[31.47,-18.19]},"properties":{"id":"opencctv_airportwebcams_airportwebcams-marondera-airport-1","name":"Marondera Airport","type":"airport","city":"","country":"ZW","feedUrl":"https://zaopa.org/met/fvma/indexDesktop.php","playerUrl":"","streamUrl":"","feedType":"iframe","source":"opencctv_airportwebcams","directEligible":true,"updateRate":30000}},{"type":"Feature","geometry":{"type":"Point","coordinates":[-162.03,61.86]},"properties":{"id":"opencctv_airportwebcams_airportwebcams-marshall-airport-1","name":"Marshall Airport","type":"airport","city":"","country":"US","feedUrl":"https://weathercams.faa.gov/map/-164.64668,61.0875,-159.41994,62.23594/cameraSite/421/summary","playerUrl":"","streamUrl":"","feedType":"iframe","source":"opencctv_airportwebcams","directEligible":false,"updateRate":30000}},{"type":"Feature","geometry":{"type":"Point","coordinates":[14.37,46.98]},"properties":{"id":"opencctv_airportwebcams_airportwebcams-mayerhofen-bei-friesach-airport-1","name":"Mayerhofen Bei Friesach Airport","type":"airport","city":"","country":"AT","feedUrl":"https://mayerhofen.it-wms.com/","playerUrl":"","streamUrl":"","feedType":"iframe","source":"opencctv_airportwebcams","directEligible":true,"updateRate":30000}},{"type":"Feature","geometry":{"type":"Point","coordinates":[-97.33,47.47]},"properties":{"id":"opencctv_airportwebcams_airportwebcams-mayville-airport-1","name":"Mayville Airport","type":"airport","city":"","country":"US","feedUrl":"https://weathercams.faa.gov/map/-99.9636,46.45053,-94.69016,48.09037/cameraSite/989/summary","playerUrl":"","streamUrl":"","feedType":"iframe","source":"opencctv_airportwebcams","directEligible":false,"updateRate":30000}},{"type":"Feature","geometry":{"type":"Point","coordinates":[151.52,-27.35]},"properties":{"id":"opencctv_airportwebcams_airportwebcams-mccaffrey-airfield-1","name":"McCaffrey Airfield","type":"airport","city":"","country":"AU","feedUrl":"https://weather.ddsc.org.au/camera/","playerUrl":"","streamUrl":"","feedType":"iframe","source":"opencctv_airportwebcams","directEligible":true,"updateRate":30000}},{"type":"Feature","geometry":{"type":"Point","coordinates":[-106.37,40.05]},"properties":{"id":"opencctv_airportwebcams_airportwebcams-mcelroy-airport-1","name":"McElroy Airport","type":"airport","city":"","country":"US","feedUrl":"https://weathercams.faa.gov/map/-109.01109,38.92126,-103.73765,40.77876/cameraSite/69/details/camera/11911","playerUrl":"","streamUrl":"","feedType":"iframe","source":"opencctv_airportwebcams","directEligible":false,"updateRate":30000}},{"type":"Feature","geometry":{"type":"Point","coordinates":[-155.61,62.95]},"properties":{"id":"opencctv_airportwebcams_airportwebcams-mcgrath-airport-1","name":"McGrath Airport (#1)","type":"airport","city":"","country":"US","feedUrl":"https://www.borealisbroadband.net/cams/mcgrathairportcam/","playerUrl":"","streamUrl":"","feedType":"iframe","source":"opencctv_airportwebcams","directEligible":true,"updateRate":30000}},{"type":"Feature","geometry":{"type":"Point","coordinates":[-155.61,62.95]},"properties":{"id":"opencctv_airportwebcams_airportwebcams-mcgrath-airport-2","name":"McGrath Airport (#2)","type":"airport","city":"","country":"US","feedUrl":"https://weathercams.faa.gov/map/-158.21387,62.19723,-152.98713,63.30497/cameraSite/78/summary","playerUrl":"","streamUrl":"","feedType":"iframe","source":"opencctv_airportwebcams","directEligible":false,"updateRate":30000}},{"type":"Feature","geometry":{"type":"Point","coordinates":[-148.91,63.73]},"properties":{"id":"opencctv_airportwebcams_airportwebcams-mckinley-park-airport-1","name":"McKinley Park Airport","type":"airport","city":"","country":"US","feedUrl":"https://weathercams.faa.gov/map/-151.52595,62.98767,-146.29921,64.06619/cameraSite/35/summary","playerUrl":"","streamUrl":"","feedType":"iframe","source":"opencctv_airportwebcams","directEligible":false,"updateRate":30000}},{"type":"Feature","geometry":{"type":"Point","coordinates":[-104.57,38.95]},"properties":{"id":"opencctv_airportwebcams_airportwebcams-meadow-lake-airport-1","name":"Meadow Lake Airport (FLY)","type":"airport","city":"","country":"US","feedUrl":"https://www.airportview.net/brief-camera.php?lid=FLY","playerUrl":"","streamUrl":"","feedType":"iframe","source":"opencctv_airportwebcams","directEligible":true,"updateRate":30000}},{"type":"Feature","geometry":{"type":"Point","coordinates":[-107.89,40.05]},"properties":{"id":"opencctv_airportwebcams_airportwebcams-meeker-coulter-field-airport-1","name":"Meeker Coulter Field Airport (EEO)","type":"airport","city":"","country":"US","feedUrl":"https://weathercams.faa.gov/map/-107.88861,39.844106,9/cameraSite/574/summary","playerUrl":"","streamUrl":"","feedType":"iframe","source":"opencctv_airportwebcams","directEligible":false,"updateRate":30000}},{"type":"Feature","geometry":{"type":"Point","coordinates":[6.65,45.82]},"properties":{"id":"opencctv_airportwebcams_airportwebcams-megeve-altiport-1","name":"Megeve Altiport (#1)","type":"airport","city":"","country":"FR","feedUrl":"https://m.webcam-hd.com/megeve/altiport","playerUrl":"","streamUrl":"","feedType":"iframe","source":"opencctv_airportwebcams","directEligible":true,"updateRate":30000}},{"type":"Feature","geometry":{"type":"Point","coordinates":[6.65,45.82]},"properties":{"id":"opencctv_airportwebcams_airportwebcams-megeve-altiport-2","name":"Megeve Altiport (#2)","type":"airport","city":"","country":"FR","feedUrl":"https://www.trinum.com/ibox/ftpcam/mega_megeve_altiport.jpg","playerUrl":"","streamUrl":"","feedType":"image","source":"opencctv_airportwebcams","directEligible":true,"updateRate":60000}},{"type":"Feature","geometry":{"type":"Point","coordinates":[-81.95,29.66]},"properties":{"id":"opencctv_airportwebcams_airportwebcams-melrose-landing-airport-1","name":"Melrose Landing Airport (#1)","type":"airport","city":"","country":"US","feedUrl":"http://www.melroselanding.org/Site/images/ispy.jpg","playerUrl":"","streamUrl":"","feedType":"image","source":"opencctv_airportwebcams","directEligible":true,"updateRate":60000}},{"type":"Feature","geometry":{"type":"Point","coordinates":[-81.95,29.66]},"properties":{"id":"opencctv_airportwebcams_airportwebcams-melrose-landing-airport-2","name":"Melrose Landing Airport (#2)","type":"airport","city":"","country":"US","feedUrl":"http://www.melroselanding.org/Site/images/tower.jpg","playerUrl":"","streamUrl":"","feedType":"image","source":"opencctv_airportwebcams","directEligible":true,"updateRate":60000}},{"type":"Feature","geometry":{"type":"Point","coordinates":[144.16,43.88]},"properties":{"id":"opencctv_airportwebcams_airportwebcams-memanbetsu-airport-1","name":"Memanbetsu Airport (#1)","type":"airport","city":"","country":"JP","feedUrl":"http://mmb.aa1.netvolante.jp:1025/jpg/1/image.jpg","playerUrl":"","streamUrl":"","feedType":"image","source":"opencctv_airportwebcams","directEligible":true,"updateRate":60000}},{"type":"Feature","geometry":{"type":"Point","coordinates":[144.16,43.88]},"properties":{"id":"opencctv_airportwebcams_airportwebcams-memanbetsu-airport-2","name":"Memanbetsu Airport (#2)","type":"airport","city":"","country":"JP","feedUrl":"http://mmb.aa1.netvolante.jp:1025/jpg/1/image.jpg","playerUrl":"","streamUrl":"","feedType":"image","source":"opencctv_airportwebcams","directEligible":true,"updateRate":60000}},{"type":"Feature","geometry":{"type":"Point","coordinates":[3.54,44.5]},"properties":{"id":"opencctv_airportwebcams_airportwebcams-mende-brenoux-airport-2","name":"Mende Brenoux Airport (#2)","type":"airport","city":"","country":"FR","feedUrl":"https://cam-aero.eu/raspicamaero/LFNB_AeroClubDeLaLozere2/img","playerUrl":"","streamUrl":"","feedType":"iframe","source":"opencctv_airportwebcams","directEligible":false,"updateRate":30000}},{"type":"Feature","geometry":{"type":"Point","coordinates":[9.37,48.05]},"properties":{"id":"opencctv_airportwebcams_airportwebcams-mengen-hohentengen-airfield-1","name":"Mengen (#1)","type":"airport","city":"","country":"DE","feedUrl":"https://www.regio-airport-mengen.de/uploads/webcam1/webcam1b.jpg","playerUrl":"","streamUrl":"","feedType":"image","source":"opencctv_airportwebcams","directEligible":true,"updateRate":60000}},{"type":"Feature","geometry":{"type":"Point","coordinates":[9.37,48.05]},"properties":{"id":"opencctv_airportwebcams_airportwebcams-mengen-hohentengen-airfield-2","name":"Mengen (#2)","type":"airport","city":"","country":"DE","feedUrl":"https://regio-airport-mengen.de/uploads/webcam2/webcam2.jpg","playerUrl":"","streamUrl":"","feedType":"image","source":"opencctv_airportwebcams","directEligible":true,"updateRate":60000}},{"type":"Feature","geometry":{"type":"Point","coordinates":[6.58,45.41]},"properties":{"id":"opencctv_airportwebcams_airportwebcams-meribel-airport-1","name":"Meribel Airport","type":"airport","city":"","country":"FR","feedUrl":"https://www.ac-meribel.fr/?p=3388","playerUrl":"","streamUrl":"","feedType":"iframe","source":"opencctv_airportwebcams","directEligible":true,"updateRate":30000}},{"type":"Feature","geometry":{"type":"Point","coordinates":[149.9,-36.91]},"properties":{"id":"opencctv_airportwebcams_airportwebcams-merimbula-airport-1","name":"Merimbula Airport (#1)","type":"airport","city":"","country":"AU","feedUrl":"https://www.merimbula.skycam.net.au/CAM2/image.jpg","playerUrl":"","streamUrl":"","feedType":"image","source":"opencctv_airportwebcams","directEligible":true,"updateRate":60000}},{"type":"Feature","geometry":{"type":"Point","coordinates":[149.9,-36.91]},"properties":{"id":"opencctv_airportwebcams_airportwebcams-merimbula-airport-2","name":"Merimbula Airport (#2)","type":"airport","city":"","country":"AU","feedUrl":"https://www.merimbula.skycam.net.au/CAM1/image.jpg","playerUrl":"","streamUrl":"","feedType":"image","source":"opencctv_airportwebcams","directEligible":true,"updateRate":60000}},{"type":"Feature","geometry":{"type":"Point","coordinates":[149.9,-36.91]},"properties":{"id":"opencctv_airportwebcams_airportwebcams-merimbula-airport-3","name":"Merimbula Airport (#3)","type":"airport","city":"","country":"AU","feedUrl":"https://www.merimbula.skycam.net.au/CAM3/image.jpg","playerUrl":"","streamUrl":"","feedType":"image","source":"opencctv_airportwebcams","directEligible":true,"updateRate":60000}},{"type":"Feature","geometry":{"type":"Point","coordinates":[-145.48,60.49]},"properties":{"id":"opencctv_airportwebcams_airportwebcams-merle-k-smith-airport-1","name":"Merle K Smith Airport","type":"airport","city":"","country":"US","feedUrl":"https://weathercams.faa.gov/map/-148.08381,59.68864,-142.85707,60.8878/cameraSite/156/summary","playerUrl":"","streamUrl":"","feedType":"iframe","source":"opencctv_airportwebcams","directEligible":false,"updateRate":30000}},{"type":"Feature","geometry":{"type":"Point","coordinates":[-149.84,61.21]},"properties":{"id":"opencctv_airportwebcams_airportwebcams-merrill-field-airport-1","name":"Merrill Field Airport (#1)","type":"airport","city":"","country":"US","feedUrl":"https://weathercams.faa.gov/map/-151.1516,60.72259,-148.51488,61.30817/cameraSite/838/summary","playerUrl":"","streamUrl":"","feedType":"iframe","source":"opencctv_airportwebcams","directEligible":false,"updateRate":30000}},{"type":"Feature","geometry":{"type":"Point","coordinates":[-149.84,61.21]},"properties":{"id":"opencctv_airportwebcams_airportwebcams-merrill-field-airport-2","name":"Merrill Field Airport (#2)","type":"airport","city":"","country":"US","feedUrl":"https://webcams.borealisbroadband.net/sheraton/sheraton1mega.jpg","playerUrl":"","streamUrl":"","feedType":"image","source":"opencctv_airportwebcams","directEligible":true,"updateRate":60000}},{"type":"Feature","geometry":{"type":"Point","coordinates":[11.95,51.36]},"properties":{"id":"opencctv_airportwebcams_airportwebcams-merseburg-airfield-1","name":"Merseburg Airfield","type":"airport","city":"","country":"DE","feedUrl":"https://www.flugplatz-merseburg.de/geschichte/71-kampfgeschwader-153.html","playerUrl":"","streamUrl":"","feedType":"iframe","source":"opencctv_airportwebcams","directEligible":true,"updateRate":30000}},{"type":"Feature","geometry":{"type":"Point","coordinates":[2.65,50.62]},"properties":{"id":"opencctv_airportwebcams_airportwebcams-merville-calonne-airport-1","name":"Merville Calonne Airport (#1)","type":"airport","city":"","country":"FR","feedUrl":"https://cam-aero.eu/raspicamaero/LFQT_MervilleLestrem/img","playerUrl":"","streamUrl":"","feedType":"iframe","source":"opencctv_airportwebcams","directEligible":false,"updateRate":30000}},{"type":"Feature","geometry":{"type":"Point","coordinates":[2.65,50.62]},"properties":{"id":"opencctv_airportwebcams_airportwebcams-merville-calonne-airport-2","name":"Merville Calonne Airport (#2)","type":"airport","city":"","country":"FR","feedUrl":"https://cam-aero.eu/raspicamaero/LFQT_MervilleLestrem2/img","playerUrl":"","streamUrl":"","feedType":"iframe","source":"opencctv_airportwebcams","directEligible":false,"updateRate":30000}},{"type":"Feature","geometry":{"type":"Point","coordinates":[8.24,51.3]},"properties":{"id":"opencctv_airportwebcams_airportwebcams-meschede-schuren-airfield-1","name":"Meschede Schuren Airfield (#1)","type":"airport","city":"","country":"DE","feedUrl":"https://flugplatz-meschede.de/de/webcam/edkm_web.jpg?v=45627","playerUrl":"","streamUrl":"","feedType":"image","source":"opencctv_airportwebcams","directEligible":true,"updateRate":60000}},{"type":"Feature","geometry":{"type":"Point","coordinates":[14.12,47.87]},"properties":{"id":"opencctv_airportwebcams_airportwebcams-micheldorf-airfield-1","name":"Micheldorf Airfield","type":"airport","city":"","country":"AT","feedUrl":"https://www.flugplatz-micheldorf.at/index.php/webcams","playerUrl":"","streamUrl":"","feedType":"iframe","source":"opencctv_airportwebcams","directEligible":true,"updateRate":30000}},{"type":"Feature","geometry":{"type":"Point","coordinates":[-81.56,31.89]},"properties":{"id":"opencctv_airportwebcams_airportwebcams-midcoast-regional-airport-1","name":"MidCoast Regional Airport (LHW)","type":"airport","city":"","country":"US","feedUrl":"https://images.ambientweather.net/483FDA542E61/latest.jpg?","playerUrl":"","streamUrl":"","feedType":"image","source":"opencctv_airportwebcams","directEligible":true,"updateRate":60000}},{"type":"Feature","geometry":{"type":"Point","coordinates":[-73.1,43.98]},"properties":{"id":"opencctv_airportwebcams_airportwebcams-middlebury-state-airport-1","name":"Middlebury State Airport","type":"airport","city":"","country":"US","feedUrl":"https://weathercams.faa.gov/map/-75.73326,42.90678,-70.45982,44.65169/cameraSite/1006/summary","playerUrl":"","streamUrl":"","feedType":"iframe","source":"opencctv_airportwebcams","directEligible":false,"updateRate":30000}},{"type":"Feature","geometry":{"type":"Point","coordinates":[21.46,50.32]},"properties":{"id":"opencctv_airportwebcams_airportwebcams-mielec-airport-1","name":"Mielec Airport (#1)","type":"airport","city":"","country":"PL","feedUrl":"https://aero.webcam/cam/epml-1.jpg","playerUrl":"","streamUrl":"","feedType":"image","source":"opencctv_airportwebcams","directEligible":true,"updateRate":60000}},{"type":"Feature","geometry":{"type":"Point","coordinates":[-105.89,46.42]},"properties":{"id":"opencctv_airportwebcams_airportwebcams-miles-city-airport-1","name":"Miles City Airport (MLS)","type":"airport","city":"","country":"US","feedUrl":"https://weathercams.faa.gov/map/-105.87706,46.227703999999996,9/cameraSite/597/summary","playerUrl":"","streamUrl":"","feedType":"iframe","source":"opencctv_airportwebcams","directEligible":false,"updateRate":30000}},{"type":"Feature","geometry":{"type":"Point","coordinates":[-2.09,55.59]},"properties":{"id":"opencctv_airportwebcams_airportwebcams-milfield-airfield-1","name":"Milfield Airfield","type":"airport","city":"","country":"GB","feedUrl":"https://www.bordersgliding.co.uk/Webcam.html","playerUrl":"","streamUrl":"","feedType":"iframe","source":"opencctv_airportwebcams","directEligible":true,"updateRate":30000}},{"type":"Feature","geometry":{"type":"Point","coordinates":[14.92,50.23]},"properties":{"id":"opencctv_airportwebcams_airportwebcams-milovice-airport-1","name":"Milovice Airport (#1)","type":"airport","city":"","country":"CZ","feedUrl":"https://meteo.aeroklub-milovice.cz/kamery/vychod.jpg","playerUrl":"","streamUrl":"","feedType":"image","source":"opencctv_airportwebcams","directEligible":true,"updateRate":60000}},{"type":"Feature","geometry":{"type":"Point","coordinates":[14.92,50.23]},"properties":{"id":"opencctv_airportwebcams_airportwebcams-milovice-airport-2","name":"Milovice Airport (#2)","type":"airport","city":"","country":"CZ","feedUrl":"https://meteo.aeroklub-milovice.cz/kamery/zapad.jpg","playerUrl":"","streamUrl":"","feedType":"image","source":"opencctv_airportwebcams","directEligible":true,"updateRate":60000}},{"type":"Feature","geometry":{"type":"Point","coordinates":[-87.9,42.94]},"properties":{"id":"opencctv_airportwebcams_airportwebcams-milwaukee-mitchell-international-airport-1","name":"Milwaukee Mitchell International Airport (MKE) (#1)","type":"airport","city":"","country":"US","feedUrl":"https://kubrick.htvapps.com/htv-prod/images/dynamic/wisn/Airport.jpg","playerUrl":"","streamUrl":"","feedType":"image","source":"opencctv_airportwebcams","directEligible":true,"updateRate":60000}},{"type":"Feature","geometry":{"type":"Point","coordinates":[-152.3,63.88]},"properties":{"id":"opencctv_airportwebcams_airportwebcams-minchumina-airport-1","name":"Minchumina Airport","type":"airport","city":"","country":"US","feedUrl":"https://weathercams.faa.gov/map/-154.92407,63.14193,-149.69733,64.21472/cameraSite/76/summary","playerUrl":"","streamUrl":"","feedType":"iframe","source":"opencctv_airportwebcams","directEligible":false,"updateRate":30000}},{"type":"Feature","geometry":{"type":"Point","coordinates":[-114.85,47.16]},"properties":{"id":"opencctv_airportwebcams_airportwebcams-mineral-county-airport-1","name":"Mineral County Airport","type":"airport","city":"","country":"US","feedUrl":"https://weathercams.faa.gov/map/-114.85253,46.968529999999994,9/cameraSite/565/summary","playerUrl":"","streamUrl":"","feedType":"iframe","source":"opencctv_airportwebcams","directEligible":false,"updateRate":30000}},{"type":"Feature","geometry":{"type":"Point","coordinates":[-7.23,41.47]},"properties":{"id":"opencctv_airportwebcams_airportwebcams-mirandela-airport-2","name":"Mirandela Airport (#2)","type":"airport","city":"","country":"PT","feedUrl":"https://aeroclubemirandela.weebly.com/webcam.html","playerUrl":"","streamUrl":"","feedType":"iframe","source":"opencctv_airportwebcams","directEligible":false,"updateRate":30000}},{"type":"Feature","geometry":{"type":"Point","coordinates":[141.37,40.69]},"properties":{"id":"opencctv_airportwebcams_airportwebcams-misawa-airport-1","name":"Misawa Airport","type":"airport","city":"","country":"JP","feedUrl":"https://misawa-airport.co.jp/webcamera_upload/Now.jpg","playerUrl":"","streamUrl":"","feedType":"image","source":"opencctv_airportwebcams","directEligible":true,"updateRate":60000}},{"type":"Feature","geometry":{"type":"Point","coordinates":[-110.45,45.7]},"properties":{"id":"opencctv_airportwebcams_airportwebcams-mission-field-airport-1","name":"Mission Field Airport (LVM)","type":"airport","city":"","country":"US","feedUrl":"https://weathercams.faa.gov/map/-113.09061,44.64349,-107.81717,46.33767/cameraSite/987/summary","playerUrl":"","streamUrl":"","feedType":"iframe","source":"opencctv_airportwebcams","directEligible":false,"updateRate":30000}},{"type":"Feature","geometry":{"type":"Point","coordinates":[150.5,-34.45]},"properties":{"id":"opencctv_airportwebcams_airportwebcams-mittagong-airport-1","name":"Mittagong Airport (#1)","type":"airport","city":"","country":"AU","feedUrl":"https://www.mittagong.skycam.net.au/CAM1/image.jpg","playerUrl":"","streamUrl":"","feedType":"image","source":"opencctv_airportwebcams","directEligible":true,"updateRate":60000}},{"type":"Feature","geometry":{"type":"Point","coordinates":[150.5,-34.45]},"properties":{"id":"opencctv_airportwebcams_airportwebcams-mittagong-airport-2","name":"Mittagong Airport (#2)","type":"airport","city":"","country":"AU","feedUrl":"https://www.mittagong.skycam.net.au/CAM2/image.jpg","playerUrl":"","streamUrl":"","feedType":"image","source":"opencctv_airportwebcams","directEligible":true,"updateRate":60000}},{"type":"Feature","geometry":{"type":"Point","coordinates":[14.9,50.4]},"properties":{"id":"opencctv_airportwebcams_airportwebcams-mlada-boleslav-airfield-1","name":"Mlada Boleslav Airfield (#1)","type":"airport","city":"","country":"CZ","feedUrl":"https://www.akmb.cz/wp-content/webcam/webcamcerpackalarge.jpg?1711128009","playerUrl":"","streamUrl":"","feedType":"image","source":"opencctv_airportwebcams","directEligible":true,"updateRate":60000}},{"type":"Feature","geometry":{"type":"Point","coordinates":[15.01,50.54]},"properties":{"id":"opencctv_airportwebcams_airportwebcams-mnichivo-hradiste-airport-1","name":"Mnichivo Hradiste Airport (#1)","type":"airport","city":"","country":"CZ","feedUrl":"https://www.lkmh.cz/rwy/runway.jpg","playerUrl":"","streamUrl":"","feedType":"image","source":"opencctv_airportwebcams","directEligible":true,"updateRate":60000}},{"type":"Feature","geometry":{"type":"Point","coordinates":[-157.1,21.15]},"properties":{"id":"opencctv_airportwebcams_airportwebcams-molokai-airport-1","name":"Molokai Airport","type":"airport","city":"","country":"US","feedUrl":"https://weathercams.faa.gov/map/-159.73035,19.82252,-154.45691,22.07953/cameraSite/866/summary","playerUrl":"","streamUrl":"","feedType":"iframe","source":"opencctv_airportwebcams","directEligible":false,"updateRate":30000}},{"type":"Feature","geometry":{"type":"Point","coordinates":[2.12,42.54]},"properties":{"id":"opencctv_airportwebcams_airportwebcams-mont-louis-la-quillane-airport-2","name":"Mont Louis La Quillane Airport (#2)","type":"airport","city":"","country":"FR","feedUrl":"https://cam-aero.eu/raspicamaero/LFNQ_La_Llagonne","playerUrl":"","streamUrl":"","feedType":"iframe","source":"opencctv_airportwebcams","directEligible":false,"updateRate":30000}},{"type":"Feature","geometry":{"type":"Point","coordinates":[-1.33,46.93]},"properties":{"id":"opencctv_airportwebcams_airportwebcams-montaigu-saint-georges-airfield-2","name":"Montaigu Saint Georges Airfield (#2)","type":"airport","city":"","country":"FR","feedUrl":"https://www.aeroclub-ulm-montaigu-vendee.fr/webcam-club","playerUrl":"","streamUrl":"","feedType":"iframe","source":"opencctv_airportwebcams","directEligible":true,"updateRate":30000}},{"type":"Feature","geometry":{"type":"Point","coordinates":[4.34,46.6]},"properties":{"id":"opencctv_airportwebcams_airportwebcams-montceau-les-mines-pouilloux-airport-1","name":"Montceau","type":"airport","city":"","country":"FR","feedUrl":"https://cam-aero.eu/raspicamaero/LFGM_MontceauLesMines/img","playerUrl":"","streamUrl":"","feedType":"iframe","source":"opencctv_airportwebcams","directEligible":false,"updateRate":30000}},{"type":"Feature","geometry":{"type":"Point","coordinates":[-0.45,45.27]},"properties":{"id":"opencctv_airportwebcams_airportwebcams-montendre-marcillac-airport-1","name":"Montendre Marcillac Airport","type":"airport","city":"","country":"FR","feedUrl":"https://www.aeroclubmarcillacestuaire.fr/wp-content/uploads/webcam/webcam-lfdc.jpg","playerUrl":"","streamUrl":"","feedType":"image","source":"opencctv_airportwebcams","directEligible":true,"updateRate":60000}},{"type":"Feature","geometry":{"type":"Point","coordinates":[-51.49,-29.72]},"properties":{"id":"opencctv_airportwebcams_airportwebcams-montenegro-airport-2","name":"Montenegro Airport (#2)","type":"airport","city":"","country":"BR","feedUrl":"https://www.metarsul.com.br/image/5min/ssng1.jpeg","playerUrl":"","streamUrl":"","feedType":"image","source":"opencctv_airportwebcams","directEligible":true,"updateRate":60000}},{"type":"Feature","geometry":{"type":"Point","coordinates":[-51.49,-29.72]},"properties":{"id":"opencctv_airportwebcams_airportwebcams-montenegro-airport-3","name":"Montenegro Airport (#3)","type":"airport","city":"","country":"BR","feedUrl":"https://www.metarsul.com.br/image/5min/ssng2.jpeg","playerUrl":"","streamUrl":"","feedType":"image","source":"opencctv_airportwebcams","directEligible":true,"updateRate":60000}},{"type":"Feature","geometry":{"type":"Point","coordinates":[2.57,46.35]},"properties":{"id":"opencctv_airportwebcams_airportwebcams-montlucon-domerat-airport-2","name":"Montlucon Domerat Airport (#2)","type":"airport","city":"","country":"FR","feedUrl":"https://www.aeroclub-montlucon.fr/webcam.php","playerUrl":"","streamUrl":"","feedType":"iframe","source":"opencctv_airportwebcams","directEligible":true,"updateRate":30000}},{"type":"Feature","geometry":{"type":"Point","coordinates":[4.07,43.61]},"properties":{"id":"opencctv_airportwebcams_airportwebcams-montpellier-candillargues-airport-1","name":"Montpellier Candillargues Airport (#1)","type":"airport","city":"","country":"FR","feedUrl":"https://cam-aero.eu/raspicamaero/LFNG_Pilotec/img","playerUrl":"","streamUrl":"","feedType":"iframe","source":"opencctv_airportwebcams","directEligible":false,"updateRate":30000}},{"type":"Feature","geometry":{"type":"Point","coordinates":[4.07,43.61]},"properties":{"id":"opencctv_airportwebcams_airportwebcams-montpellier-candillargues-airport-2","name":"Montpellier Candillargues Airport (#2)","type":"airport","city":"","country":"FR","feedUrl":"https://cam-aero.eu/raspicamaero/LFNG_AeroClubCamargue/img","playerUrl":"","streamUrl":"","feedType":"iframe","source":"opencctv_airportwebcams","directEligible":false,"updateRate":30000}},{"type":"Feature","geometry":{"type":"Point","coordinates":[4.07,43.61]},"properties":{"id":"opencctv_airportwebcams_airportwebcams-montpellier-candillargues-airport-3","name":"Montpellier Candillargues Airport (#3)","type":"airport","city":"","country":"FR","feedUrl":"https://cam-aero.eu/raspicamaero/LFNG_AeroClubCamargue2/img","playerUrl":"","streamUrl":"","feedType":"iframe","source":"opencctv_airportwebcams","directEligible":false,"updateRate":30000}},{"type":"Feature","geometry":{"type":"Point","coordinates":[0.49,44.37]},"properties":{"id":"opencctv_airportwebcams_airportwebcams-montpezat-dagenais-airfield-1","name":"Montpezat d&#039;Agenais Airfield (#1)","type":"airport","city":"","country":"FR","feedUrl":"https://cam-aero.eu/raspicamaero/LF4724_MontpezatDAgenais/img","playerUrl":"","streamUrl":"","feedType":"iframe","source":"opencctv_airportwebcams","directEligible":false,"updateRate":30000}},{"type":"Feature","geometry":{"type":"Point","coordinates":[0.49,44.37]},"properties":{"id":"opencctv_airportwebcams_airportwebcams-montpezat-dagenais-airfield-2","name":"Montpezat d&#039;Agenais Airfield (#2)","type":"airport","city":"","country":"FR","feedUrl":"https://cam-aero.eu/raspicamaero/LF4724_MontpezatDAgenais2/img","playerUrl":"","streamUrl":"","feedType":"iframe","source":"opencctv_airportwebcams","directEligible":false,"updateRate":30000}},{"type":"Feature","geometry":{"type":"Point","coordinates":[17.69,50.07]},"properties":{"id":"opencctv_airportwebcams_airportwebcams-krnov-airfield-1","name":"Krnov Airfield","type":"airport","city":"","country":"CZ","feedUrl":"https://krnov.cz/webkamera%2Dletiste/d-34001","playerUrl":"","streamUrl":"","feedType":"iframe","source":"opencctv_airportwebcams","directEligible":true,"updateRate":30000}},{"type":"Feature","geometry":{"type":"Point","coordinates":[21.74,49.68]},"properties":{"id":"opencctv_airportwebcams_airportwebcams-krosno-airport-1","name":"Krosno Airport","type":"airport","city":"","country":"PL","feedUrl":"https://aero.webcam/cam/epkr1.jpg","playerUrl":"","streamUrl":"","feedType":"image","source":"opencctv_airportwebcams","directEligible":true,"updateRate":60000}},{"type":"Feature","geometry":{"type":"Point","coordinates":[31.11,-25.38]},"properties":{"id":"opencctv_airportwebcams_airportwebcams-kruger-mpumalanga-airport-2","name":"Kruger Mpumalanga Airport (#2)","type":"airport","city":"","country":"ZA","feedUrl":"https://aviation.weathersa.co.za/webcams/Kruger.jpg","playerUrl":"","streamUrl":"","feedType":"image","source":"opencctv_airportwebcams","directEligible":true,"updateRate":60000}},{"type":"Feature","geometry":{"type":"Point","coordinates":[144.18,43.04]},"properties":{"id":"opencctv_airportwebcams_airportwebcams-kushiro-airport-1","name":"Kushiro Airport (#1)","type":"airport","city":"","country":"JP","feedUrl":"https://weather.jal.co.jp/livecam/spot.html?camid=410000164","playerUrl":"","streamUrl":"","feedType":"iframe","source":"opencctv_airportwebcams","directEligible":true,"updateRate":30000}},{"type":"Feature","geometry":{"type":"Point","coordinates":[-161.45,60.79]},"properties":{"id":"opencctv_airportwebcams_airportwebcams-kwethluk-airport-1","name":"Kwethluk Airport","type":"airport","city":"","country":"US","feedUrl":"https://weathercams.faa.gov/map/-164.05226,59.99323,-158.82552,61.1814/cameraSite/240/summary","playerUrl":"","streamUrl":"","feedType":"iframe","source":"opencctv_airportwebcams","directEligible":false,"updateRate":30000}},{"type":"Feature","geometry":{"type":"Point","coordinates":[-1.38,46.7]},"properties":{"id":"opencctv_airportwebcams_airportwebcams-la-roche-sur-yon-airport-1","name":"La Roche Sur Yon Airport","type":"airport","city":"","country":"FR","feedUrl":"https://cam-aero.eu/raspicamaero/LFRI_AeroClubYonnais/img","playerUrl":"","streamUrl":"","feedType":"iframe","source":"opencctv_airportwebcams","directEligible":false,"updateRate":30000}},{"type":"Feature","geometry":{"type":"Point","coordinates":[-71.42,43.57]},"properties":{"id":"opencctv_airportwebcams_airportwebcams-laconia-municipal-airport-1","name":"Laconia Municipal Airport (LCI) (#1)","type":"airport","city":"","country":"US","feedUrl":"https://skybright.com/webcam/","playerUrl":"","streamUrl":"","feedType":"iframe","source":"opencctv_airportwebcams","directEligible":true,"updateRate":30000}},{"type":"Feature","geometry":{"type":"Point","coordinates":[148.25,-40.2]},"properties":{"id":"opencctv_airportwebcams_airportwebcams-lady-barron-airport-3","name":"Lady Barron Airport (#3)","type":"airport","city":"","country":"AU","feedUrl":"https://auswebcams.com/yldb/","playerUrl":"","streamUrl":"","feedType":"iframe","source":"opencctv_airportwebcams","directEligible":false,"updateRate":30000}},{"type":"Feature","geometry":{"type":"Point","coordinates":[9.88,50.1]},"properties":{"id":"opencctv_airportwebcams_airportwebcams-lager-hammelburg-airfield-1","name":"Lager Hammelburg Airfield","type":"airport","city":"","country":"DE","feedUrl":"https://fsg-hammelburg.de/img_webcam/kamera1/webcam_gross.php?1721744655","playerUrl":"","streamUrl":"","feedType":"iframe","source":"opencctv_airportwebcams","directEligible":true,"updateRate":30000}},{"type":"Feature","geometry":{"type":"Point","coordinates":[25.69,61.15]},"properties":{"id":"opencctv_airportwebcams_airportwebcams-lahti-vesivehmaa-airport-1","name":"Lahti Vesivehmaa Airport","type":"airport","city":"","country":"FI","feedUrl":"https://www.k25.fi/?sivu=web-kamera","playerUrl":"","streamUrl":"","feedType":"iframe","source":"opencctv_airportwebcams","directEligible":true,"updateRate":30000}},{"type":"Feature","geometry":{"type":"Point","coordinates":[9.64,48.5]},"properties":{"id":"opencctv_airportwebcams_airportwebcams-laichingen-airport-1","name":"Laichingen Airport","type":"airport","city":"","country":"DE","feedUrl":"https://fsv.lai.de/idx_cams.htm","playerUrl":"","streamUrl":"","feedType":"iframe","source":"opencctv_airportwebcams","directEligible":true,"updateRate":30000}},{"type":"Feature","geometry":{"type":"Point","coordinates":[-88.32,42.21]},"properties":{"id":"opencctv_airportwebcams_airportwebcams-lake-in-the-hills-airport-2","name":"Lake In The Hills Airport (#2)","type":"airport","city":"","country":"US","feedUrl":"https://weathercams.faa.gov/map/-88.31692,42.005765,9/cameraSite/942/summary","playerUrl":"","streamUrl":"","feedType":"iframe","source":"opencctv_airportwebcams","directEligible":false,"updateRate":30000}},{"type":"Feature","geometry":{"type":"Point","coordinates":[-82.02,27.99]},"properties":{"id":"opencctv_airportwebcams_airportwebcams-lakeland-linder-airport-1","name":"Lakeland Linder Airport (LAL)","type":"airport","city":"","country":"US","feedUrl":"https://weathercams.faa.gov/map/-84.656,26.71225,-79.38256,28.85045/cameraSite/934/summary","playerUrl":"","streamUrl":"","feedType":"iframe","source":"opencctv_airportwebcams","directEligible":false,"updateRate":30000}},{"type":"Feature","geometry":{"type":"Point","coordinates":[-122.9,38.99]},"properties":{"id":"opencctv_airportwebcams_airportwebcams-lampson-field-airport-1","name":"Lampson Field Airport","type":"airport","city":"","country":"US","feedUrl":"https://weathercams.faa.gov/map/-125.13107,37.84035,-119.85763,39.72428/cameraSite/1052/summary/camera","playerUrl":"","streamUrl":"","feedType":"iframe","source":"opencctv_airportwebcams","directEligible":false,"updateRate":30000}},{"type":"Feature","geometry":{"type":"Point","coordinates":[-156.95,20.78]},"properties":{"id":"opencctv_airportwebcams_airportwebcams-lanai-airport-1","name":"Lanai Airport","type":"airport","city":"","country":"US","feedUrl":"https://weathercams.faa.gov/map/-159.58751,19.45399,-154.31407,21.71646/cameraSite/693/summary","playerUrl":"","streamUrl":"","feedType":"iframe","source":"opencctv_airportwebcams","directEligible":false,"updateRate":30000}},{"type":"Feature","geometry":{"type":"Point","coordinates":[8.13,49.18]},"properties":{"id":"opencctv_airportwebcams_airportwebcams-landau-ebenberg-airfield-1","name":"Landau Ebenberg Airfield (#1)","type":"airport","city":"","country":"FR","feedUrl":"https://www.djk-landau.de/webcam/","playerUrl":"","streamUrl":"","feedType":"iframe","source":"opencctv_airportwebcams","directEligible":true,"updateRate":30000}},{"type":"Feature","geometry":{"type":"Point","coordinates":[12.03,48.51]},"properties":{"id":"opencctv_airportwebcams_airportwebcams-landshut-airfield-1","name":"Landshut Airfield (#1)","type":"airport","city":"","country":"DE","feedUrl":"https://www.lsv-landshut.de/mot-webcam/edml_ost.jpg","playerUrl":"","streamUrl":"","feedType":"image","source":"opencctv_airportwebcams","directEligible":true,"updateRate":60000}},{"type":"Feature","geometry":{"type":"Point","coordinates":[12.03,48.51]},"properties":{"id":"opencctv_airportwebcams_airportwebcams-landshut-airfield-2","name":"Landshut Airfield (#2)","type":"airport","city":"","country":"DE","feedUrl":"https://www.lsv-landshut.de/mot-webcam/edml_west.jpg","playerUrl":"","streamUrl":"","feedType":"image","source":"opencctv_airportwebcams","directEligible":true,"updateRate":60000}},{"type":"Feature","geometry":{"type":"Point","coordinates":[7.91,49.91]},"properties":{"id":"opencctv_airportwebcams_airportwebcams-langenlonsheim-airport-1","name":"Langenlonsheim Airport","type":"airport","city":"","country":"DE","feedUrl":"https://edel-service.flying-sascha.de/webcam/Cam-Tower/Snapshot/Tower.jpg","playerUrl":"","streamUrl":"","feedType":"image","source":"opencctv_airportwebcams","directEligible":false,"updateRate":60000}},{"type":"Feature","geometry":{"type":"Point","coordinates":[3.89,44.7]},"properties":{"id":"opencctv_airportwebcams_airportwebcams-langogne-lesperon-airfield-1","name":"Langogne Lesperon Airfield","type":"airport","city":"","country":"FR","feedUrl":"https://cam-aero.eu/raspicamaero/LFHL_LangogneLesperon/img","playerUrl":"","streamUrl":"","feedType":"iframe","source":"opencctv_airportwebcams","directEligible":false,"updateRate":30000}},{"type":"Feature","geometry":{"type":"Point","coordinates":[5.29,47.96]},"properties":{"id":"opencctv_airportwebcams_airportwebcams-langres-rolampont-airport-1","name":"Langres Rolampont Airport","type":"airport","city":"","country":"FR","feedUrl":"https://cam-aero.eu/raspicamaero/LFSU_Langres_Rolampont/img","playerUrl":"","streamUrl":"","feedType":"iframe","source":"opencctv_airportwebcams","directEligible":false,"updateRate":30000}},{"type":"Feature","geometry":{"type":"Point","coordinates":[3.59,46.25]},"properties":{"id":"opencctv_airportwebcams_airportwebcams-lapalisse-perigny-airport-1","name":"Lapalisse Perigny Airport","type":"airport","city":"","country":"FR","feedUrl":"https://cam-aero.eu/raspicamaero/LFHX_03_AeroService/img","playerUrl":"","streamUrl":"","feedType":"iframe","source":"opencctv_airportwebcams","directEligible":false,"updateRate":30000}},{"type":"Feature","geometry":{"type":"Point","coordinates":[28.13,61.04]},"properties":{"id":"opencctv_airportwebcams_airportwebcams-lappeenranta-airport-1","name":"Lappeenranta Airport (#1)","type":"airport","city":"","country":"FI","feedUrl":"https://www.liy.fi/webcam.html","playerUrl":"","streamUrl":"","feedType":"iframe","source":"opencctv_airportwebcams","directEligible":true,"updateRate":30000}},{"type":"Feature","geometry":{"type":"Point","coordinates":[28.13,61.04]},"properties":{"id":"opencctv_airportwebcams_airportwebcams-lappeenranta-airport-2","name":"Lappeenranta Airport (#2)","type":"airport","city":"","country":"FI","feedUrl":"https://skyviewlive.roundshot.com/lappeenranta/","playerUrl":"","streamUrl":"","feedType":"iframe","source":"opencctv_airportwebcams","directEligible":true,"updateRate":30000}},{"type":"Feature","geometry":{"type":"Point","coordinates":[-153.98,57.53]},"properties":{"id":"opencctv_airportwebcams_airportwebcams-larsen-bay-airport-1","name":"Larsen Bay Airport","type":"airport","city":"","country":"US","feedUrl":"https://weathercams.faa.gov/map/-156.61572,56.67769,-151.34228,57.98221/cameraSite/31/summary","playerUrl":"","streamUrl":"","feedType":"iframe","source":"opencctv_airportwebcams","directEligible":false,"updateRate":30000}},{"type":"Feature","geometry":{"type":"Point","coordinates":[146.47,-38.21]},"properties":{"id":"opencctv_airportwebcams_airportwebcams-latrobe-airport-3","name":"Latrobe Airport (#3)","type":"airport","city":"","country":"AU","feedUrl":"https://auswebcams.com/yltv/","playerUrl":"","streamUrl":"","feedType":"iframe","source":"opencctv_airportwebcams","directEligible":false,"updateRate":30000}},{"type":"Feature","geometry":{"type":"Point","coordinates":[11.28,49.61]},"properties":{"id":"opencctv_airportwebcams_airportwebcams-lauf-lillinghof-airfield-2","name":"Lauf Lillinghof Airfield (#2)","type":"airport","city":"","country":"DE","feedUrl":"https://www.sfc-lauf.de/","playerUrl":"","streamUrl":"","feedType":"iframe","source":"opencctv_airportwebcams","directEligible":true,"updateRate":30000}},{"type":"Feature","geometry":{"type":"Point","coordinates":[-71.12,42.72]},"properties":{"id":"opencctv_airportwebcams_airportwebcams-lawrence-municipal-airport-1","name":"Lawrence Municipal Airport (LWM)","type":"airport","city":"","country":"US","feedUrl":"https://weathercams.faa.gov/map/-71.12206,42.517582999999995,9/cameraSite/733/summary","playerUrl":"","streamUrl":"","feedType":"iframe","source":"opencctv_airportwebcams","directEligible":false,"updateRate":30000}},{"type":"Feature","geometry":{"type":"Point","coordinates":[3.76,45.08]},"properties":{"id":"opencctv_airportwebcams_airportwebcams-le-puy-loudes-airport-2","name":"Le Puy Loudes Airport (#2)","type":"airport","city":"","country":"FR","feedUrl":"https://cam-aero.eu/raspicamaero/LFHP_ParaClubDuPuy/img","playerUrl":"","streamUrl":"","feedType":"iframe","source":"opencctv_airportwebcams","directEligible":false,"updateRate":30000}},{"type":"Feature","geometry":{"type":"Point","coordinates":[-106.32,39.22]},"properties":{"id":"opencctv_airportwebcams_airportwebcams-leadville-lake-county-airport-1","name":"Leadville Lake County Airport (LXV)","type":"airport","city":"","country":"US","feedUrl":"https://weathercams.faa.gov/map/-108.95129,38.07714,-103.67785,39.95698/cameraSite/541/summary","playerUrl":"","streamUrl":"","feedType":"iframe","source":"opencctv_airportwebcams","directEligible":false,"updateRate":30000}},{"type":"Feature","geometry":{"type":"Point","coordinates":[6.79,47.09]},"properties":{"id":"opencctv_airportwebcams_airportwebcams-les-eplatures-airport-1","name":"Les Eplatures Airport","type":"airport","city":"","country":"CH","feedUrl":"https://www.leseplaturesairport.ch/site2/index.php","playerUrl":"","streamUrl":"","feedType":"iframe","source":"opencctv_airportwebcams","directEligible":true,"updateRate":30000}},{"type":"Feature","geometry":{"type":"Point","coordinates":[5.18,48.87]},"properties":{"id":"opencctv_airportwebcams_airportwebcams-les-hauts-de-chee-airport-1","name":"Les Hauts De Chee Airport (#1)","type":"airport","city":"","country":"FR","feedUrl":"https://cam-aero.eu/raspicamaero/LFEU_AeroClubDuSudMeusien/img","playerUrl":"","streamUrl":"","feedType":"iframe","source":"opencctv_airportwebcams","directEligible":false,"updateRate":30000}},{"type":"Feature","geometry":{"type":"Point","coordinates":[5.18,48.87]},"properties":{"id":"opencctv_airportwebcams_airportwebcams-les-hauts-de-chee-airport-2","name":"Les Hauts De Chee Airport (#2)","type":"airport","city":"","country":"FR","feedUrl":"https://cam-aero.eu/raspicamaero/LFEU_AeroClubDuSudMeusien2/img","playerUrl":"","streamUrl":"","feedType":"iframe","source":"opencctv_airportwebcams","directEligible":false,"updateRate":30000}},{"type":"Feature","geometry":{"type":"Point","coordinates":[1.94,49.0]},"properties":{"id":"opencctv_airportwebcams_airportwebcams-les-mureaux-airport-1","name":"Les Mureaux Airport (#1)","type":"airport","city":"","country":"FR","feedUrl":"https://cam-aero.eu/raspicamaero/LFXU_AeroclubDeNeuilly/img","playerUrl":"","streamUrl":"","feedType":"iframe","source":"opencctv_airportwebcams","directEligible":false,"updateRate":30000}},{"type":"Feature","geometry":{"type":"Point","coordinates":[1.94,49.0]},"properties":{"id":"opencctv_airportwebcams_airportwebcams-les-mureaux-airport-2","name":"Les Mureaux Airport (#2)","type":"airport","city":"","country":"FR","feedUrl":"https://cam-aero.eu/raspicamaero/LFXU_AeroClubRogerJanin/img","playerUrl":"","streamUrl":"","feedType":"iframe","source":"opencctv_airportwebcams","directEligible":false,"updateRate":30000}},{"type":"Feature","geometry":{"type":"Point","coordinates":[14.18,46.36]},"properties":{"id":"opencctv_airportwebcams_airportwebcams-lesce-bled-airfield-1","name":"Lesce Bled Airfield","type":"airport","city":"","country":"SI","feedUrl":"https://www.viprime.net/alc.html","playerUrl":"","streamUrl":"","feedType":"iframe","source":"opencctv_airportwebcams","directEligible":true,"updateRate":30000}},{"type":"Feature","geometry":{"type":"Point","coordinates":[16.52,51.83]},"properties":{"id":"opencctv_airportwebcams_airportwebcams-leszno-airport-3","name":"Leszno Airport (#3)","type":"airport","city":"","country":"PL","feedUrl":"https://aero.webcam/cam/epls1.jpg","playerUrl":"","streamUrl":"","feedType":"image","source":"opencctv_airportwebcams","directEligible":true,"updateRate":60000}},{"type":"Feature","geometry":{"type":"Point","coordinates":[144.1,-37.92]},"properties":{"id":"opencctv_airportwebcams_airportwebcams-lethbridge-airport-3","name":"Lethbridge Airport (#3)","type":"airport","city":"","country":"AU","feedUrl":"https://auswebcams.com/YLED/","playerUrl":"","streamUrl":"","feedType":"iframe","source":"opencctv_airportwebcams","directEligible":false,"updateRate":30000}},{"type":"Feature","geometry":{"type":"Point","coordinates":[10.011111,47.859444]},"properties":{"id":"opencctv_airportwebcams_airportwebcams-leutkirch-unterzeil-airfield-1","name":"Leutkirch Unterzeil Airfield","type":"airport","city":"","country":"DE","feedUrl":"https://www.flugplatz-leutkirch.de/webcam/webcam.html","playerUrl":"","streamUrl":"","feedType":"iframe","source":"opencctv_airportwebcams","directEligible":false,"updateRate":30000}},{"type":"Feature","geometry":{"type":"Point","coordinates":[-109.46,47.05]},"properties":{"id":"opencctv_airportwebcams_airportwebcams-lewistown-municipal-airport-1","name":"Lewistown Municipal Airport (LWT)","type":"airport","city":"","country":"US","feedUrl":"https://weathercams.faa.gov/map/-112.09493,45.99887,-106.82149,47.68573/cameraSite/561/details/camera/12045","playerUrl":"","streamUrl":"","feedType":"iframe","source":"opencctv_airportwebcams","directEligible":false,"updateRate":30000}},{"type":"Feature","geometry":{"type":"Point","coordinates":[-115.49,48.28]},"properties":{"id":"opencctv_airportwebcams_airportwebcams-libby-airport-1","name":"Libby Airport","type":"airport","city":"","country":"US","feedUrl":"https://104.200.65.164/s59/","playerUrl":"","streamUrl":"","feedType":"iframe","source":"opencctv_airportwebcams","directEligible":false,"updateRate":30000}},{"type":"Feature","geometry":{"type":"Point","coordinates":[-110.99,48.51]},"properties":{"id":"opencctv_airportwebcams_airportwebcams-liberty-county-airport-1","name":"Liberty County Airport (LTY)","type":"airport","city":"","country":"US","feedUrl":"https://weathercams.faa.gov/map/-113.61673,47.5002,-108.34329,49.10774/cameraSite/825/summary","playerUrl":"","streamUrl":"","feedType":"iframe","source":"opencctv_airportwebcams","directEligible":false,"updateRate":30000}},{"type":"Feature","geometry":{"type":"Point","coordinates":[11.05,50.15]},"properties":{"id":"opencctv_airportwebcams_airportwebcams-lichtenfels-airfield-1","name":"Lichtenfels Airfield","type":"airport","city":"","country":"DE","feedUrl":"https://webcam.edql.de/","playerUrl":"","streamUrl":"","feedType":"iframe","source":"opencctv_airportwebcams","directEligible":false,"updateRate":30000}},{"type":"Feature","geometry":{"type":"Point","coordinates":[-103.67,39.27]},"properties":{"id":"opencctv_airportwebcams_airportwebcams-limon-municipal-airport-1","name":"Limon Municipal Airport (LIC)","type":"airport","city":"","country":"US","feedUrl":"https://weathercams.faa.gov/map/-106.30301,38.1035,-101.02957,40.01842/cameraSite/547/summary","playerUrl":"","streamUrl":"","feedType":"iframe","source":"opencctv_airportwebcams","directEligible":false,"updateRate":30000}},{"type":"Feature","geometry":{"type":"Point","coordinates":[-112.65,46.95]},"properties":{"id":"opencctv_airportwebcams_airportwebcams-lincoln-mont-airport-1","name":"Lincoln (Mont.) Airport","type":"airport","city":"","country":"US","feedUrl":"https://weathercams.faa.gov/map/-115.28265,45.9225,-110.00921,47.58023/cameraSite/536/summary","playerUrl":"","streamUrl":"","feedType":"iframe","source":"opencctv_airportwebcams","directEligible":false,"updateRate":30000}},{"type":"Feature","geometry":{"type":"Point","coordinates":[-68.54,45.36]},"properties":{"id":"opencctv_airportwebcams_airportwebcams-lincoln-regional-airport-1","name":"Lincoln Regional Airport (LRG)","type":"airport","city":"","country":"US","feedUrl":"https://weathercams.faa.gov/map/-71.17003,44.29983,-65.89659,46.00417/cameraSite/689/summary","playerUrl":"","streamUrl":"","feedType":"iframe","source":"opencctv_airportwebcams","directEligible":false,"updateRate":30000}},{"type":"Feature","geometry":{"type":"Point","coordinates":[8.99,46.29]},"properties":{"id":"opencctv_airportwebcams_airportwebcams-lodrino-heliport-1","name":"Lodrino Heliport","type":"airport","city":"","country":"CH","feedUrl":"https://tuks.ch/webcam/htv000M.jpg","playerUrl":"","streamUrl":"","feedType":"image","source":"opencctv_airportwebcams","directEligible":true,"updateRate":60000}},{"type":"Feature","geometry":{"type":"Point","coordinates":[-111.85,41.79]},"properties":{"id":"opencctv_airportwebcams_airportwebcams-logan-cache-airport-1","name":"Logan Cache Airport (LGU)","type":"airport","city":"","country":"US","feedUrl":"https://caas.usu.edu/avte/camera","playerUrl":"","streamUrl":"","feedType":"iframe","source":"opencctv_airportwebcams","directEligible":true,"updateRate":30000}},{"type":"Feature","geometry":{"type":"Point","coordinates":[2.63,48.82]},"properties":{"id":"opencctv_airportwebcams_airportwebcams-lognes-emerainville-airport-1","name":"Lognes Emerainville Airport","type":"airport","city":"","country":"FR","feedUrl":"https://cam-aero.eu/raspicamaero/LFPL_AeroclubSadiLecointe/img","playerUrl":"","streamUrl":"","feedType":"iframe","source":"opencctv_airportwebcams","directEligible":false,"updateRate":30000}},{"type":"Feature","geometry":{"type":"Point","coordinates":[-82.53,36.98]},"properties":{"id":"opencctv_airportwebcams_airportwebcams-lonesome-pine-airport-1","name":"Lonesome Pine Airport (LNP)","type":"airport","city":"","country":"US","feedUrl":"https://lonesomepineairport.com/index.html","playerUrl":"","streamUrl":"","feedType":"iframe","source":"opencctv_airportwebcams","directEligible":true,"updateRate":30000}},{"type":"Feature","geometry":{"type":"Point","coordinates":[-90.65,35.83]},"properties":{"id":"opencctv_airportwebcams_airportwebcams-jonesboro-airport-1","name":"Jonesboro Airport (JBR)","type":"airport","city":"","country":"US","feedUrl":"https://weathercams.faa.gov/map/-93.28859,34.64562,-88.01515,36.61/cameraSite/1023/summary","playerUrl":"","streamUrl":"","feedType":"iframe","source":"opencctv_airportwebcams","directEligible":false,"updateRate":30000}},{"type":"Feature","geometry":{"type":"Point","coordinates":[-0.42,45.48]},"properties":{"id":"opencctv_airportwebcams_airportwebcams-jonzac-neulles-airport-1","name":"Jonzac Neulles Airport","type":"airport","city":"","country":"FR","feedUrl":"https://www.aeroclub-jonzac-haute-saintonge.com/index.php/meteo-en-direct","playerUrl":"","streamUrl":"","feedType":"iframe","source":"opencctv_airportwebcams","directEligible":false,"updateRate":30000}},{"type":"Feature","geometry":{"type":"Point","coordinates":[-106.95,47.32]},"properties":{"id":"opencctv_airportwebcams_airportwebcams-jordan-airport-1","name":"Jordan Airport (JDN)","type":"airport","city":"","country":"US","feedUrl":"https://weathercams.faa.gov/map/-108.26656,46.71349,-105.62984,47.53573/cameraSite/820/summary","playerUrl":"","streamUrl":"","feedType":"iframe","source":"opencctv_airportwebcams","directEligible":false,"updateRate":30000}},{"type":"Feature","geometry":{"type":"Point","coordinates":[7.06,53.68]},"properties":{"id":"opencctv_airportwebcams_airportwebcams-juist-airfield-1","name":"Juist Airfield (#1)","type":"airport","city":"","country":"DE","feedUrl":"https://www.edwj.de/wp-content/webcams/edwjcam001.jpg","playerUrl":"","streamUrl":"","feedType":"image","source":"opencctv_airportwebcams","directEligible":true,"updateRate":60000}},{"type":"Feature","geometry":{"type":"Point","coordinates":[7.06,53.68]},"properties":{"id":"opencctv_airportwebcams_airportwebcams-juist-airfield-2","name":"Juist Airfield (#2)","type":"airport","city":"","country":"DE","feedUrl":"https://www.edwj.de/wp-content/webcams/edwjcam002.jpg","playerUrl":"","streamUrl":"","feedType":"image","source":"opencctv_airportwebcams","directEligible":true,"updateRate":60000}},{"type":"Feature","geometry":{"type":"Point","coordinates":[-134.58,58.36]},"properties":{"id":"opencctv_airportwebcams_airportwebcams-juneau-airport-1","name":"Juneau Airport","type":"airport","city":"","country":"US","feedUrl":"https://weathercams.faa.gov/map/-137.27167,57.52164,-131.99823,58.79801/cameraSite/8/summary","playerUrl":"","streamUrl":"","feedType":"iframe","source":"opencctv_airportwebcams","directEligible":false,"updateRate":30000}},{"type":"Feature","geometry":{"type":"Point","coordinates":[4.82,48.11]},"properties":{"id":"opencctv_airportwebcams_airportwebcams-juvancourt-airport-2","name":"Juvancourt Airport (#2)","type":"airport","city":"","country":"FR","feedUrl":"https://www.aeroclub-du-barsuraubois.fr/","playerUrl":"","streamUrl":"","feedType":"iframe","source":"opencctv_airportwebcams","directEligible":true,"updateRate":30000}},{"type":"Feature","geometry":{"type":"Point","coordinates":[130.72,31.8]},"properties":{"id":"opencctv_airportwebcams_airportwebcams-kagoshima-airport-1","name":"Kagoshima Airport (#1)","type":"airport","city":"","country":"JP","feedUrl":"https://www.mbc.co.jp/web-cam/img/cam1-kuu.jpg","playerUrl":"","streamUrl":"","feedType":"image","source":"opencctv_airportwebcams","directEligible":true,"updateRate":60000}},{"type":"Feature","geometry":{"type":"Point","coordinates":[130.72,31.8]},"properties":{"id":"opencctv_airportwebcams_airportwebcams-kagoshima-airport-2","name":"Kagoshima Airport (#2)","type":"airport","city":"","country":"JP","feedUrl":"https://www.mbc.co.jp/web-cam/","playerUrl":"","streamUrl":"","feedType":"iframe","source":"opencctv_airportwebcams","directEligible":true,"updateRate":30000}},{"type":"Feature","geometry":{"type":"Point","coordinates":[130.72,31.8]},"properties":{"id":"opencctv_airportwebcams_airportwebcams-kagoshima-airport-3","name":"Kagoshima Airport (#3)","type":"airport","city":"","country":"JP","feedUrl":"https://webcam.wni.co.jp/QON00108/loop.html","playerUrl":"","streamUrl":"","feedType":"iframe","source":"opencctv_airportwebcams","directEligible":true,"updateRate":30000}},{"type":"Feature","geometry":{"type":"Point","coordinates":[-156.97,21.21]},"properties":{"id":"opencctv_airportwebcams_airportwebcams-kalaupapa-airport-1","name":"Kalaupapa Airport","type":"airport","city":"","country":"US","feedUrl":"https://weathercams.faa.gov/map/-156.96959,21.009520000000002,9/cameraSite/645/summary","playerUrl":"","streamUrl":"","feedType":"iframe","source":"opencctv_airportwebcams","directEligible":false,"updateRate":30000}},{"type":"Feature","geometry":{"type":"Point","coordinates":[-160.35,61.54]},"properties":{"id":"opencctv_airportwebcams_airportwebcams-kalskag-airport-1","name":"Kalskag Airport","type":"airport","city":"","country":"US","feedUrl":"https://weathercams.faa.gov/map/-160.3327,61.33775,9/cameraSite/26/summary","playerUrl":"","streamUrl":"","feedType":"iframe","source":"opencctv_airportwebcams","directEligible":false,"updateRate":30000}},{"type":"Feature","geometry":{"type":"Point","coordinates":[-158.74,64.32]},"properties":{"id":"opencctv_airportwebcams_airportwebcams-kaltag-airport-1","name":"Kaltag Airport","type":"airport","city":"","country":"US","feedUrl":"https://weathercams.faa.gov/map/-161.34577,63.58767,-156.11903,64.64388/cameraSite/30/summary","playerUrl":"","streamUrl":"","feedType":"iframe","source":"opencctv_airportwebcams","directEligible":false,"updateRate":30000}},{"type":"Feature","geometry":{"type":"Point","coordinates":[11.25,55.7]},"properties":{"id":"opencctv_airportwebcams_airportwebcams-kalundborg-airfield-1","name":"Kalundborg Airfield (#1)","type":"airport","city":"","country":"DK","feedUrl":"https://www.pfg.dk/webcam","playerUrl":"","streamUrl":"","feedType":"iframe","source":"opencctv_airportwebcams","directEligible":true,"updateRate":30000}},{"type":"Feature","geometry":{"type":"Point","coordinates":[-156.67,20.96]},"properties":{"id":"opencctv_airportwebcams_airportwebcams-kapalua-airport-1","name":"Kapalua Airport","type":"airport","city":"","country":"US","feedUrl":"https://weathercams.faa.gov/map/-156.6747,20.763,9/cameraSite/589/summary","playerUrl":"","streamUrl":"","feedType":"iframe","source":"opencctv_airportwebcams","directEligible":false,"updateRate":30000}},{"type":"Feature","geometry":{"type":"Point","coordinates":[9.03,53.33]},"properties":{"id":"opencctv_airportwebcams_airportwebcams-karlshofen-airfield-1","name":"Karlshofen Airfield","type":"airport","city":"","country":"DE","feedUrl":"https://www.edwk.de/index.php/webcam.html","playerUrl":"","streamUrl":"","feedType":"iframe","source":"opencctv_airportwebcams","directEligible":true,"updateRate":30000}},{"type":"Feature","geometry":{"type":"Point","coordinates":[9.79,49.97]},"properties":{"id":"opencctv_airportwebcams_airportwebcams-karlstadt-saupurzel-airfield-1","name":"Karlstadt Saupurzel Airfield","type":"airport","city":"","country":"DE","feedUrl":"https://cms.lsck.de/index.php/unser-platz/webcam","playerUrl":"","streamUrl":"","feedType":"iframe","source":"opencctv_airportwebcams","directEligible":true,"updateRate":30000}},{"type":"Feature","geometry":{"type":"Point","coordinates":[9.39,51.42]},"properties":{"id":"opencctv_airportwebcams_airportwebcams-kassel-calden-airport-1","name":"Kassel Calden Airport","type":"airport","city":"","country":"DE","feedUrl":"https://www.ultraleicht.de/webcams-alle.html","playerUrl":"","streamUrl":"","feedType":"iframe","source":"opencctv_airportwebcams","directEligible":true,"updateRate":30000}},{"type":"Feature","geometry":{"type":"Point","coordinates":[19.03,50.24]},"properties":{"id":"opencctv_airportwebcams_airportwebcams-katowice-muchowiec-airport-1","name":"Katowice Muchowiec Airport","type":"airport","city":"","country":"PL","feedUrl":"https://aero.webcam/cam/epkm1.jpg","playerUrl":"","streamUrl":"","feedType":"image","source":"opencctv_airportwebcams","directEligible":true,"updateRate":60000}},{"type":"Feature","geometry":{"type":"Point","coordinates":[-104.64,39.22]},"properties":{"id":"opencctv_airportwebcams_airportwebcams-kelly-airpark-1","name":"Kelly Airpark (MNH)","type":"airport","city":"","country":"US","feedUrl":"https://weathercams.faa.gov/map/-107.25567,38.07708,-102.02893,39.95692/cameraSite/80/summary","playerUrl":"","streamUrl":"","feedType":"iframe","source":"opencctv_airportwebcams","directEligible":false,"updateRate":30000}},{"type":"Feature","geometry":{"type":"Point","coordinates":[10.34,47.69]},"properties":{"id":"opencctv_airportwebcams_airportwebcams-kempten-durach-airport-1","name":"Kempten Durach Airport (#1)","type":"airport","city":"","country":"DE","feedUrl":"https://www.edmk.de/webcam/webcam-gruenten.jpg","playerUrl":"","streamUrl":"","feedType":"image","source":"opencctv_airportwebcams","directEligible":true,"updateRate":60000}},{"type":"Feature","geometry":{"type":"Point","coordinates":[-151.25,60.57]},"properties":{"id":"opencctv_airportwebcams_airportwebcams-kenai-municipal-airport-1","name":"Kenai Municipal Airport","type":"airport","city":"","country":"US","feedUrl":"https://weathercams.faa.gov/map/-153.85342,59.7664,-148.62668,60.96276/cameraSite/447/summary","playerUrl":"","streamUrl":"","feedType":"iframe","source":"opencctv_airportwebcams","directEligible":false,"updateRate":30000}},{"type":"Feature","geometry":{"type":"Point","coordinates":[-131.71,55.36]},"properties":{"id":"opencctv_airportwebcams_airportwebcams-ketchikan-airport-2","name":"Ketchikan Airport (#2)","type":"airport","city":"","country":"US","feedUrl":"https://weathercams.faa.gov/map/-134.32274,54.45961,-129.096,55.84212/cameraSite/117/summary","playerUrl":"","streamUrl":"","feedType":"iframe","source":"opencctv_airportwebcams","directEligible":false,"updateRate":30000}},{"type":"Feature","geometry":{"type":"Point","coordinates":[-81.76,24.56]},"properties":{"id":"opencctv_airportwebcams_airportwebcams-key-west-airport-1","name":"Key West Airport (EYW) (#1)","type":"airport","city":"","country":"US","feedUrl":"https://livestream.weatherstem.com/8ccaedfc2e79c62b578b6bf339920f40.mjpg?token=5100be11052cdb16190636889147b7e0","playerUrl":"","streamUrl":"","feedType":"mjpeg","source":"opencctv_airportwebcams","directEligible":false,"updateRate":30000}},{"type":"Feature","geometry":{"type":"Point","coordinates":[-81.76,24.56]},"properties":{"id":"opencctv_airportwebcams_airportwebcams-key-west-airport-3","name":"Key West Airport (EYW) (#3)","type":"airport","city":"","country":"US","feedUrl":"https://monroe.weatherstem.com/kwhs#","playerUrl":"","streamUrl":"","feedType":"iframe","source":"opencctv_airportwebcams","directEligible":true,"updateRate":30000}},{"type":"Feature","geometry":{"type":"Point","coordinates":[20.73,50.9]},"properties":{"id":"opencctv_airportwebcams_airportwebcams-kielce-maslow-airport-1","name":"Kielce Maslow Airport","type":"airport","city":"","country":"PL","feedUrl":"https://aero.webcam/cam/epka1.jpg","playerUrl":"","streamUrl":"","feedType":"image","source":"opencctv_airportwebcams","directEligible":true,"updateRate":60000}},{"type":"Feature","geometry":{"type":"Point","coordinates":[20.73,50.9]},"properties":{"id":"opencctv_airportwebcams_airportwebcams-kielce-maslow-airport-2","name":"Kielce Maslow Airport (#2)","type":"airport","city":"","country":"PL","feedUrl":"https://aero.webcam/cam/epka2.jpg","playerUrl":"","streamUrl":"","feedType":"image","source":"opencctv_airportwebcams","directEligible":true,"updateRate":60000}},{"type":"Feature","geometry":{"type":"Point","coordinates":[-97.0,46.65]},"properties":{"id":"opencctv_airportwebcams_airportwebcams-kindred-airport-1","name":"Kindred Airport","type":"airport","city":"","country":"US","feedUrl":"https://weathercams.faa.gov/map/-99.64256,45.61071,-94.36912,47.276/cameraSite/974/summary","playerUrl":"","streamUrl":"","feedType":"iframe","source":"opencctv_airportwebcams","directEligible":false,"updateRate":30000}},{"type":"Feature","geometry":{"type":"Point","coordinates":[-162.27,55.12]},"properties":{"id":"opencctv_airportwebcams_airportwebcams-king-cove-airport-1","name":"King Cove Airport","type":"airport","city":"","country":"US","feedUrl":"https://weathercams.faa.gov/map/-164.90752,54.19939,-159.63408,55.61713/cameraSite/17/summary","playerUrl":"","streamUrl":"","feedType":"iframe","source":"opencctv_airportwebcams","directEligible":false,"updateRate":30000}},{"type":"Feature","geometry":{"type":"Point","coordinates":[-156.65,58.67]},"properties":{"id":"opencctv_airportwebcams_airportwebcams-king-salmon-airport-1","name":"King Salmon Airport","type":"airport","city":"","country":"US","feedUrl":"https://weathercams.faa.gov/map/-159.26907,57.83831,-154.04233,59.1035/cameraSite/116/summary","playerUrl":"","streamUrl":"","feedType":"iframe","source":"opencctv_airportwebcams","directEligible":false,"updateRate":30000}},{"type":"Feature","geometry":{"type":"Point","coordinates":[-164.03,59.93]},"properties":{"id":"opencctv_airportwebcams_airportwebcams-kipnuk-airport-1","name":"Kipnuk Airport","type":"airport","city":"","country":"US","feedUrl":"https://weathercams.faa.gov/map/-166.6445,59.11873,-161.41776,60.33835/cameraSite/422/summary","playerUrl":"","streamUrl":"","feedType":"iframe","source":"opencctv_airportwebcams","directEligible":false,"updateRate":30000}},{"type":"Feature","geometry":{"type":"Point","coordinates":[-102.29,39.24]},"properties":{"id":"opencctv_airportwebcams_airportwebcams-kit-carson-county-airport-1","name":"Kit Carson County Airport (ITR)","type":"airport","city":"","country":"US","feedUrl":"https://weathercams.faa.gov/map/-102.28337,39.043977,9/cameraSite/572/summary","playerUrl":"","streamUrl":"","feedType":"iframe","source":"opencctv_airportwebcams","directEligible":false,"updateRate":30000}},{"type":"Feature","geometry":{"type":"Point","coordinates":[11.04,59.97]},"properties":{"id":"opencctv_airportwebcams_airportwebcams-kjeller-airport-1","name":"Kjeller Airport (#1)","type":"airport","city":"","country":"NO","feedUrl":"https://kjellerflyplass.no/?page_id=38","playerUrl":"","streamUrl":"","feedType":"iframe","source":"opencctv_airportwebcams","directEligible":true,"updateRate":30000}},{"type":"Feature","geometry":{"type":"Point","coordinates":[11.04,59.97]},"properties":{"id":"opencctv_airportwebcams_airportwebcams-kjeller-airport-2","name":"Kjeller Airport (#2)","type":"airport","city":"","country":"NO","feedUrl":"https://webkamera.nrfk.org/","playerUrl":"","streamUrl":"","feedType":"iframe","source":"opencctv_airportwebcams","directEligible":true,"updateRate":30000}},{"type":"Feature","geometry":{"type":"Point","coordinates":[13.32,49.42]},"properties":{"id":"opencctv_airportwebcams_airportwebcams-klatovy-airfield-1","name":"Klatovy Airfield","type":"airport","city":"","country":"CZ","feedUrl":"https://www.lkkt.cz/","playerUrl":"","streamUrl":"","feedType":"iframe","source":"opencctv_airportwebcams","directEligible":true,"updateRate":30000}},{"type":"Feature","geometry":{"type":"Point","coordinates":[-133.08,55.58]},"properties":{"id":"opencctv_airportwebcams_airportwebcams-klawock-airport-1","name":"Klawock Airport","type":"airport","city":"","country":"US","feedUrl":"https://weathercams.faa.gov/map/-135.68445,54.68579,-130.45771,56.06058/cameraSite/25/summary","playerUrl":"","streamUrl":"","feedType":"iframe","source":"opencctv_airportwebcams","directEligible":false,"updateRate":30000}},{"type":"Feature","geometry":{"type":"Point","coordinates":[-69.1,44.06]},"properties":{"id":"opencctv_airportwebcams_airportwebcams-knox-county-regional-airport-1","name":"Knox County Regional Airport (RKD)","type":"airport","city":"","country":"US","feedUrl":"https://weathercams.faa.gov/map/-69.093735,43.86297,9/cameraSite/626/summary","playerUrl":"","streamUrl":"","feedType":"iframe","source":"opencctv_airportwebcams","directEligible":false,"updateRate":30000}},{"type":"Feature","geometry":{"type":"Point","coordinates":[-152.5,57.75]},"properties":{"id":"opencctv_airportwebcams_airportwebcams-kodiak-airport-1","name":"Kodiak Airport","type":"airport","city":"","country":"US","feedUrl":"https://weathercams.faa.gov/map/-155.10597,56.89209,-149.87923,58.19058/cameraSite/417/summary","playerUrl":"","streamUrl":"","feedType":"iframe","source":"opencctv_airportwebcams","directEligible":false,"updateRate":30000}},{"type":"Feature","geometry":{"type":"Point","coordinates":[-157.26,59.73]},"properties":{"id":"opencctv_airportwebcams_airportwebcams-koliganek-airport-1","name":"Koliganek Airport","type":"airport","city":"","country":"US","feedUrl":"https://weathercams.faa.gov/map/-157.26688,59.526306999999996,9/cameraSite/22/summary","playerUrl":"","streamUrl":"","feedType":"iframe","source":"opencctv_airportwebcams","directEligible":false,"updateRate":30000}},{"type":"Feature","geometry":{"type":"Point","coordinates":[136.34,36.4]},"properties":{"id":"opencctv_airportwebcams_airportwebcams-komatsu-airport-2","name":"Komatsu Airport (#2)","type":"airport","city":"","country":"JP","feedUrl":"https://www.city.komatsu.lg.jp/section/webcamera/kanko/public.html","playerUrl":"","streamUrl":"","feedType":"iframe","source":"opencctv_airportwebcams","directEligible":true,"updateRate":30000}},{"type":"Feature","geometry":{"type":"Point","coordinates":[11.46,47.83]},"properties":{"id":"opencctv_airportwebcams_airportwebcams-konigsdorf-airfield-1","name":"Konigsdorf Airfield (#1)","type":"airport","city":"","country":"DE","feedUrl":"https://webcam.fliegerinfo.de/webcam/kdf.jpg","playerUrl":"","streamUrl":"","feedType":"image","source":"opencctv_airportwebcams","directEligible":false,"updateRate":60000}},{"type":"Feature","geometry":{"type":"Point","coordinates":[11.46,47.83]},"properties":{"id":"opencctv_airportwebcams_airportwebcams-konigsdorf-airfield-2","name":"Konigsdorf Airfield (#2)","type":"airport","city":"","country":"DE","feedUrl":"https://webcam.fliegerinfo.de/webcam/kdf2.jpg","playerUrl":"","streamUrl":"","feedType":"image","source":"opencctv_airportwebcams","directEligible":false,"updateRate":60000}},{"type":"Feature","geometry":{"type":"Point","coordinates":[11.46,47.83]},"properties":{"id":"opencctv_airportwebcams_airportwebcams-konigsdorf-airfield-4","name":"Konigsdorf Airfield (#4)","type":"airport","city":"","country":"DE","feedUrl":"https://webcam.segelfluggruppe-isartal.de/","playerUrl":"","streamUrl":"","feedType":"iframe","source":"opencctv_airportwebcams","directEligible":true,"updateRate":30000}},{"type":"Feature","geometry":{"type":"Point","coordinates":[9.13,47.68]},"properties":{"id":"opencctv_airportwebcams_airportwebcams-konstanz-airport-1","name":"Konstanz Airport","type":"airport","city":"","country":"DE","feedUrl":"https://www.flugplatz-konstanz.de/","playerUrl":"","streamUrl":"","feedType":"iframe","source":"opencctv_airportwebcams","directEligible":true,"updateRate":30000}},{"type":"Feature","geometry":{"type":"Point","coordinates":[6.54,49.68]},"properties":{"id":"opencctv_airportwebcams_airportwebcams-konz-konen-airfield-1","name":"Konz Konen Airfield","type":"airport","city":"","country":"FR","feedUrl":"https://www.ac-trier-konz.de/webcam/","playerUrl":"","streamUrl":"","feedType":"iframe","source":"opencctv_airportwebcams","directEligible":true,"updateRate":30000}},{"type":"Feature","geometry":{"type":"Point","coordinates":[-163.53,63.03]},"properties":{"id":"opencctv_airportwebcams_airportwebcams-kotlik-airport-1","name":"Kotlik Airport","type":"airport","city":"","country":"US","feedUrl":"https://weathercams.faa.gov/map/-166.1456,62.27793,-160.91886,63.3827/cameraSite/207/summary","playerUrl":"","streamUrl":"","feedType":"iframe","source":"opencctv_airportwebcams","directEligible":false,"updateRate":30000}},{"type":"Feature","geometry":{"type":"Point","coordinates":[-162.59,66.89]},"properties":{"id":"opencctv_airportwebcams_airportwebcams-kotzebue-airport-1","name":"Kotzebue Airport","type":"airport","city":"","country":"US","feedUrl":"https://weathercams.faa.gov/map/-165.21953,66.20807,-159.99279,67.16557/cameraSite/217/summary","playerUrl":"","streamUrl":"","feedType":"iframe","source":"opencctv_airportwebcams","directEligible":false,"updateRate":30000}},{"type":"Feature","geometry":{"type":"Point","coordinates":[-161.15,64.94]},"properties":{"id":"opencctv_airportwebcams_airportwebcams-koyuk-airport-1","name":"Koyuk Airport","type":"airport","city":"","country":"US","feedUrl":"https://weathercams.faa.gov/map/-161.16278,64.73553,9/cameraSite/9/summary","playerUrl":"","streamUrl":"","feedType":"iframe","source":"opencctv_airportwebcams","directEligible":false,"updateRate":30000}},{"type":"Feature","geometry":{"type":"Point","coordinates":[-157.73,64.87]},"properties":{"id":"opencctv_airportwebcams_airportwebcams-koyukuk-airport-1","name":"Koyukuk Airport","type":"airport","city":"","country":"US","feedUrl":"https://weathercams.faa.gov/map/-159.03676,64.42002,-156.40004,64.93688/cameraSite/823/summary","playerUrl":"","streamUrl":"","feedType":"iframe","source":"opencctv_airportwebcams","directEligible":false,"updateRate":30000}},{"type":"Feature","geometry":{"type":"Point","coordinates":[16.12,49.37]},"properties":{"id":"opencctv_airportwebcams_airportwebcams-krizanov-airfield-1","name":"Krizanov Airfield","type":"airport","city":"","country":"CZ","feedUrl":"https://www.lkka.cz/kamery.htm","playerUrl":"","streamUrl":"","feedType":"iframe","source":"opencctv_airportwebcams","directEligible":true,"updateRate":30000}},{"type":"Feature","geometry":{"type":"Point","coordinates":[3.15,50.85]},"properties":{"id":"opencctv_airportwebcams_airportwebcams-moorsele-airfield-1","name":"Moorsele Airfield","type":"airport","city":"","country":"BE","feedUrl":"https://www.vliegclubmoorsele.be/webcam_ebmo/","playerUrl":"","streamUrl":"","feedType":"iframe","source":"opencctv_airportwebcams","directEligible":true,"updateRate":30000}},{"type":"Feature","geometry":{"type":"Point","coordinates":[-105.39,50.43]},"properties":{"id":"opencctv_airportwebcams_airportwebcams-moose-jaw-municipal-airport-1","name":"Moose Jaw Municipal Airport","type":"airport","city":"","country":"CA","feedUrl":"https://www.saywxair.com/airport/CJS4","playerUrl":"","streamUrl":"","feedType":"iframe","source":"opencctv_airportwebcams","directEligible":true,"updateRate":30000}},{"type":"Feature","geometry":{"type":"Point","coordinates":[5.45,45.69]},"properties":{"id":"opencctv_airportwebcams_airportwebcams-morestel-airfield-1","name":"Morestel Airfield","type":"airport","city":"","country":"FR","feedUrl":"https://www.aeromorestel.com/","playerUrl":"","streamUrl":"","feedType":"iframe","source":"opencctv_airportwebcams","directEligible":true,"updateRate":30000}},{"type":"Feature","geometry":{"type":"Point","coordinates":[-106.0,34.98]},"properties":{"id":"opencctv_airportwebcams_airportwebcams-moriarty-airport-1","name":"Moriarty Airport","type":"airport","city":"","country":"US","feedUrl":"https://old.abqsoaring.org/webcam/","playerUrl":"","streamUrl":"","feedType":"iframe","source":"opencctv_airportwebcams","directEligible":false,"updateRate":30000}},{"type":"Feature","geometry":{"type":"Point","coordinates":[-3.82,48.6]},"properties":{"id":"opencctv_airportwebcams_airportwebcams-morlaix-ploujean-airport-1","name":"Morlaix Ploujean Airport (#1)","type":"airport","city":"","country":"FR","feedUrl":"https://cam-aero.eu/raspicamaero/LFRU_TourMorlaix/img","playerUrl":"","streamUrl":"","feedType":"iframe","source":"opencctv_airportwebcams","directEligible":false,"updateRate":30000}},{"type":"Feature","geometry":{"type":"Point","coordinates":[-3.82,48.6]},"properties":{"id":"opencctv_airportwebcams_airportwebcams-morlaix-ploujean-airport-2","name":"Morlaix Ploujean Airport (#2)","type":"airport","city":"","country":"FR","feedUrl":"https://cam-aero.eu/raspicamaero/LFRU_TourMorlaix2/img","playerUrl":"","streamUrl":"","feedType":"iframe","source":"opencctv_airportwebcams","directEligible":false,"updateRate":30000}},{"type":"Feature","geometry":{"type":"Point","coordinates":[9.12,49.4]},"properties":{"id":"opencctv_airportwebcams_airportwebcams-mosbach-lohrbach-airfield-1","name":"Mosbach Lohrbach Airfield","type":"airport","city":"","country":"DE","feedUrl":"https://service.lufft.de/lufftsv/0000000006/index.html","playerUrl":"","streamUrl":"","feedType":"iframe","source":"opencctv_airportwebcams","directEligible":true,"updateRate":30000}},{"type":"Feature","geometry":{"type":"Point","coordinates":[13.68,50.52]},"properties":{"id":"opencctv_airportwebcams_airportwebcams-most-airpot-1","name":"Most Airport (#1)","type":"airport","city":"","country":"CZ","feedUrl":"https://letistemost.cz/webcam/webcam.jpg?1630417499447","playerUrl":"","streamUrl":"","feedType":"image","source":"opencctv_airportwebcams","directEligible":true,"updateRate":60000}},{"type":"Feature","geometry":{"type":"Point","coordinates":[13.68,50.52]},"properties":{"id":"opencctv_airportwebcams_airportwebcams-most-airpot-2","name":"Most Airport (#2)","type":"airport","city":"","country":"CZ","feedUrl":"https://letistemost.cz/webkamera/","playerUrl":"","streamUrl":"","feedType":"iframe","source":"opencctv_airportwebcams","directEligible":true,"updateRate":30000}},{"type":"Feature","geometry":{"type":"Point","coordinates":[3.42,46.53]},"properties":{"id":"opencctv_airportwebcams_airportwebcams-moulins-montbeugny-airport-2","name":"Moulins (#2)","type":"airport","city":"","country":"FR","feedUrl":"https://pv.viewsurf.com/2090/Aerodrome-de-Montbeugny","playerUrl":"","streamUrl":"","feedType":"iframe","source":"opencctv_airportwebcams","directEligible":true,"updateRate":30000}},{"type":"Feature","geometry":{"type":"Point","coordinates":[-163.68,62.1]},"properties":{"id":"opencctv_airportwebcams_airportwebcams-mountain-village-airport-1","name":"Mountain Village Airport","type":"airport","city":"","country":"US","feedUrl":"https://weathercams.faa.gov/map/-166.29957,61.31951,-161.07283,62.45948/cameraSite/437/summary","playerUrl":"","streamUrl":"","feedType":"iframe","source":"opencctv_airportwebcams","directEligible":false,"updateRate":30000}},{"type":"Feature","geometry":{"type":"Point","coordinates":[21.32,53.82]},"properties":{"id":"opencctv_airportwebcams_airportwebcams-mragowo-airfield-2","name":"Mragowo Airfield (#2)","type":"airport","city":"","country":"PL","feedUrl":"https://aero.webcam/cam/epmg1.jpg","playerUrl":"","streamUrl":"","feedType":"image","source":"opencctv_airportwebcams","directEligible":true,"updateRate":60000}},{"type":"Feature","geometry":{"type":"Point","coordinates":[21.32,53.82]},"properties":{"id":"opencctv_airportwebcams_airportwebcams-mragowo-airfield-3","name":"Mragowo Airfield (#3)","type":"airport","city":"","country":"PL","feedUrl":"https://aero.webcam/cam/epmg3.jpg","playerUrl":"","streamUrl":"","feedType":"image","source":"opencctv_airportwebcams","directEligible":true,"updateRate":60000}},{"type":"Feature","geometry":{"type":"Point","coordinates":[34.8,1.21]},"properties":{"id":"opencctv_airportwebcams_airportwebcams-mt-elgon-airport-1","name":"Mt Elgon Airport (#1)","type":"airport","city":"","country":"KE","feedUrl":"https://webcams.aeroclubea.com/Western/western_MtElgonSE.html","playerUrl":"","streamUrl":"","feedType":"iframe","source":"opencctv_airportwebcams","directEligible":true,"updateRate":30000}},{"type":"Feature","geometry":{"type":"Point","coordinates":[34.8,1.21]},"properties":{"id":"opencctv_airportwebcams_airportwebcams-mt-elgon-airport-2","name":"Mt Elgon Airport (#2)","type":"airport","city":"","country":"KE","feedUrl":"https://kenyawebcam.com/webcams/Western/western_MtElgonSE.html","playerUrl":"","streamUrl":"","feedType":"iframe","source":"opencctv_airportwebcams","directEligible":true,"updateRate":30000}},{"type":"Feature","geometry":{"type":"Point","coordinates":[12.5,48.28]},"properties":{"id":"opencctv_airportwebcams_airportwebcams-muhldorf-airfield-1","name":"Muhldorf Airfield","type":"airport","city":"","country":"DE","feedUrl":"https://www.fliegerclub-muehldorf.de/unser-Flugplatz/Webcam/","playerUrl":"","streamUrl":"","feedType":"iframe","source":"opencctv_airportwebcams","directEligible":true,"updateRate":30000}},{"type":"Feature","geometry":{"type":"Point","coordinates":[7.43,47.74]},"properties":{"id":"opencctv_airportwebcams_airportwebcams-mulhouse-habsheim-airfield-1","name":"Mulhouse Habsheim Airfield (#1)","type":"airport","city":"","country":"FR","feedUrl":"https://www.achr.asso.fr/webcam/index.php","playerUrl":"","streamUrl":"","feedType":"iframe","source":"opencctv_airportwebcams","directEligible":true,"updateRate":30000}},{"type":"Feature","geometry":{"type":"Point","coordinates":[9.44,48.41]},"properties":{"id":"opencctv_airportwebcams_airportwebcams-munsingen-eisberg-airfield-1","name":"Munsingen Eisberg Airfield (#1)","type":"airport","city":"","country":"FR","feedUrl":"https://www.luftsportverein-muensingen.de/webcam/images/6D01191PAG42FE8/Snapshot/webcamost.jpg?","playerUrl":"","streamUrl":"","feedType":"image","source":"opencctv_airportwebcams","directEligible":true,"updateRate":60000}},{"type":"Feature","geometry":{"type":"Point","coordinates":[9.44,48.41]},"properties":{"id":"opencctv_airportwebcams_airportwebcams-munsingen-eisberg-airfield-2","name":"Munsingen Eisberg Airfield (#2)","type":"airport","city":"","country":"FR","feedUrl":"https://www.luftsportverein-muensingen.de/webcam/images/6D01191PAG58813/Snapshot/webcamwest.jpg?17:57","playerUrl":"","streamUrl":"","feedType":"image","source":"opencctv_airportwebcams","directEligible":true,"updateRate":60000}},{"type":"Feature","geometry":{"type":"Point","coordinates":[9.44,48.41]},"properties":{"id":"opencctv_airportwebcams_airportwebcams-munsingen-eisberg-airfield-3","name":"Munsingen Eisberg Airfield (#3)","type":"airport","city":"","country":"FR","feedUrl":"https://www.lsv-muensingen.de/home","playerUrl":"","streamUrl":"","feedType":"iframe","source":"opencctv_airportwebcams","directEligible":true,"updateRate":30000}},{"type":"Feature","geometry":{"type":"Point","coordinates":[7.77,51.94]},"properties":{"id":"opencctv_airportwebcams_airportwebcams-munster-telgte-airfield-1","name":"Munster Telgte Airfield (#1)","type":"airport","city":"","country":"DE","feedUrl":"https://webcam.flugplatz-muenster-telgte.de:8443/piste-28-snapshot.jpg","playerUrl":"","streamUrl":"","feedType":"image","source":"opencctv_airportwebcams","directEligible":true,"updateRate":60000}},{"type":"Feature","geometry":{"type":"Point","coordinates":[7.77,51.94]},"properties":{"id":"opencctv_airportwebcams_airportwebcams-munster-telgte-airfield-2","name":"Munster Telgte Airfield (#2)","type":"airport","city":"","country":"DE","feedUrl":"https://webcam.flugplatz-muenster-telgte.de:8443/piste-10-snapshot.jpg?t=1744135176740","playerUrl":"","streamUrl":"","feedType":"image","source":"opencctv_airportwebcams","directEligible":true,"updateRate":60000}},{"type":"Feature","geometry":{"type":"Point","coordinates":[11.22,47.67]},"properties":{"id":"opencctv_airportwebcams_airportwebcams-murnau-hospital-helipad-1","name":"Murnau Hospital Helipad","type":"airport","city":"","country":"DE","feedUrl":"https://www.bg-kliniken.de/unfallklinik-murnau/fachbereiche/detail/webcam/","playerUrl":"","streamUrl":"","feedType":"iframe","source":"opencctv_airportwebcams","directEligible":true,"updateRate":30000}},{"type":"Feature","geometry":{"type":"Point","coordinates":[139.23,-35.07]},"properties":{"id":"opencctv_airportwebcams_airportwebcams-murray-bridge-airport-3","name":"Murray Bridge Airport (#3)","type":"airport","city":"","country":"AU","feedUrl":"https://auswebcams.com/YMBD/","playerUrl":"","streamUrl":"","feedType":"iframe","source":"opencctv_airportwebcams","directEligible":false,"updateRate":30000}},{"type":"Feature","geometry":{"type":"Point","coordinates":[153.41,-28.33]},"properties":{"id":"opencctv_airportwebcams_airportwebcams-murwillumbah-airport-3","name":"Murwillumbah Airport (#3)","type":"airport","city":"","country":"AU","feedUrl":"https://auswebcams.com/YMUR/","playerUrl":"","streamUrl":"","feedType":"iframe","source":"opencctv_airportwebcams","directEligible":false,"updateRate":30000}},{"type":"Feature","geometry":{"type":"Point","coordinates":[-78.93,33.68]},"properties":{"id":"opencctv_airportwebcams_airportwebcams-myrtle-beach-airport-1","name":"Myrtle Beach Airport (MYR) (#1)","type":"airport","city":"","country":"US","feedUrl":"https://horry.weatherstem.com/skycamera/horry/wfxb/cumulus/snapshot.jpg","playerUrl":"","streamUrl":"","feedType":"image","source":"opencctv_airportwebcams","directEligible":true,"updateRate":60000}},{"type":"Feature","geometry":{"type":"Point","coordinates":[127.64,26.19]},"properties":{"id":"opencctv_airportwebcams_airportwebcams-naha-airport-2","name":"Naha Airport (#2)","type":"airport","city":"","country":"JP","feedUrl":"https://weather.jal.co.jp/livecam/spot.html?camid=410000154","playerUrl":"","streamUrl":"","feedType":"iframe","source":"opencctv_airportwebcams","directEligible":true,"updateRate":30000}},{"type":"Feature","geometry":{"type":"Point","coordinates":[144.96,43.58]},"properties":{"id":"opencctv_airportwebcams_airportwebcams-nakashibetsu-airport-1","name":"Nakashibetsu Airport (#1)","type":"airport","city":"","country":"JP","feedUrl":"https://www.nakashibetsu-airport.jp/webcam/","playerUrl":"","streamUrl":"","feedType":"iframe","source":"opencctv_airportwebcams","directEligible":true,"updateRate":30000}},{"type":"Feature","geometry":{"type":"Point","coordinates":[144.96,43.58]},"properties":{"id":"opencctv_airportwebcams_airportwebcams-nakashibetsu-airport-2","name":"Nakashibetsu Airport (#2)","type":"airport","city":"","country":"JP","feedUrl":"http://shbairport.aa1.netvolante.jp:93/mjpg/1/video.mjpg","playerUrl":"","streamUrl":"","feedType":"mjpeg","source":"opencctv_airportwebcams","directEligible":true,"updateRate":30000}},{"type":"Feature","geometry":{"type":"Point","coordinates":[4.77,50.49]},"properties":{"id":"opencctv_airportwebcams_airportwebcams-namur-suarlee-airfield-1","name":"Namur Suarlee Airfield (#1)","type":"airport","city":"","country":"BE","feedUrl":"https://www.aerodromedenamur.be/webcam/","playerUrl":"","streamUrl":"","feedType":"iframe","source":"opencctv_airportwebcams","directEligible":true,"updateRate":30000}},{"type":"Feature","geometry":{"type":"Point","coordinates":[6.23,48.69]},"properties":{"id":"opencctv_airportwebcams_airportwebcams-nancy-essey-airport-1","name":"Nancy Essey Airport","type":"airport","city":"","country":"FR","feedUrl":"https://cam-aero.eu/raspicamaero/LFSN_LesAilesNanceiennes/img","playerUrl":"","streamUrl":"","feedType":"iframe","source":"opencctv_airportwebcams","directEligible":false,"updateRate":30000}},{"type":"Feature","geometry":{"type":"Point","coordinates":[6.21,48.72]},"properties":{"id":"opencctv_airportwebcams_airportwebcams-nancy-malzeville-airport-1","name":"Nancy Malzeville Airport","type":"airport","city":"","country":"FR","feedUrl":"https://cam-aero.eu/raspicamaero/LFEZ_AeroClubMarieMarvingt/img","playerUrl":"","streamUrl":"","feedType":"iframe","source":"opencctv_airportwebcams","directEligible":false,"updateRate":30000}},{"type":"Feature","geometry":{"type":"Point","coordinates":[3.01,48.59]},"properties":{"id":"opencctv_airportwebcams_airportwebcams-nangis-les-loges-airport-1","name":"Nangis Les Loges Airport (#1)","type":"airport","city":"","country":"FR","feedUrl":"https://cam-aero.eu/raspicamaero/LFAI_AeroclubMarcelDassault/img","playerUrl":"","streamUrl":"","feedType":"iframe","source":"opencctv_airportwebcams","directEligible":false,"updateRate":30000}},{"type":"Feature","geometry":{"type":"Point","coordinates":[3.01,48.59]},"properties":{"id":"opencctv_airportwebcams_airportwebcams-nangis-les-loges-airport-2","name":"Nangis Les Loges Airport (#2)","type":"airport","city":"","country":"FR","feedUrl":"https://cam-aero.eu/raspicamaero/LFAI_AeroclubMarcelDassault2/img","playerUrl":"","streamUrl":"","feedType":"iframe","source":"opencctv_airportwebcams","directEligible":false,"updateRate":30000}},{"type":"Feature","geometry":{"type":"Point","coordinates":[-151.93,59.35]},"properties":{"id":"opencctv_airportwebcams_airportwebcams-nanwalek-airfield-1","name":"Nanwalek Airfield","type":"airport","city":"","country":"US","feedUrl":"https://weathercams.faa.gov/map/-154.53416,58.52849,-149.30742,59.7692/cameraSite/221/summary","playerUrl":"","streamUrl":"","feedType":"iframe","source":"opencctv_airportwebcams","directEligible":false,"updateRate":30000}},{"type":"Feature","geometry":{"type":"Point","coordinates":[-161.98,60.69]},"properties":{"id":"opencctv_airportwebcams_airportwebcams-napakiak-airport-1","name":"Napakiak Airport","type":"airport","city":"","country":"US","feedUrl":"https://weathercams.faa.gov/map/-164.59031,59.89138,-159.36357,61.08323/cameraSite/241/summary","playerUrl":"","streamUrl":"","feedType":"iframe","source":"opencctv_airportwebcams","directEligible":false,"updateRate":30000}},{"type":"Feature","geometry":{"type":"Point","coordinates":[140.73,-36.98]},"properties":{"id":"opencctv_airportwebcams_airportwebcams-naracoorte-airport-2","name":"Naracoorte Airport (#2)","type":"airport","city":"","country":"AU","feedUrl":"https://auswebcams.com/YNRC/","playerUrl":"","streamUrl":"","feedType":"iframe","source":"opencctv_airportwebcams","directEligible":false,"updateRate":30000}},{"type":"Feature","geometry":{"type":"Point","coordinates":[148.23,-32.22]},"properties":{"id":"opencctv_airportwebcams_airportwebcams-narromine-airport-1","name":"Narromine Airport (#1)","type":"airport","city":"","country":"AU","feedUrl":"https://www.narromineglidingclub.com.au/NGC_Webcam.html","playerUrl":"","streamUrl":"","feedType":"iframe","source":"opencctv_airportwebcams","directEligible":true,"updateRate":30000}},{"type":"Feature","geometry":{"type":"Point","coordinates":[148.23,-32.22]},"properties":{"id":"opencctv_airportwebcams_airportwebcams-narromine-airport-4","name":"Narromine Airport (#4)","type":"airport","city":"","country":"AU","feedUrl":"https://auswebcams.com/YNRM/","playerUrl":"","streamUrl":"","feedType":"iframe","source":"opencctv_airportwebcams","directEligible":false,"updateRate":30000}},{"type":"Feature","geometry":{"type":"Point","coordinates":[-117.21,32.7]},"properties":{"id":"opencctv_airportwebcams_airportwebcams-nas-north-island-air-base-4","name":"NAS North Island Air Base (NZY) (#4)","type":"airport","city":"","country":"US","feedUrl":"https://www.ipcamlive.com/player/player.php?alias=6183ebf49a06f","playerUrl":"","streamUrl":"","feedType":"iframe","source":"opencctv_airportwebcams","directEligible":true,"updateRate":30000}},{"type":"Feature","geometry":{"type":"Point","coordinates":[-161.16,56.01]},"properties":{"id":"opencctv_airportwebcams_airportwebcams-nelson-lagoon-airport-1","name":"Nelson Lagoon Airport","type":"airport","city":"","country":"US","feedUrl":"https://weathercams.faa.gov/map/-163.78553,55.12122,-158.55879,56.4811/cameraSite/10/summary","playerUrl":"","streamUrl":"","feedType":"iframe","source":"opencctv_airportwebcams","directEligible":false,"updateRate":30000}},{"type":"Feature","geometry":{"type":"Point","coordinates":[30.91,-25.5]},"properties":{"id":"opencctv_airportwebcams_airportwebcams-nelspruit-airport-1","name":"Nelspruit Airport","type":"airport","city":"","country":"ZA","feedUrl":"https://iweathar.co.za/cams/view_cam?s_id=916","playerUrl":"","streamUrl":"","feedType":"iframe","source":"opencctv_airportwebcams","directEligible":true,"updateRate":30000}},{"type":"Feature","geometry":{"type":"Point","coordinates":[-149.08,64.55]},"properties":{"id":"opencctv_airportwebcams_airportwebcams-nenana-airport-1","name":"Nenana Airport","type":"airport","city":"","country":"US","feedUrl":"https://weathercams.faa.gov/map/-151.69682,63.82099,-146.47008,64.86848/cameraSite/111/summary","playerUrl":"","streamUrl":"","feedType":"iframe","source":"opencctv_airportwebcams","directEligible":false,"updateRate":30000}},{"type":"Feature","geometry":{"type":"Point","coordinates":[141.66,42.79]},"properties":{"id":"opencctv_airportwebcams_airportwebcams-new-chitose-airport-3","name":"New Chitose/Sapporo Airport (#3)","type":"airport","city":"","country":"JP","feedUrl":"https://weather.jal.co.jp/livecam/spot.html?camid=410000156","playerUrl":"","streamUrl":"","feedType":"iframe","source":"opencctv_airportwebcams","directEligible":true,"updateRate":30000}},{"type":"Feature","geometry":{"type":"Point","coordinates":[-157.37,59.45]},"properties":{"id":"opencctv_airportwebcams_airportwebcams-new-stuyahok-airport-1","name":"New Stuyahok Airport","type":"airport","city":"","country":"US","feedUrl":"https://weathercams.faa.gov/map/-159.98237,58.63208,-154.75563,59.8691/cameraSite/21/summary","playerUrl":"","streamUrl":"","feedType":"iframe","source":"opencctv_airportwebcams","directEligible":false,"updateRate":30000}},{"type":"Feature","geometry":{"type":"Point","coordinates":[-164.64,60.94]},"properties":{"id":"opencctv_airportwebcams_airportwebcams-newtok-airport-1","name":"Newtok Airport","type":"airport","city":"","country":"US","feedUrl":"https://weathercams.faa.gov/map/-167.24477,60.14152,-162.01803,61.32433/cameraSite/135/summary","playerUrl":"","streamUrl":"","feedType":"iframe","source":"opencctv_airportwebcams","directEligible":false,"updateRate":30000}},{"type":"Feature","geometry":{"type":"Point","coordinates":[-70.25,45.63]},"properties":{"id":"opencctv_airportwebcams_airportwebcams-newton-field-airport-1","name":"Newton Field Airport (#1)","type":"airport","city":"","country":"US","feedUrl":"https://weathercams.faa.gov/map/-70.25037,45.432435,9/cameraSite/599/summary","playerUrl":"","streamUrl":"","feedType":"iframe","source":"opencctv_airportwebcams","directEligible":false,"updateRate":30000}},{"type":"Feature","geometry":{"type":"Point","coordinates":[14.007222,47.478944]},"properties":{"id":"opencctv_airportwebcams_airportwebcams-niederoblarn-airfield-1","name":"Niederoblarn Airfield (#1)","type":"airport","city":"","country":"AT","feedUrl":"https://www.alpenflugschule.at/webcam.htm#","playerUrl":"","streamUrl":"","feedType":"iframe","source":"opencctv_airportwebcams","directEligible":false,"updateRate":30000}},{"type":"Feature","geometry":{"type":"Point","coordinates":[-154.36,63.02]},"properties":{"id":"opencctv_airportwebcams_airportwebcams-nikolai-airport-1","name":"Nikolai Airport","type":"airport","city":"","country":"US","feedUrl":"https://weathercams.faa.gov/map/-156.98027,62.25753,-151.75353,63.36305/cameraSite/11/summary","playerUrl":"","streamUrl":"","feedType":"iframe","source":"opencctv_airportwebcams","directEligible":false,"updateRate":30000}},{"type":"Feature","geometry":{"type":"Point","coordinates":[-0.04,43.77]},"properties":{"id":"opencctv_airportwebcams_airportwebcams-nogaro-airport-1","name":"Nogaro Airport (#1)","type":"airport","city":"","country":"FR","feedUrl":"https://cam-aero.eu/raspicamaero/LFCN_Nogaro_Atelier/img","playerUrl":"","streamUrl":"","feedType":"iframe","source":"opencctv_airportwebcams","directEligible":false,"updateRate":30000}},{"type":"Feature","geometry":{"type":"Point","coordinates":[-70.48,44.15]},"properties":{"id":"opencctv_airportwebcams_airportwebcams-oxford-county-regional-airport-1","name":"Oxford County Regional Airport","type":"airport","city":"","country":"US","feedUrl":"https://weathercams.faa.gov/map/-73.11913,43.07994,-67.84569,44.81986/cameraSite/614/summary","playerUrl":"","streamUrl":"","feedType":"iframe","source":"opencctv_airportwebcams","directEligible":false,"updateRate":30000}},{"type":"Feature","geometry":{"type":"Point","coordinates":[11.54,44.47]},"properties":{"id":"opencctv_airportwebcams_airportwebcams-ozzano-emilia-airfield-1","name":"Ozzano Emilia Airfield","type":"airport","city":"","country":"IT","feedUrl":"https://www.flyozzano.com/popup_webcam.html","playerUrl":"","streamUrl":"","feedType":"iframe","source":"opencctv_airportwebcams","directEligible":true,"updateRate":30000}},{"type":"Feature","geometry":{"type":"Point","coordinates":[-149.09,61.6]},"properties":{"id":"opencctv_airportwebcams_airportwebcams-palmer-airport-1","name":"Palmer Airport","type":"airport","city":"","country":"US","feedUrl":"https://weathercams.faa.gov/map/-151.70807,60.81891,-146.48133,61.97714/cameraSite/96/summary","playerUrl":"","streamUrl":"","feedType":"iframe","source":"opencctv_airportwebcams","directEligible":false,"updateRate":30000}},{"type":"Feature","geometry":{"type":"Point","coordinates":[15.08,38.65]},"properties":{"id":"opencctv_airportwebcams_airportwebcams-panarea-heliport-1","name":"Panarea Heliport","type":"airport","city":"","country":"IT","feedUrl":"https://admin.meteobridge.com/cam/259f4129d7ef4a2873a14ed67cce86c9/camplus.jpg","playerUrl":"","streamUrl":"","feedType":"image","source":"opencctv_airportwebcams","directEligible":true,"updateRate":60000}},{"type":"Feature","geometry":{"type":"Point","coordinates":[-0.42,43.38]},"properties":{"id":"opencctv_airportwebcams_airportwebcams-pau-pyrenees-airport-1","name":"Pau Pyrenees Airport (#1)","type":"airport","city":"","country":"FR","feedUrl":"https://cam-aero.eu/raspicamaero/LFBP_AeroclubDuBearn/img","playerUrl":"","streamUrl":"","feedType":"iframe","source":"opencctv_airportwebcams","directEligible":false,"updateRate":30000}},{"type":"Feature","geometry":{"type":"Point","coordinates":[-0.42,43.38]},"properties":{"id":"opencctv_airportwebcams_airportwebcams-pau-pyrenees-airport-2","name":"Pau Pyrenees Airport (#2)","type":"airport","city":"","country":"FR","feedUrl":"https://aeroclubdubearn.fr/index.php/webcam-terrain/","playerUrl":"","streamUrl":"","feedType":"iframe","source":"opencctv_airportwebcams","directEligible":true,"updateRate":30000}},{"type":"Feature","geometry":{"type":"Point","coordinates":[-0.42,43.38]},"properties":{"id":"opencctv_airportwebcams_airportwebcams-pau-pyrenees-airport-3","name":"Pau Pyrenees Airport (#3)","type":"airport","city":"","country":"FR","feedUrl":"https://aeroclubdubearn.fr/wp-content/uploads/2022/02/grab.jpg","playerUrl":"","streamUrl":"","feedType":"image","source":"opencctv_airportwebcams","directEligible":true,"updateRate":60000}},{"type":"Feature","geometry":{"type":"Point","coordinates":[10.83,44.32]},"properties":{"id":"opencctv_airportwebcams_airportwebcams-pavullo-nel-frignano-airport-1","name":"Pavullo Nel Frignano Airport (#1)","type":"airport","city":"","country":"IT","feedUrl":"https://www.meteosestola.it/pavullo1/pavullo.jpg","playerUrl":"","streamUrl":"","feedType":"image","source":"opencctv_airportwebcams","directEligible":true,"updateRate":60000}},{"type":"Feature","geometry":{"type":"Point","coordinates":[10.83,44.32]},"properties":{"id":"opencctv_airportwebcams_airportwebcams-pavullo-nel-frignano-airport-2","name":"Pavullo Nel Frignano Airport (#2)","type":"airport","city":"","country":"IT","feedUrl":"https://www.meteosestola.it/pavullo2/pavullo.jpg","playerUrl":"","streamUrl":"","feedType":"image","source":"opencctv_airportwebcams","directEligible":true,"updateRate":60000}},{"type":"Feature","geometry":{"type":"Point","coordinates":[-116.9,44.09]},"properties":{"id":"opencctv_airportwebcams_airportwebcams-payette-municipal-airport-1","name":"Payette Municipal Airport","type":"airport","city":"","country":"US","feedUrl":"https://www.eye-n-sky.net/webcam/Payette-S75/Payette-S75-East.jpg","playerUrl":"","streamUrl":"","feedType":"image","source":"opencctv_airportwebcams","directEligible":true,"updateRate":60000}},{"type":"Feature","geometry":{"type":"Point","coordinates":[-122.65,45.62]},"properties":{"id":"opencctv_airportwebcams_airportwebcams-pearson-field-airport-2","name":"Pearson Field Airport (VUO) (#2)","type":"airport","city":"","country":"US","feedUrl":"https://portlandweather.com/all-cameras","playerUrl":"","streamUrl":"","feedType":"iframe","source":"opencctv_airportwebcams","directEligible":true,"updateRate":30000}},{"type":"Feature","geometry":{"type":"Point","coordinates":[3.03,49.87]},"properties":{"id":"opencctv_airportwebcams_airportwebcams-peronne-st-quentin-airport-1","name":"Peronne St Quentin Airport","type":"airport","city":"","country":"FR","feedUrl":"https://cam-aero.eu/raspicamaero/LFAG_AeroClubDePeronne/img","playerUrl":"","streamUrl":"","feedType":"iframe","source":"opencctv_airportwebcams","directEligible":false,"updateRate":30000}},{"type":"Feature","geometry":{"type":"Point","coordinates":[5.19,45.87]},"properties":{"id":"opencctv_airportwebcams_airportwebcams-perouges-meximieux-airport-1","name":"Perouges Meximieux Airport","type":"airport","city":"","country":"FR","feedUrl":"http://lfhc-cam.ddns.net:8081/LFHC/PISTE.jpg","playerUrl":"","streamUrl":"","feedType":"image","source":"opencctv_airportwebcams","directEligible":true,"updateRate":60000}},{"type":"Feature","geometry":{"type":"Point","coordinates":[5.19,45.87]},"properties":{"id":"opencctv_airportwebcams_airportwebcams-perouges-meximieux-airport-3","name":"Perouges Meximieux Airport (#3)","type":"airport","city":"","country":"FR","feedUrl":"https://cam-aero.eu/raspicamaero/LFHC_Perouges/img","playerUrl":"","streamUrl":"","feedType":"iframe","source":"opencctv_airportwebcams","directEligible":false,"updateRate":30000}},{"type":"Feature","geometry":{"type":"Point","coordinates":[-104.34,37.26]},"properties":{"id":"opencctv_airportwebcams_airportwebcams-perry-stokes-airport-1","name":"Perry Stokes Airport (TAD)","type":"airport","city":"","country":"US","feedUrl":"https://weathercams.faa.gov/map/-104.33825,37.06241,9/cameraSite/583/summary","playerUrl":"","streamUrl":"","feedType":"iframe","source":"opencctv_airportwebcams","directEligible":false,"updateRate":30000}},{"type":"Feature","geometry":{"type":"Point","coordinates":[2.32,49.17]},"properties":{"id":"opencctv_airportwebcams_airportwebcams-persan-beaumont-airport-1","name":"Persan Beaumont Airport (#1)","type":"airport","city":"","country":"FR","feedUrl":"https://cam-aero.eu/raspicamaero/LFPA_PERSAN_AeroclubduLys/img","playerUrl":"","streamUrl":"","feedType":"iframe","source":"opencctv_airportwebcams","directEligible":false,"updateRate":30000}},{"type":"Feature","geometry":{"type":"Point","coordinates":[2.32,49.17]},"properties":{"id":"opencctv_airportwebcams_airportwebcams-persan-beaumont-airport-2","name":"Persan Beaumont Airport (#2)","type":"airport","city":"","country":"FR","feedUrl":"https://cam-aero.eu/raspicamaero/LFPA_AUAPB_Persan/img","playerUrl":"","streamUrl":"","feedType":"iframe","source":"opencctv_airportwebcams","directEligible":false,"updateRate":30000}},{"type":"Feature","geometry":{"type":"Point","coordinates":[-3.37,56.44]},"properties":{"id":"opencctv_airportwebcams_airportwebcams-perth-airport-1","name":"Perth Airport (#1)","type":"airport","city":"","country":"GB","feedUrl":"https://www.perthairport.co.uk/general-information/airport-webcam","playerUrl":"","streamUrl":"","feedType":"iframe","source":"opencctv_airportwebcams","directEligible":true,"updateRate":30000}},{"type":"Feature","geometry":{"type":"Point","coordinates":[-3.37,56.44]},"properties":{"id":"opencctv_airportwebcams_airportwebcams-perth-airport-2","name":"Perth Airport (#2)","type":"airport","city":"","country":"GB","feedUrl":"https://www.acsflighttraining.co.uk/information/live-webcam-east","playerUrl":"","streamUrl":"","feedType":"iframe","source":"opencctv_airportwebcams","directEligible":true,"updateRate":30000}},{"type":"Feature","geometry":{"type":"Point","coordinates":[0.44,42.79]},"properties":{"id":"opencctv_airportwebcams_airportwebcams-peyresourde-balestas-airport-1","name":"Peyresourde Balestas Airport (#1)","type":"airport","city":"","country":"FR","feedUrl":"https://cam-aero.eu/raspicamaero/LFIP_PeyresourdeBalestas_NordEst/img","playerUrl":"","streamUrl":"","feedType":"iframe","source":"opencctv_airportwebcams","directEligible":false,"updateRate":30000}},{"type":"Feature","geometry":{"type":"Point","coordinates":[0.44,42.79]},"properties":{"id":"opencctv_airportwebcams_airportwebcams-peyresourde-balestas-airport-2","name":"Peyresourde Balestas Airport (#2)","type":"airport","city":"","country":"FR","feedUrl":"https://cam-aero.eu/raspicamaero/LFIP_PeyresourdeBalestas_NordOuest/img","playerUrl":"","streamUrl":"","feedType":"iframe","source":"opencctv_airportwebcams","directEligible":false,"updateRate":30000}},{"type":"Feature","geometry":{"type":"Point","coordinates":[-122.29,47.1]},"properties":{"id":"opencctv_airportwebcams_airportwebcams-pierce-county-airport-1","name":"Pierce County Airport (PLU) (#1)","type":"airport","city":"","country":"US","feedUrl":"https://weathercams.faa.gov/map/-124.92625,46.07354,-119.65281,47.72484/cameraSite/831/summary","playerUrl":"","streamUrl":"","feedType":"iframe","source":"opencctv_airportwebcams","directEligible":false,"updateRate":30000}},{"type":"Feature","geometry":{"type":"Point","coordinates":[30.4,-29.65]},"properties":{"id":"opencctv_airportwebcams_airportwebcams-pietermaritzburg-airport-1","name":"Pietermaritzburg Airport (#1)","type":"airport","city":"","country":"ZA","feedUrl":"https://aviation.weathersa.co.za/pib/webcams/Pietermaritzburg.jpg","playerUrl":"","streamUrl":"","feedType":"image","source":"opencctv_airportwebcams","directEligible":true,"updateRate":60000}},{"type":"Feature","geometry":{"type":"Point","coordinates":[-157.57,57.58]},"properties":{"id":"opencctv_airportwebcams_airportwebcams-pilot-point-airport-1","name":"Pilot Point Airport","type":"airport","city":"","country":"US","feedUrl":"https://weathercams.faa.gov/map/-160.18196,56.72061,-154.95522,58.02509/cameraSite/18/summary","playerUrl":"","streamUrl":"","feedType":"iframe","source":"opencctv_airportwebcams","directEligible":false,"updateRate":30000}},{"type":"Feature","geometry":{"type":"Point","coordinates":[13.27,49.67]},"properties":{"id":"opencctv_airportwebcams_airportwebcams-pilsen-line-airport-1","name":"Pilsen Line Airport (#1)","type":"airport","city":"","country":"CZ","feedUrl":"https://www.aviatickyklub.cz","playerUrl":"","streamUrl":"","feedType":"iframe","source":"opencctv_airportwebcams","directEligible":true,"updateRate":30000}},{"type":"Feature","geometry":{"type":"Point","coordinates":[-121.29,45.25]},"properties":{"id":"opencctv_airportwebcams_airportwebcams-pine-hollow-airport-1","name":"Pine Hollow Airport","type":"airport","city":"","country":"US","feedUrl":"https://schmoogie.weebly.com/web-cam.html","playerUrl":"","streamUrl":"","feedType":"iframe","source":"opencctv_airportwebcams","directEligible":false,"updateRate":30000}},{"type":"Feature","geometry":{"type":"Point","coordinates":[19.69,51.38]},"properties":{"id":"opencctv_airportwebcams_airportwebcams-piotrkov-airfield-1","name":"Piotrkov Airfield (#1)","type":"airport","city":"","country":"PL","feedUrl":"https://www.azp.com.pl/strefa-pilota-t11/kamera-t40","playerUrl":"","streamUrl":"","feedType":"iframe","source":"opencctv_airportwebcams","directEligible":true,"updateRate":30000}},{"type":"Feature","geometry":{"type":"Point","coordinates":[19.69,51.38]},"properties":{"id":"opencctv_airportwebcams_airportwebcams-piotrkov-airfield-2","name":"Piotrkov Airfield (#2)","type":"airport","city":"","country":"PL","feedUrl":"https://aero.webcam/cam/eppt1.jpg","playerUrl":"","streamUrl":"","feedType":"image","source":"opencctv_airportwebcams","directEligible":true,"updateRate":60000}},{"type":"Feature","geometry":{"type":"Point","coordinates":[-77.38,35.63]},"properties":{"id":"opencctv_airportwebcams_airportwebcams-pitt-greenville-airport-1","name":"Pitt (PGV) (#1)","type":"airport","city":"","country":"US","feedUrl":"https://www.wnct.com/pgv-weather-camera/","playerUrl":"","streamUrl":"","feedType":"iframe","source":"opencctv_airportwebcams","directEligible":false,"updateRate":30000}},{"type":"Feature","geometry":{"type":"Point","coordinates":[-77.38,35.63]},"properties":{"id":"opencctv_airportwebcams_airportwebcams-pitt-greenville-airport-2","name":"Pitt (PGV) (#2)","type":"airport","city":"","country":"US","feedUrl":"https://webpubcontent.gray.tv/witn/cams/pgv_cam.jpg","playerUrl":"","streamUrl":"","feedType":"image","source":"opencctv_airportwebcams","directEligible":true,"updateRate":60000}},{"type":"Feature","geometry":{"type":"Point","coordinates":[-69.37,44.77]},"properties":{"id":"opencctv_airportwebcams_airportwebcams-pittsfield-municipal-airport-1","name":"Pittsfield Municipal Airport","type":"airport","city":"","country":"US","feedUrl":"https://weathercams.faa.gov/map/-69.377335,44.574307,9/cameraSite/604/summary","playerUrl":"","streamUrl":"","feedType":"iframe","source":"opencctv_airportwebcams","directEligible":false,"updateRate":30000}},{"type":"Feature","geometry":{"type":"Point","coordinates":[13.38,49.92]},"properties":{"id":"opencctv_airportwebcams_airportwebcams-plasy-airfield-1","name":"Plasy Airfield","type":"airport","city":"","country":"CZ","feedUrl":"https://www.akplasy.cz/webkamera","playerUrl":"","streamUrl":"","feedType":"iframe","source":"opencctv_airportwebcams","directEligible":true,"updateRate":30000}},{"type":"Feature","geometry":{"type":"Point","coordinates":[9.19,48.96]},"properties":{"id":"opencctv_airportwebcams_airportwebcams-pleidelsheim-airfield-2","name":"Pleidelsheim Airfield (#2)","type":"airport","city":"","country":"FR","feedUrl":"https://www.segelflug-pleidelsheim.de/index.php","playerUrl":"","streamUrl":"","feedType":"iframe","source":"opencctv_airportwebcams","directEligible":true,"updateRate":30000}},{"type":"Feature","geometry":{"type":"Point","coordinates":[2.74,49.11]},"properties":{"id":"opencctv_airportwebcams_airportwebcams-plessis-belleville-airport-1","name":"Plessis Belleville Airport","type":"airport","city":"","country":"FR","feedUrl":"https://cam-aero.eu/raspicamaero/LFPP_AeroclubAirFranceNord/img","playerUrl":"","streamUrl":"","feedType":"iframe","source":"opencctv_airportwebcams","directEligible":false,"updateRate":30000}},{"type":"Feature","geometry":{"type":"Point","coordinates":[7.79,51.19]},"properties":{"id":"opencctv_airportwebcams_airportwebcams-plettenberg-huinghausen-airfield-1","name":"Plettenberg Huinghausen Airfield","type":"airport","city":"","country":"DE","feedUrl":"https://www.edkp.de/standbild.jpg","playerUrl":"","streamUrl":"","feedType":"image","source":"opencctv_airportwebcams","directEligible":false,"updateRate":60000}},{"type":"Feature","geometry":{"type":"Point","coordinates":[19.72,52.56]},"properties":{"id":"opencctv_airportwebcams_airportwebcams-plock-airfield-2","name":"Plock Airfield (#2)","type":"airport","city":"","country":"PL","feedUrl":"https://aero.webcam/cam/eppl-1.jpg","playerUrl":"","streamUrl":"","feedType":"image","source":"opencctv_airportwebcams","directEligible":true,"updateRate":60000}},{"type":"Feature","geometry":{"type":"Point","coordinates":[-2.38,48.0]},"properties":{"id":"opencctv_airportwebcams_airportwebcams-ploermal-loyat-airport-1","name":"Ploermal Loyat Airport","type":"airport","city":"","country":"FR","feedUrl":"https://cam-aero.eu/raspicamaero/LFRP_Ulm_Broceliande/img","playerUrl":"","streamUrl":"","feedType":"iframe","source":"opencctv_airportwebcams","directEligible":false,"updateRate":30000}},{"type":"Feature","geometry":{"type":"Point","coordinates":[-163.01,69.73]},"properties":{"id":"opencctv_airportwebcams_airportwebcams-point-lay-airport-1","name":"Point Lay Airport","type":"airport","city":"","country":"US","feedUrl":"https://weathercams.faa.gov/map/-165.61595,69.10818,-160.38921,69.95423/cameraSite/33/summary","playerUrl":"","streamUrl":"","feedType":"iframe","source":"opencctv_airportwebcams","directEligible":false,"updateRate":30000}},{"type":"Feature","geometry":{"type":"Point","coordinates":[17.93,49.48]},"properties":{"id":"opencctv_airportwebcams_airportwebcams-policna-airport-1","name":"Policna Airport","type":"airport","city":"","country":"CZ","feedUrl":"https://www.valk.cz/?page_id=9853","playerUrl":"","streamUrl":"","feedType":"iframe","source":"opencctv_airportwebcams","directEligible":true,"updateRate":30000}},{"type":"Feature","geometry":{"type":"Point","coordinates":[29.46,-23.85]},"properties":{"id":"opencctv_airportwebcams_airportwebcams-polokwane-airport-1","name":"Polokwane Airport","type":"airport","city":"","country":"ZA","feedUrl":"https://aviation.weathersa.co.za/pib/webcams/Polokwane-cam.jpg","playerUrl":"","streamUrl":"","feedType":"image","source":"opencctv_airportwebcams","directEligible":true,"updateRate":60000}},{"type":"Feature","geometry":{"type":"Point","coordinates":[8.94,48.55]},"properties":{"id":"opencctv_airportwebcams_airportwebcams-poltringen-airfield-1","name":"Poltringen Airfield","type":"airport","city":"","country":"DE","feedUrl":"https://www.fsv-herrenberg.de/flugplatz/webcam","playerUrl":"","streamUrl":"","feedType":"iframe","source":"opencctv_airportwebcams","directEligible":true,"updateRate":30000}},{"type":"Feature","geometry":{"type":"Point","coordinates":[3.25,48.29]},"properties":{"id":"opencctv_airportwebcams_airportwebcams-pont-sur-yonne-airport-2","name":"Pont Sur Yonne Airport (#2)","type":"airport","city":"","country":"FR","feedUrl":"https://cam-aero.eu/raspicamaero/LFGO_AeroClubDeSens/img","playerUrl":"","streamUrl":"","feedType":"iframe","source":"opencctv_airportwebcams","directEligible":false,"updateRate":30000}},{"type":"Feature","geometry":{"type":"Point","coordinates":[6.32,46.9]},"properties":{"id":"opencctv_airportwebcams_airportwebcams-pontarlier-airport-1","name":"Pontarlier Airport (#1)","type":"airport","city":"","country":"FR","feedUrl":"https://82.66.38.251/webaero/webcam_heden.htm","playerUrl":"","streamUrl":"","feedType":"iframe","source":"opencctv_airportwebcams","directEligible":true,"updateRate":30000}},{"type":"Feature","geometry":{"type":"Point","coordinates":[6.32,46.9]},"properties":{"id":"opencctv_airportwebcams_airportwebcams-pontarlier-airport-2","name":"Pontarlier Airport (#2)","type":"airport","city":"","country":"FR","feedUrl":"https://www.aeroclub-pontarlier.org/","playerUrl":"","streamUrl":"","feedType":"iframe","source":"opencctv_airportwebcams","directEligible":true,"updateRate":30000}},{"type":"Feature","geometry":{"type":"Point","coordinates":[2.04,49.1]},"properties":{"id":"opencctv_airportwebcams_airportwebcams-pontoise-cormeilles-airfield-2","name":"Pontoise Cormeilles Airfield (#2)","type":"airport","city":"","country":"FR","feedUrl":"https://www.hispano-suiza.com/IMG/webcam/webcam-1.jpg","playerUrl":"","streamUrl":"","feedType":"image","source":"opencctv_airportwebcams","directEligible":true,"updateRate":60000}},{"type":"Feature","geometry":{"type":"Point","coordinates":[2.04,49.1]},"properties":{"id":"opencctv_airportwebcams_airportwebcams-pontoise-cormeilles-airfield-4","name":"Pontoise Cormeilles Airfield (#4)","type":"airport","city":"","country":"FR","feedUrl":"https://www.hispano-suiza.com/webcam/","playerUrl":"","streamUrl":"","feedType":"iframe","source":"opencctv_airportwebcams","directEligible":true,"updateRate":30000}},{"type":"Feature","geometry":{"type":"Point","coordinates":[-88.84,42.32]},"properties":{"id":"opencctv_airportwebcams_airportwebcams-poplar-grove-airport-1","name":"Poplar Grove Airport","type":"airport","city":"","country":"US","feedUrl":"https://www.mystateline.com/skytrack-poplar-grove/","playerUrl":"","streamUrl":"","feedType":"iframe","source":"opencctv_airportwebcams","directEligible":false,"updateRate":30000}},{"type":"Feature","geometry":{"type":"Point","coordinates":[146.89,-36.72]},"properties":{"id":"opencctv_airportwebcams_airportwebcams-porepunkah-airport-2","name":"Porepunkah Airport (#2)","type":"airport","city":"","country":"AU","feedUrl":"https://auswebcams.com/YPOK/","playerUrl":"","streamUrl":"","feedType":"iframe","source":"opencctv_airportwebcams","directEligible":false,"updateRate":30000}},{"type":"Feature","geometry":{"type":"Point","coordinates":[-154.32,60.2]},"properties":{"id":"opencctv_airportwebcams_airportwebcams-port-alsworth-airport-1","name":"Port Alsworth Airport (#1)","type":"airport","city":"","country":"US","feedUrl":"https://www.tanalianbiblecamp.org/Images/SWnetcam/SWcurrent.jpg","playerUrl":"","streamUrl":"","feedType":"image","source":"opencctv_airportwebcams","directEligible":true,"updateRate":60000}},{"type":"Feature","geometry":{"type":"Point","coordinates":[-152.85,57.88]},"properties":{"id":"opencctv_airportwebcams_airportwebcams-port-lions-airport-1","name":"Port Lions Airport","type":"airport","city":"","country":"US","feedUrl":"https://weathercams.faa.gov/map/-155.4648,57.0313,-150.23806,58.32491/cameraSite/233/summary","playerUrl":"","streamUrl":"","feedType":"iframe","source":"opencctv_airportwebcams","directEligible":false,"updateRate":30000}},{"type":"Feature","geometry":{"type":"Point","coordinates":[-157.71,58.91]},"properties":{"id":"opencctv_airportwebcams_airportwebcams-portage-creek-airport-1","name":"Portage Creek Airport","type":"airport","city":"","country":"US","feedUrl":"https://weathercams.faa.gov/map/-157.78472,58.8861,-157.61993,58.92591/cameraSite/201/summary","playerUrl":"","streamUrl":"","feedType":"iframe","source":"opencctv_airportwebcams","directEligible":false,"updateRate":30000}},{"type":"Feature","geometry":{"type":"Point","coordinates":[-3.33,56.19]},"properties":{"id":"opencctv_airportwebcams_airportwebcams-portmoak-airfield-1","name":"Portmoak Airfield","type":"airport","city":"","country":"GB","feedUrl":"https://pilots.scottishglidingcentre.co.uk/doku.php?id=weather:portmoak_webcams&s[]=webcam","playerUrl":"","streamUrl":"","feedType":"iframe","source":"opencctv_airportwebcams","directEligible":true,"updateRate":30000}},{"type":"Feature","geometry":{"type":"Point","coordinates":[13.61,45.47]},"properties":{"id":"opencctv_airportwebcams_airportwebcams-portoroz-airport-3","name":"Portoroz Airport (#3)","type":"airport","city":"","country":"SI","feedUrl":"https://meteo.arso.gov.si/uploads/probase/www/observ/webcam/PORTOROZ_SECOVLJE_dir/siwc_PORTOROZ_SECOVLJE_se.jpg?1418215719861","playerUrl":"","streamUrl":"","feedType":"image","source":"opencctv_airportwebcams","directEligible":true,"updateRate":60000}},{"type":"Feature","geometry":{"type":"Point","coordinates":[13.61,45.47]},"properties":{"id":"opencctv_airportwebcams_airportwebcams-portoroz-airport-4","name":"Portoroz Airport (#4)","type":"airport","city":"","country":"SI","feedUrl":"https://meteo.arso.gov.si/uploads/probase/www/observ/webcam/PORTOROZ_SECOVLJE_dir/siwc_PORTOROZ_SECOVLJE_n.jpg?1418215647669","playerUrl":"","streamUrl":"","feedType":"image","source":"opencctv_airportwebcams","directEligible":true,"updateRate":60000}},{"type":"Feature","geometry":{"type":"Point","coordinates":[13.61,45.47]},"properties":{"id":"opencctv_airportwebcams_airportwebcams-portoroz-airport-5","name":"Portoroz Airport (#5)","type":"airport","city":"","country":"SI","feedUrl":"https://meteo.arso.gov.si/uploads/probase/www/observ/webcam/PORTOROZ_SECOVLJE_dir/siwc_PORTOROZ_SECOVLJE_e.jpg?1418215690036","playerUrl":"","streamUrl":"","feedType":"image","source":"opencctv_airportwebcams","directEligible":true,"updateRate":60000}},{"type":"Feature","geometry":{"type":"Point","coordinates":[14.53,50.13]},"properties":{"id":"opencctv_airportwebcams_airportwebcams-prague-letnany-airport-1","name":"Prague Letnany Airport","type":"airport","city":"","country":"CZ","feedUrl":"https://www.akletnany.cz/cs/letiste-w9/webova-kamera-letiste-letnany-w164/","playerUrl":"","streamUrl":"","feedType":"iframe","source":"opencctv_airportwebcams","directEligible":true,"updateRate":30000}},{"type":"Feature","geometry":{"type":"Point","coordinates":[14.1,49.72]},"properties":{"id":"opencctv_airportwebcams_airportwebcams-pribram-airfield-1","name":"Pribram Airfield (#1)","type":"airport","city":"","country":"CZ","feedUrl":"https://webcam.okaviationgroup.cz/","playerUrl":"","streamUrl":"","feedType":"iframe","source":"opencctv_airportwebcams","directEligible":false,"updateRate":30000}},{"type":"Feature","geometry":{"type":"Point","coordinates":[14.1,49.72]},"properties":{"id":"opencctv_airportwebcams_airportwebcams-pribram-airfield-3","name":"Pribram Airfield (#3)","type":"airport","city":"","country":"CZ","feedUrl":"https://www.hyvris.cz/meteo/indexDesktop.php","playerUrl":"","streamUrl":"","feedType":"iframe","source":"opencctv_airportwebcams","directEligible":false,"updateRate":30000}},{"type":"Feature","geometry":{"type":"Point","coordinates":[18.59,48.77]},"properties":{"id":"opencctv_airportwebcams_airportwebcams-prievidza-airfield-1","name":"Prievidza Airfield","type":"airport","city":"","country":"SK","feedUrl":"https://www.aeroklub-prievidza.sk/index.php?lng=en&page=webcam&go=&go2=&go3=&go4=&go5=&go6=&PHPSESSID=b35610eedc2b445c1d8d7477912dff36","playerUrl":"","streamUrl":"","feedType":"iframe","source":"opencctv_airportwebcams","directEligible":true,"updateRate":30000}},{"type":"Feature","geometry":{"type":"Point","coordinates":[-67.57,45.2]},"properties":{"id":"opencctv_airportwebcams_airportwebcams-princeton-regional-airport-1","name":"Princeton Regional Airport (PNN)","type":"airport","city":"","country":"US","feedUrl":"https://weathercams.faa.gov/map/-67.563515,45.000836,9/cameraSite/611/summary","playerUrl":"","streamUrl":"","feedType":"iframe","source":"opencctv_airportwebcams","directEligible":false,"updateRate":30000}},{"type":"Feature","geometry":{"type":"Point","coordinates":[-120.9,44.28]},"properties":{"id":"opencctv_airportwebcams_airportwebcams-prineville-airport-1","name":"Prineville Airport","type":"airport","city":"","country":"US","feedUrl":"https://secure.cityofprineville.net/webcams/flyprineville/airportcam.jpg","playerUrl":"","streamUrl":"","feedType":"image","source":"opencctv_airportwebcams","directEligible":true,"updateRate":60000}},{"type":"Feature","geometry":{"type":"Point","coordinates":[-104.49,38.29]},"properties":{"id":"opencctv_airportwebcams_airportwebcams-pueblo-memorial-airport-1","name":"Pueblo Memorial Airport (PUB)","type":"airport","city":"","country":"US","feedUrl":"https://weathercams.faa.gov/map/-104.49521,38.08388,9/cameraSite/584/summary","playerUrl":"","streamUrl":"","feedType":"iframe","source":"opencctv_airportwebcams","directEligible":false,"updateRate":30000}},{"type":"Feature","geometry":{"type":"Point","coordinates":[13.92,44.89]},"properties":{"id":"opencctv_airportwebcams_airportwebcams-pula-airport-1","name":"Pula Airport","type":"airport","city":"","country":"HR","feedUrl":"https://airport-pula.hr/usluge/duty-free/#MyCarousel","playerUrl":"","streamUrl":"","feedType":"iframe","source":"opencctv_airportwebcams","directEligible":true,"updateRate":30000}},{"type":"Feature","geometry":{"type":"Point","coordinates":[16.32,47.15]},"properties":{"id":"opencctv_airportwebcams_airportwebcams-punitz-gussing-airfield-1","name":"Punitz Gussing Airfield (#1)","type":"airport","city":"","country":"AT","feedUrl":"https://www.logg.info/Webcam_NORD.jpeg","playerUrl":"","streamUrl":"","feedType":"image","source":"opencctv_airportwebcams","directEligible":true,"updateRate":60000}},{"type":"Feature","geometry":{"type":"Point","coordinates":[16.32,47.15]},"properties":{"id":"opencctv_airportwebcams_airportwebcams-punitz-gussing-airfield-2","name":"Punitz Gussing Airfield (#2)","type":"airport","city":"","country":"AT","feedUrl":"https://www.logg.info/Webcam_TURM.jpeg","playerUrl":"","streamUrl":"","feedType":"image","source":"opencctv_airportwebcams","directEligible":true,"updateRate":60000}},{"type":"Feature","geometry":{"type":"Point","coordinates":[-81.99,26.92]},"properties":{"id":"opencctv_airportwebcams_airportwebcams-punta-gorda-airport-1","name":"Punta Gorda Airport (PGD) (#1)","type":"airport","city":"","country":"US","feedUrl":"https://instacam.earthnetworks.com/instacamimg/PGAPT/PGAPT_l.jpg","playerUrl":"","streamUrl":"","feedType":"image","source":"opencctv_airportwebcams","directEligible":true,"updateRate":60000}},{"type":"Feature","geometry":{"type":"Point","coordinates":[-90.51,41.45]},"properties":{"id":"opencctv_airportwebcams_airportwebcams-quad-cities-airport-1","name":"Quad Cities Airport (MLI) (#1)","type":"airport","city":"","country":"US","feedUrl":"https://www.qcairport.com/uploads/images/s-ramp.jpg","playerUrl":"","streamUrl":"","feedType":"image","source":"opencctv_airportwebcams","directEligible":true,"updateRate":60000}},{"type":"Feature","geometry":{"type":"Point","coordinates":[-90.51,41.45]},"properties":{"id":"opencctv_airportwebcams_airportwebcams-quad-cities-airport-2","name":"Quad Cities Airport (MLI) (#2)","type":"airport","city":"","country":"US","feedUrl":"https://www.qcairport.com/uploads/images/rwy5.jpg","playerUrl":"","streamUrl":"","feedType":"image","source":"opencctv_airportwebcams","directEligible":true,"updateRate":60000}},{"type":"Feature","geometry":{"type":"Point","coordinates":[168.72,-45.01]},"properties":{"id":"opencctv_airportwebcams_airportwebcams-queenstown-airport-3","name":"Queenstown Airport (#3)","type":"airport","city":"","country":"NZ","feedUrl":"https://queenstown.roundshot.com/","playerUrl":"","streamUrl":"","feedType":"iframe","source":"opencctv_airportwebcams","directEligible":true,"updateRate":30000}},{"type":"Feature","geometry":{"type":"Point","coordinates":[-3.1,47.48]},"properties":{"id":"opencctv_airportwebcams_airportwebcams-quiberon-airport-1","name":"Quiberon Airport (#1)","type":"airport","city":"","country":"FR","feedUrl":"https://cam-aero.eu/raspicamaero/LFEQ_AerodromeDeQuiberon2/img","playerUrl":"","streamUrl":"","feedType":"iframe","source":"opencctv_airportwebcams","directEligible":false,"updateRate":30000}},{"type":"Feature","geometry":{"type":"Point","coordinates":[-3.1,47.48]},"properties":{"id":"opencctv_airportwebcams_airportwebcams-quiberon-airport-2","name":"Quiberon Airport (#2)","type":"airport","city":"","country":"FR","feedUrl":"https://cam-aero.eu/raspicamaero/LFEQ_AerodromeDeQuiberon/img","playerUrl":"","streamUrl":"","feedType":"iframe","source":"opencctv_airportwebcams","directEligible":false,"updateRate":30000}},{"type":"Feature","geometry":{"type":"Point","coordinates":[-161.85,59.75]},"properties":{"id":"opencctv_airportwebcams_airportwebcams-quinhagak-airport-1","name":"Quinhagak Airport","type":"airport","city":"","country":"US","feedUrl":"https://weathercams.faa.gov/map/-164.45698,58.93182,-159.23024,60.15814/cameraSite/15/summary","playerUrl":"","streamUrl":"","feedType":"iframe","source":"opencctv_airportwebcams","directEligible":false,"updateRate":30000}},{"type":"Feature","geometry":{"type":"Point","coordinates":[8.98,47.8]},"properties":{"id":"opencctv_airportwebcams_airportwebcams-radolfzell-stahringen-airfield-1","name":"Radolfzell Stahringen Airfield (#1)","type":"airport","city":"","country":"DE","feedUrl":"https://edsr.info/webcam/piste01.jpg","playerUrl":"","streamUrl":"","feedType":"image","source":"opencctv_airportwebcams","directEligible":true,"updateRate":60000}},{"type":"Feature","geometry":{"type":"Point","coordinates":[8.98,47.8]},"properties":{"id":"opencctv_airportwebcams_airportwebcams-radolfzell-stahringen-airfield-2","name":"Radolfzell Stahringen Airfield (#2)","type":"airport","city":"","country":"DE","feedUrl":"https://edsr.info/webcam/piste19.jpg","playerUrl":"","streamUrl":"","feedType":"image","source":"opencctv_airportwebcams","directEligible":true,"updateRate":60000}},{"type":"Feature","geometry":{"type":"Point","coordinates":[11.35,59.4]},"properties":{"id":"opencctv_airportwebcams_airportwebcams-rakkestad-airport-1","name":"Rakkestad Airport","type":"airport","city":"","country":"NO","feedUrl":"https://enrk.net/index.php/webcams","playerUrl":"","streamUrl":"","feedType":"iframe","source":"opencctv_airportwebcams","directEligible":true,"updateRate":30000}},{"type":"Feature","geometry":{"type":"Point","coordinates":[13.69,50.09]},"properties":{"id":"opencctv_airportwebcams_airportwebcams-rakovnik-airfield-1","name":"Rakovnik Airfield","type":"airport","city":"","country":"CZ","feedUrl":"https://www.lkrk.cz/webkamery.html","playerUrl":"","streamUrl":"","feedType":"iframe","source":"opencctv_airportwebcams","directEligible":true,"updateRate":30000}},{"type":"Feature","geometry":{"type":"Point","coordinates":[-78.79,35.88]},"properties":{"id":"opencctv_airportwebcams_airportwebcams-raleigh-durham-airport-1","name":"Raleigh Durham Airport (RDU) (#1)","type":"airport","city":"","country":"US","feedUrl":"https://weathercams.wncn.com/RDUcam.html","playerUrl":"","streamUrl":"","feedType":"iframe","source":"opencctv_airportwebcams","directEligible":false,"updateRate":30000}},{"type":"Feature","geometry":{"type":"Point","coordinates":[-108.76,40.09]},"properties":{"id":"opencctv_airportwebcams_airportwebcams-rangely-airport-1","name":"Rangely Airport","type":"airport","city":"","country":"US","feedUrl":"https://weathercams.faa.gov/map/-108.75724,39.893089999999994,9/cameraSite/573/summary","playerUrl":"","streamUrl":"","feedType":"iframe","source":"opencctv_airportwebcams","directEligible":false,"updateRate":30000}},{"type":"Feature","geometry":{"type":"Point","coordinates":[-114.13,46.25]},"properties":{"id":"opencctv_airportwebcams_airportwebcams-ravalli-county-airport-1","name":"Ravalli County Airport (#1)","type":"airport","city":"","country":"US","feedUrl":"https://weathercams.faa.gov/map/-114.128334,46.054444,9/cameraSite/692/summary","playerUrl":"","streamUrl":"","feedType":"iframe","source":"opencctv_airportwebcams","directEligible":false,"updateRate":30000}},{"type":"Feature","geometry":{"type":"Point","coordinates":[-162.9,68.03]},"properties":{"id":"opencctv_airportwebcams_airportwebcams-red-dog-airport-1","name":"Red Dog Airport","type":"airport","city":"","country":"US","feedUrl":"https://weathercams.faa.gov/map/-165.54852,67.36753,-160.27508,68.28074/cameraSite/169/summary","playerUrl":"","streamUrl":"","feedType":"iframe","source":"opencctv_airportwebcams","directEligible":false,"updateRate":30000}},{"type":"Feature","geometry":{"type":"Point","coordinates":[-109.26,45.18]},"properties":{"id":"opencctv_airportwebcams_airportwebcams-red-lodge-airport-1","name":"Red Lodge Airport (RED)","type":"airport","city":"","country":"US","feedUrl":"https://weathercams.faa.gov/map/-111.89042,44.12519,-106.61698,45.83467/cameraSite/843/summary","playerUrl":"","streamUrl":"","feedType":"iframe","source":"opencctv_airportwebcams","directEligible":false,"updateRate":30000}},{"type":"Feature","geometry":{"type":"Point","coordinates":[153.07,-27.21]},"properties":{"id":"opencctv_airportwebcams_airportwebcams-redcliffe-airport-3","name":"Redcliffe Airport (#3)","type":"airport","city":"","country":"AU","feedUrl":"https://auswebcams.com/YRED/","playerUrl":"","streamUrl":"","feedType":"iframe","source":"opencctv_airportwebcams","directEligible":false,"updateRate":30000}},{"type":"Feature","geometry":{"type":"Point","coordinates":[12.08,49.14]},"properties":{"id":"opencctv_airportwebcams_airportwebcams-regensburg-oberhub-airfield-1","name":"Regensburg Oberhub Airfield (#1)","type":"airport","city":"","country":"DE","feedUrl":"https://www.ednr.org/","playerUrl":"","streamUrl":"","feedType":"iframe","source":"opencctv_airportwebcams","directEligible":true,"updateRate":30000}},{"type":"Feature","geometry":{"type":"Point","coordinates":[12.08,49.14]},"properties":{"id":"opencctv_airportwebcams_airportwebcams-regensburg-oberhub-airfield-2","name":"Regensburg Oberhub Airfield (#2)","type":"airport","city":"","country":"DE","feedUrl":"https://www.panoramablick.com/en/weather-webcam/regenstauf.html","playerUrl":"","streamUrl":"","feedType":"iframe","source":"opencctv_airportwebcams","directEligible":true,"updateRate":30000}},{"type":"Feature","geometry":{"type":"Point","coordinates":[4.15,49.21]},"properties":{"id":"opencctv_airportwebcams_airportwebcams-reims-prunay-airport-1","name":"Reims Prunay Airport (#1)","type":"airport","city":"","country":"FR","feedUrl":"https://www.accraf.com/webcam-meteo/","playerUrl":"","streamUrl":"","feedType":"iframe","source":"opencctv_airportwebcams","directEligible":tru